3.147739634655319 8.019956120851766 6.8559684421512435 2.6868144030394965 6.886762505994845 8.078039921377915 4.098944814214798 5.44173642524431 2.3053900482687686 4.330249794554055 4.647387858774769 6.069614046741455 8.90583505009974 3.44859478262648 1.533650299921835 7.840280962417435 8.442831131597027 7.72174378074782 2.6550146543709134 9.481105856431835 4.000351193446633 3.375058622143886 7.69057062305641 2.4556033718771992 1.2845496883713499 9.656212683874278 8.27974209469192 1.403943566344497 1.582589635029351 9.062656593432482 4.27132060733555 1.0820368611998141 7.700387144857172 1.2570673304557598 1.1921583469395585 1.986445613574189 8.303636472730474 8.799639011207343 8.715780623022376 6.686023979486052 5.527066923887045 6.525457308994766 1.700090893046321 2.0085619439565843 8.482609851576594 1.7583785773477754 1.1575058002169494 2.659298664540402 5.421617260441931 7.062334658963758 7.4145291682394 2.331865474724267 1.1524209379109642 6.9910910607406755 7.177498643825707 4.9652281796816995 2.6363589829960907 3.1682392764758784 8.987727580143808 2.9219058773664885 8.110509044825768 9.094165823267566 3.355153269456033 9.558736781532314 8.558329694719196 5.623699870904095 1.870916866839682 1.778195583693044 2.61223934360037 6.067359007657191 1.7507002532626248 8.178469360626586 5.2738847857182485 5.336482706331326 7.9583771109844035 1.872983046582364 6.719852612343958 7.251289976339111 1.3022777569554538 6.9583823085834124 2.9855090688690384 1.1060912969918606 6.956440147528778 6.9155024937717755 1.4453746417736686 1.2504380622937075 5.294327614196405 6.828219669621926 7.9939524684091126 8.278484999299936 3.5707875843869057 9.90672169406907 2.6843646024233356 9.524224003972165 9.596274026290542 4.942871296982549 3.2431947302441437 6.962307165360838 9.06258684978464 9.905935464269215
5.938047965267641 3.0982792476015275 7.397467434144783 4.301707435163369 3.5844750148621447 4.813851879423773 3.75779203911402 3.7892762227018197 9.629723962698492 5.744149361082956 8.027273741608004 8.750093397960919 8.664539981989126 1.7894589192764354 7.263816849166748 8.04894384452437 7.354370340168661 5.778885561429175 2.737089180389453 1.793469745061616 7.412827207336585 1.7808230451596967 1.107805599196815 7.733978366710432 1.5111610375164672 3.7185042998465097 4.173061996393733 9.056023233265755 3.1229763377381015 3.8161653109400357 9.3381160605622 7.488957023210581 2.5554078026847673 8.84296851267628 4.309035163341031 5.795745266072147 8.259609085014471 6.741887738373484 3.4395331463447096 9.573987660693325 7.436093408579344 3.737597778032368 1.650310482077012 6.616714117949632 4.4044260044366625 8.350482952942343 8.38985487998039 8.296062048352752 4.7506218692438456 3.893080010713552 2.5037287602990155 7.064621527442206 4.878431638934558 2.3618204719457214 5.646278133076599 6.323039242075788 6.53911673232995 7.552776013749552 5.100817355458871 3.6820370016226733 3.497020945707456 2.6178427122276617 2.496584355262424 8.45814310007518 8.780841808603856 2.668884578773766 4.9464695089068975 8.731916846980397 5.877618005208472 5.2940956275217435 9.883526388121625 2.222417698032488 7.879474312107987 5.270233772360113 8.397497284696566 8.725151609617573 7.342381987558086 5.530851493443897 6.085340123188182 2.106516367922537 7.748965409868201 8.566352511751438 4.183366680778878 6.504405714628587 2.956224152589736 1.565688977410327 5.0918035553118095 5.24855571062836 8.342247241300274 6.686244233510834 6.948626464041194 5.604362083735349 3.9991513090084845 2.0915077252202696 1.1129950777099582 5.980348035056631 1.2869626079540781 9.701500861541867 9.619154156185274 6.399576285900091
6.591789441964085 8.631303911938012 9.045364736326635 8.020309353828024 6.267053581959321 5.760192917822015 9.05728719587794 8.94293686522969 6.9663012197251195 7.722525199594413 4.437318654663903 7.2471620551801585 2.3404609172408417 9.114469547903585 5.332051179622097 3.975714000045272 2.482118676897749 3.997638505674254 1.353935001052272 6.012244994504343 4.949860614003622 9.957668141414086 3.8616191307733976 7.352773456847794 9.969006330038065 2.8227707760621015 3.185902050040849 9.117153633391064 9.737584222851929 9.131920552693709 7.944626129848985 1.5145563038656902 5.085409564773753 3.0720238883496833 2.8659115020753148 6.537197118434796 9.415934818485495 3.8252249530812277 7.7018372154562735 6.332256041483552 4.8238641103795805 7.662853308121955 8.887548836432146 5.802159326122114 7.940803467177074 1.1408099746220186 7.176439046548828 3.0656818230975005 1.2196514037961865 8.873460205075649 1.7051903718911845 3.315259603150171 9.57936186260475 1.7060286622481526 5.668021376842196 8.809706681396518 9.172047120624816 9.153048198188348 2.7555607540014635 4.477783011066849 2.7226307191217973 5.4749645157961595 4.268374705122898 6.32370433207649 5.499818590949114 5.05581064783301 4.410703353899897 8.292994707180029 9.111242870612235 7.585878931555133 4.4952572377699 6.19283641321897 5.8600887624464155 4.837330220711586 4.062531067690276 3.9742962855986144 8.766931504642201 8.564998775367915 8.981405471244912 4.852131951512318 5.882070115011237 4.21275664228452 1.3234043650130265 9.46505470800904 3.0926030468903223 2.5502243577990553 8.879146989609136 3.2095303289416925 4.191118833042438 1.3000313328309296 7.9677750860796674 4.906607818024402 6.828319755906698 7.184074221936156 6.528869940046569 8.71775506134107 2.3266943525262467 9.157989873918396 1.1244096356961946 2.1488906746349956
3.5398874666176767 5.043824575828639 9.155494908521325 9.407428810939317 7.91901872630325 4.089428098399062 6.656307538194634 6.670530315256558 6.728749417179627 6.875516755066495 3.797614295512542 1.6503866224744579 3.03820324129574 9.727951356939707 4.6639225993901405 2.4055783231164494 9.196184526978033 4.027655462483741 8.301815239114392 1.3508431520644557 6.183718595601301 9.128912840365569 6.943377597834168 5.615480003510364 4.576007697298962 7.920487001914193 6.566926486159128 7.108796603891922 3.700019360384638 7.548002855767645 2.801423662075055 3.564049793596067 2.504927228245544 2.9071469182283645 3.5382668277136267 2.3444013583235273 7.8833067075005285 1.9998188973782434 4.778053289505463 3.0128175103079964 6.013345844542946 6.591408485814856 3.139058634424819 9.15692994278152 4.876297052056758 9.025449027882466 4.896627286825588 5.673606975203499 5.950235230155504 4.232760414216369 8.315645290105609 2.946298144453961 9.268863691215513 9.337106695796896 3.8053756081986756 7.026533023665544 8.702975014931251 7.004855676474955 5.347289905645333 1.7005703894113973 2.9192615985192414 1.6947342687166091 5.7322695458618655 8.601739085937414 1.01089522244082 8.947074954841264 2.938954044029433 1.7810264173134343 9.027869385557807 4.519716511166679 2.721718477624076 6.918102858399943 8.816403749478521 9.481417559100354 3.2808494875640357 8.111458551438128 6.066870307542924 2.3064581547702248 9.756286176717355 7.979690812993205 9.00523983364826 4.289978694125454 4.677447537314281 5.499911476845273 9.423569995892215 2.064363323684263 8.129083125906286 8.389967113608929 6.247797574697055 7.299607984343386 6.267508300826599 5.901056697205113 4.381148116192481 5.932508067751177 2.137966772357355 8.861764572920826 1.4763369489724436 5.1507710974419565 3.2929471792905525 6.628190622477065
3.446170619283915 4.671902785326006 4.3865078985205574 6.478642761125987 7.9460265843715066 1.2592816020281692 1.2573946873901245 3.924579351758018 6.904374799274158 9.821497189234574 3.1748353002895864 9.16474666851072 8.223040193019317 7.470557637910902 9.27689566680423 1.3619238128392952 8.680197298117562 4.410046821579819 7.0382413906675865 7.061484469719514 1.2762514726686822 3.05980762137165 3.6909579414636666 8.273456030251024 4.34563227217232 8.786296895132793 7.618125274871509 6.6293670718895745 3.1401919132162655 2.1050735639911187 8.710972013023628 1.2545633534851097 3.4097102690050676 1.6460950639525045 4.239182015307583 6.6358683240171725 5.8394034220981705 5.828087050855621 3.134299739152381 6.015651739066945 9.633529654805336 1.9522354246186315 6.674728638653415 7.223667676500517 2.927538854849872 1.6785050308225742 9.08745500608713 6.281401151333579 1.2743809077840718 1.0463109853361643 6.690542419157231 7.149922536465911 8.68249630823459 6.297536423939782 8.26895631608372 5.94010533416248 4.6931959158985155 5.146511485538768 6.315965797846559 3.0047947322122863 8.083823407192455 2.7892901505243404 7.223960898942735 4.454442238747072 5.293572439830343 6.254030037913806 2.2624930176473446 5.613048598900335 3.0502835431527626 8.429546638641602 5.889477925531733 9.355579402354076 5.500762180648784 2.9504519659113346 3.6941769547446124 7.574633152516577 4.814453178041367 4.434536694570061 9.027599503284893 8.434906748534848 9.216850102294252 1.133244210516587 4.944721889275028 4.682034216450864 7.905176419750351 8.128975603180537 8.41502936278096 2.4831293806989096 7.913154127995139 9.405243696136719 8.475136322268487 5.960698335020094 8.090300568734602 2.2631567862339694 8.355104532425052 2.278021775090562 7.122681743179354 8.68227551677209 3.2372613652936764 7.680791873479734
7.685436760521314 1.165089081934254 9.280728267612755 7.470601739448912 9.759077231172839 6.6653273080547795 5.531896295474189 5.129427981738602 9.065056711175014 9.830531295290566 3.5645939015702965 8.167804172491518 2.70121382558079 9.295984065623662 4.793340957242897 2.6483358030377344 4.689413692004414 3.263824942587447 7.829117923970677 8.923217498515486 8.85764422665273 9.222454751433924 2.3771966486561933 1.5775510286175638 2.903162909603445 4.6086379555600825 6.7527001079234115 5.197524768163891 2.18572380793055 1.8849721122861822 9.978083157517098 4.773580315937767 7.4264065845008 3.089514074970503 7.8117181107588705 1.9656552326308698 8.3118541255535 1.6724160867723588 6.754997940709026 2.751032063879587 3.079551840606334 4.109092342827266 3.5645772358011696 5.124478387586877 8.608525697655121 3.5016625923277056 1.500666867519079 4.862320388310735 6.091639522087568 3.161558482667765 1.8049853346640075 6.1126420476076735 6.827702343018752 1.4000373717072734 1.6710213873064133 4.116997106318933 7.170066084434216 2.907682566654757 4.10392233536615 5.3611379451410865 1.2890413637722133 9.065733738675956 2.1843518969935145 1.0228586254196184 4.9652254862492295 2.437297044459804 5.345827863511009 3.0890077043398634 3.7340439964727574 8.187135065870578 7.1166538774616654 3.8760057733720847 8.01662628322428 9.025530427019577 5.181149997152376 6.513658262745606 6.236422660067358 4.164591341313132 9.95657352090465 4.099582843498471 9.370432789771165 9.043493001472799 3.694378690287738 9.074684924430573 4.78510752464177 2.466857004663186 6.4519602826227835 8.367313545157003 1.2473452133830758 3.9446773237082033 6.028371563170447 3.352439200224685 8.829780066246224 4.103556099928182 2.5429758295157634 5.5351382797333155 1.9533433860829885 5.838105279705448 8.523641094596385 7.579744743447748
5.47797786733973 9.248415633117911 4.524539891844496 2.357625180882625 4.370326586449481 3.873841392835498 7.116599360368254 1.6778603567671821 4.163156919630156 1.8647947697269922 9.163231590859318 4.644904596253802 9.156304734778846 8.425984406992837 4.41909543889861 6.317763625256877 7.93531395938305 7.29903592452554 8.109782511710339 2.5581568974307682 1.5745196661955356 9.144404299765334 7.736419642424265 5.765313622260198 8.565208951217537 4.856511623658408 7.0406522359437 8.393288580963805 5.157304791138894 1.1611822074770919 4.017231115202086 3.5050049693326204 5.725658752700661 8.179494520083763 6.897315593800492 5.6822616181576135 1.4752641496128822 2.7808549076262272 6.767280166427959 7.373143176076056 3.3907324144789097 2.9612233368396854 1.749212787311096 4.31652334304176 1.275631874294085 8.52542400411857 6.6843159353534105 1.640278251946751 4.793098178580775 2.923150513459316 2.274039596539823 5.146342332262294 7.149129779061487 8.59690693205895 7.783996834088025 5.310810209193453 9.80377623749038 5.1406381177518945 9.687200337745383 8.069879971602063 5.637641344559848 7.571866517102169 3.5667564729471133 9.28423590614695 9.365038232908397 3.4618082264503647 9.188323154974723 8.965918568716216 2.03060533956565 7.339071987770388 7.8858043553033585 1.102020189918023 5.688585717638838 1.685189061089487 1.272810755838821 9.923769195806429 6.1039954276887665 9.949682522470589 4.893079490995762 2.5905642688470625 1.0568439781450052 2.389788056051601 2.227533709264746 6.760680822393386 2.8681623863882697 1.9982788144068495 7.142441522204389 3.012511210923634 3.7928381749093907 5.79428620035746 4.858173930505481 9.66214102747942 3.7028480528528673 3.862443347025748 8.256739355288296 9.984464067052903 4.72494533277106 1.904917129776615 6.807649885186342 8.660308680385512
5.699783267467316 4.90407999163448 9.538866985982141 6.356060270049271 9.367980481369694 3.6970750257483718 5.827807041782487 1.8609426220325458 9.530965959782685 9.23857609197046 1.4147621594560673 3.737559326448581 3.761613576871041 7.642837168053306 1.6829337499818766 6.415818275733781 2.482955509095113 2.468311901570695 4.627872863498516 8.760288038220882 1.0600846330524645 6.931980912255815 8.537476841822546 5.88691372161025 5.968673525772229 1.6299444407081014 4.714297986540144 5.524472388095628 6.479460604966561 5.834473299050517 2.729486947356065 7.922110488771394 7.664728557556507 4.826081199633155 9.315310209607429 7.749819323168587 7.531276621227682 2.53934284546055 9.807482805596678 4.056887497532301 1.2077562567500002 4.6228806759096 3.167942844094079 8.904717768258859 7.106466170382352 2.6029392652799737 5.695081439785415 5.312876675863555 7.805373985644415 5.340155761290555 4.5416507954905665 5.151865471868385 7.263137126925814 2.0860488364746503 3.0276926440385954 7.6695400436301515 3.903558300088846 2.7560111510499836 1.0138988266190847 6.877594104467331 2.0130643938907395 8.622983951219872 5.9365673333110704 8.722235288809618 3.4530886572947255 9.52382730385225 7.683515666383737 5.251885019648526 6.109563351256358 2.727459852350793 6.786283740234072 1.2153933824392018 9.760912132055859 8.797476958659313 9.062247690440064 1.9695741728649165 4.98113448790885 6.513500869267176 6.634998428327757 8.306272711966823 9.181550871346259 4.077047707453929 8.430036201975955 9.52047587493232 8.730473652896466 2.610615274736884 4.031731675992646 8.894277466108417 6.357547670868523 1.53516925079097 9.962821789237207 1.5216150324046929 1.5174503496816971 3.184321932275645 8.684987530583877 3.9245982248647184 7.745392064535874 3.5342076068410204 8.1842238564134 2.87215175394718
8.615661937279757 2.4222720175797323 3.7415763509778026 5.955519311635687 7.805265103207407 8.020799141649881 7.140385872943417 3.261971594004071 2.8457863224570765 2.8511448294877804 4.152044388595647 2.3797424979868005 7.547887891431364 1.4665675729510124 3.1119345583820754 1.0063545773687408 1.599325878253981 6.25068371690519 5.97340389008451 8.977384359544079 4.237315788929254 7.168723991942379 8.996909850215452 1.5429651101007695 2.1258198738705745 4.24971253280038 9.616021793654157 8.622916651992778 2.212982436163137 6.015309731306158 6.7360250258286385 2.1949909665065865 6.483019271408171 7.668224282166166 2.6004717163111075 9.74235828378808 5.92753886689585 2.7167366236885004 8.91895815020704 7.795935080370055 1.4060473369467412 1.1864967021980113 5.388691080819718 2.896757630204968 5.661822018973116 8.340570309554423 8.00794789808522 2.7817578552462225 5.787051031197873 9.947923589978743 5.873939806258108 9.850128310652801 8.9970626476089 6.022556858582954 1.316181999238112 4.832174645244882 6.899326524566823 4.406258380463356 5.81083240305386 4.217481115290864 4.804832100972886 4.577609673303147 4.970089303792477 1.9792239727584153 3.825615371298481 7.6992252819933125 1.9078468109804998 1.8729418201582635 1.765572134205307 1.16167487400844 1.554206438644763 4.435914578417448 7.386904097211358 4.9428013319401565 8.150548266958468 4.568791479919885 6.916275736805368 9.847655540589665 7.008113676268117 4.101817580045102 1.932588184127504 1.9355287642230619 8.62549179559911 5.257429843773637 2.747341281416956 4.350221803033576 1.2250688455648033 8.09884524497172 5.445736585510137 4.115063582563122 4.92025030901128 2.446539690865639 7.5391786943835 5.774480119290899 5.003198912345058 9.496455177076701 5.19914414591061 3.402493235850793 2.493892740749444 4.10755920601377
5.177655228076716 5.776490501734696 9.970504308432492 6.814375732241671 7.846733109452752 2.8591855154789494 1.0438165402815796 7.193127917771501 8.020723540953972 9.231989918142174 2.2789476111960205 8.676035166189422 9.200730427786477 7.187199112656354 1.5932267031563505 2.870307151147065 1.0118885266476259 3.4177874689890504 9.509519653263718 6.12423201210836 1.5591730009194171 7.495510715455647 2.390121755777013 4.118136192306983 8.634506652199168 1.386067319947828 6.044704663950546 4.983130326142005 6.570067001732171 4.605842012945606 3.236843235182 7.866256870651833 2.805339663096426 6.080095759672599 1.9912778461309792 1.322155096668923 3.859501107146116 1.3677709560447946 6.4503513998758 5.877542263719191 1.713080632002009 6.057833178782848 8.982994959465397 2.181776610712064 5.724556915921159 8.888476977360428 1.430417775978481 2.5982980941146656 1.172919661812251 7.090292145376901 4.59948958113494 1.5725664119304805 7.78782602643114 9.592153555902843 7.207792071872278 8.03699725675585 1.0764859132018776 7.915837920018564 1.9557425192015727 5.871394431546638 1.4472053439813766 6.864172271288668 7.389622251990248 1.4048770777752924 2.356074375769002 4.577298744878787 9.809060219952753 2.277334366654037 2.356180465939016 9.11230945514814 3.1234675950887163 7.8516277521186995 3.6006255186022598 7.294193721710898 2.027982991473241 5.562415620333193 9.395626897195104 9.724779700287181 5.895195930509085 9.492410373414977 3.234761709578486 2.807022527998621 7.205148881983928 7.41694932643054 7.872864256527237 2.8127084244915923 7.948251100373773 2.8904621129450176 9.211086149871099 1.1066115946277748 2.4287665814051405 3.9435608378135107 6.714904556577114 4.99859061752918 5.014867497738111 8.953413757162828 5.683698118056747 6.471535861551863 7.099444729757982 5.405557906530335
1.4906461245751819 1.4116497058484498 9.030338929119491 4.56859748796146 1.367493476636533 8.630315179060394 5.330206092279181 3.1798832682541986 8.25095509363401 2.666093908791784 2.199332492924941 5.497698683164048 9.39572336752357 5.6227207318473535 8.938686595986912 9.09649337408716 6.8205233259295275 2.132682566773896 8.033518716516962 6.495626850021709 9.164580207208994 3.588041456596399 3.2905155429134716 7.93061144296708 7.576314122217923 3.8204552257380375 6.460845535742732 8.48963216252438 4.365131171663636 2.3101979830659976 4.45064373505587 4.001822817313718 6.818906334686157 8.196840658498163 4.578387659819998 3.0722139059342126 5.740886273660379 8.4631371179294 3.7078540645120697 3.297752384517888 2.541443704590371 4.209502646699811 7.317192151804302 9.760826326752538 8.985450819945685 8.702492575403713 2.7817851123074844 6.610932080786721 1.4597656790992333 9.525988840918615 1.8570233519138275 4.0101392084807745 8.71452146673 4.811106150862457 6.319147723978707 6.82483345238594 3.1026149957711664 9.325677237859491 1.0631218201097967 2.8945617876675653 6.844385639803075 7.235929104384213 6.255701545524112 2.851619259429585 8.638159446476589 3.544559808464587 9.00531098683614 3.467014989407333 6.4794668211728546 9.448944084485342 2.5394199686337786 3.406838106094309 4.276743951562919 1.796187098360075 3.9820345592391355 4.071753511119051 2.544291898154764 2.296174730224841 9.432641205146577 1.909418194596331 6.028790298153814 6.395153574384782 9.774389040741568 4.857031048538863 3.847466511801747 3.633718133362481 8.415635312235601 3.437298875843564 5.943414104040919 5.137637367812402 5.956313785965774 8.475659310331329 2.1668380126755733 4.219567222260833 6.9828700352110715 8.437288598757778 3.592144200930397 9.80691040928846 9.2962752344799 4.744301966927636
4.79467533092023 5.171481410853469 3.05463690844808 9.36579160624538 5.334175551135623 8.528771549185356 7.198651522893138 5.448204141956467 2.546480625437804 4.226649417529126 5.808984393587464 7.022567151206103 5.764628059616745 5.070261030145643 1.7406498012221898 9.540441517211013 5.953738028934051 8.513353106528836 2.8729602151682254 1.7743255523038943 5.450247918760317 5.7347373864681614 4.8762012587125705 8.85124086450432 3.468453014727392 5.8353654909117925 5.917028444203105 5.163257803393057 7.6526285171843025 6.277163307980539 2.482693213377906 4.301410115971496 3.3505054655577253 6.831479594712555 1.2601784133133598 6.195945496713163 4.59689441136125 5.094370699499935 7.28257345847879 2.4893701614900534 7.705126834619565 3.4160957399174006 7.589909809311912 8.300934485643282 1.4011819956915463 2.849281206997362 9.012527854127729 5.820753926149352 6.4431842298330295 5.761722221165362 2.100150718254438 9.331939316398863 7.133417790842652 2.0688786571178786 1.4007432919755896 3.117199810580587 2.139107662950107 1.1580642694840417 9.228990222707269 2.225228498482004 4.480788460052406 9.006125403074208 1.6636084804922493 1.9391113377135492 3.2691911615366847 4.134084381969282 9.453750472904943 3.365665976891572 1.9922769200455814 5.377911157624997 3.967316035305698 1.8600015336856721 8.482453558977738 8.550921977619378 3.488288096803693 7.318078721177997 1.1148348467518159 1.934689733637645 7.240852105020893 1.7044987331807815 1.3170710719999996 4.2623457971298855 1.2849651728881741 2.4752611310269375 3.302883972466181 6.404471603907764 4.115665461577547 7.989700556152482 6.326084881261165 3.8496125485282136 9.003330468025114 9.754201737301994 7.529095389924162 5.1075819698309 7.9906611474375895 9.723543324108723 5.927416884146302 3.7331284573517696 5.026621800752025 5.013949281659333
7.802942970143841 6.389323219998645 7.839255241186093 3.523835716317151 4.564395890150987 8.297302928425223 6.015378048055031 2.145406426637731 3.930581762803824 4.344068560028883 6.256107229866473 8.200389339143253 8.555004495989271 2.228122291178333 2.554433110504032 8.960725145024007 9.84004461632201 8.219836505436247 4.92138425006233 3.3294543633974434 8.780329825266739 7.4872423101791705 7.15642773818961 7.913833972294842 3.8233319792304417 4.017882576667824 9.09429189902951 3.700875127601128 3.7592825509271997 2.4117704046237347 1.3772386043130682 2.311252876615384 7.069163030835371 2.1787601226436446 2.0103886347264024 9.46679816066405 5.919270004199321 9.6060923862568 5.626087370293027 2.3665857201057072 3.117490342356656 1.9096363294467267 4.191650184829665 2.333270890210505 8.929262694294492 9.188043700095786 8.666845939944693 2.079278356142615 6.883067346592376 1.5588784729381753 6.731107208135027 6.6710657671196545 9.201964680602035 4.99641378940194 4.259240850113988 5.908283739598817 7.639312002667405 8.90501002780235 5.3057482567669005 7.726319274081225 2.9418777274914025 1.4526778150495843 5.3996829244620175 8.567240939935889 4.026509786551078 6.512488000965997 3.5044332525183837 9.88359422609621 3.473153553331552 5.8146951067903325 7.473137317396255 1.2663039638022595 6.934323890686324 1.5867473250614972 2.198177972041198 6.585891563429975 9.985224710743335 9.638535265104272 5.405608425505459 5.545215221698033 8.131030588025247 4.34957747796575 9.977461318125421 6.010542574541155 5.178633103051904 9.499939942748718 4.0585199060220765 6.377858026328468 6.9176362388321495 4.9959807921492 1.286586403849007 6.293838761323571 3.10735165455712 8.448499118678422 9.68051537949784 4.742928412882103 2.073149182290508 2.2783634241321145 1.5937716389319052 1.818481864193316
3.4897847230936443 5.09267592344702 1.2169186874741111 6.659012178009344 6.185893532868365 3.7478345769818917 3.333061946188729 8.435738357203174 2.620031387472922 4.333003102072267 9.132979541620353 4.2838719862317935 9.78559006049085 7.548921502244264 1.2926015468348946 2.1734206836172465 1.4281450454380353 4.822362782236646 6.786805945625667 8.4895577312188 9.224852736741054 6.086558928873697 4.682396728341523 7.43951802560173 7.718657818776414 5.550558705998116 2.5965939098075905 8.799874345856345 7.05834724533067 5.565952884437609 7.029175020182373 4.5554346288529555 2.234172933918116 3.8375723506572523 6.525808773313698 4.460508222974351 8.502072078441532 9.385593561699864 8.681755909994195 8.930287292569956 4.031313629133356 2.2134369750340173 7.613768251164651 7.070203887451973 6.0949472736901535 4.167285384465524 2.410221610777839 1.2068544305218116 2.222555915872098 3.183159593619993 2.882920759740091 6.621953234454312 4.172892260925652 9.96996391096217 4.19808476380733 8.660317550653257 1.6522352577597168 9.667700918293756 3.980935163883644 7.201975111829435 6.213906126243617 7.5129694773760365 1.9391545968182666 7.661267472694816 6.567789216884572 8.650134078729135 7.038860166050094 6.603030943065006 8.95943314731993 7.007008831800272 8.847811874259275 2.1504545219320725 4.578846792809572 7.165879426730534 6.627929256810223 7.292625227859453 1.0865467491543868 3.9629496486744955 1.8494483060065647 1.8309903748236565 9.876513755068109 3.89422759910432 8.28710065174991 7.155321549562541 4.470150628339178 4.429914716859663 9.054604305242064 5.77867629371451 7.177116933816551 2.8188582175531494 4.527590277214217 7.809148668085036 9.654988901520111 2.961358877238028 5.314444604613179 9.107905532724393 4.868898642560763 5.524293039813019 9.503538435852459 3.709683725765686
6.32754461077382 4.084110715656594 6.879627292497898 4.749862989171018 7.1981528524409315 4.097617455690236 5.117064956972226 5.918973681482157 3.3606088985769174 8.547400298527009 6.870429824452604 7.490401509973601 6.966790939463869 3.704429097628219 7.367594382623864 4.418264360834754 8.96982480192484 7.719125519642114 9.151644051030905 2.8575516469644846 6.475957492647815 1.854564583709403 1.1629398245945692 2.5440309688556573 8.186514719928395 2.5938478385029304 8.591197587841474 8.937905300730597 2.9155037247792697 4.302233322793039 9.295357198175271 3.916977107409202 4.7192990424267025 7.815860647256464 9.731262574073698 3.265349138222952 1.8233238627355854 2.4337557269199923 6.050546660555525 6.173841967712955 2.331707474651432 2.9938177794503504 5.464595291510105 2.314172571717854 9.132384879175282 6.575692900420537 7.63111201589976 3.2778282710991498 8.04083973504294 2.357047708943287 3.417673203400386 7.787550844026494 6.2897767714974755 6.427089883623275 7.845889168173955 6.975607999842616 4.445694702508183 7.531445171315854 1.4184760555003528 3.402225131800934 4.688264661321826 3.8561269981126776 8.779773671140536 3.7732316842387412 9.090493725940219 9.914849310498418 2.7274771489247374 4.180935471883792 2.049851682544723 7.898559726647374 6.59089219956309 5.344590860371076 9.770445125806976 8.156594644615797 1.1053885378430506 2.253401817063631 6.551534847351245 5.265795495776185 5.658088210894924 7.42515604055311 8.761870566959969 4.644681503217123 5.964126816653676 5.88426394231334 1.814554409025972 5.0119409432818856 4.831607647192663 7.017193586021109 4.557099368633458 5.439593907402506 9.591010942779373 7.401538089436873 7.832356310420999 9.160982022693894 5.160570816861988 8.322223493288854 5.710205206079719 1.0275222908623043 7.6341322893817 5.490906916624077
8.559709402037251 3.971799964634425 2.7087072608705527 6.234269227153143 4.092079240649644 6.828289467690751 1.6399365845842144 5.465717857833642 4.8287807498371045 4.077601374546181 4.70044117691751 7.097710037935079 7.730690118191131 6.692783409014486 6.406102172784259 8.07269022407112 7.930769268837605 9.19507270787909 4.5735274232340295 3.8466732741256116 3.049173942120487 8.604361186234131 1.164632352269017 8.576982366622603 7.893947070745554 1.777272618889961 6.027662374542769 2.309302380759152 1.2324888592566905 8.61077549870408 5.787882829117135 4.122408785162558 1.2113406587253819 3.3293161106707534 6.998281134015966 8.325682062515053 9.676538543314818 3.442065151545176 8.233371986892315 2.099857097476206 6.4634945816739915 3.1185676534595803 6.457460822189993 3.2657954099887516 5.209360402987919 6.514184501990932 5.99516772116708 9.313491520058234 1.8466702929926804 5.036067472613317 1.7802387524717789 5.7835708512814366 3.6314278454270186 3.7884029860876893 4.879396175510713 8.57954216218617 4.511911217351521 7.983266197105341 9.826717885614205 1.8619298995131692 2.223947245807147 5.582631666790066 7.852012430448866 2.1527455048025486 8.301049128331373 4.6039115316564985 4.752028429165711 6.882628309427076 9.96563801439359 7.565038423955797 3.0691484022889197 7.8953769218749725 5.804054657602084 2.3437753055537076 8.632026824124003 2.2190217045839162 8.111133642965985 4.959322204703463 3.179900164461401 9.115786151788786 4.598203157846202 6.00770495088648 8.247403700944666 6.888812556601856 6.636695638343884 6.438173001583486 5.963752534151315 5.438825790084764 7.112535761980963 1.5416391021527027 8.207274976150938 6.578369956261236 9.655867004449421 5.5358897156047355 5.271930367160341 7.912919648746531 9.00530202504845 6.068572926676791 5.957166865492046 3.731104572784064
8.688467464336735 1.632690612977363 9.278689512724437 3.307534435714154 6.897349099267268 1.3200165457719795 6.10864270573024 3.387654205594755 2.027217143470686 3.5251899019120594 9.70790222406733 6.052880885081256 9.33931720495159 2.934797580067251 3.348489893995886 1.763673207283308 7.966790087123371 3.370593857070875 1.0165801500296623 1.7564373026770306 4.298339633299722 9.285758999300654 1.456940776436597 9.04593250923445 7.775452386704514 7.6581225375774435 9.749519079067985 2.2234700657268625 5.569166438965675 7.213882379212442 3.6440571390214958 1.5994564213377458 9.77203705913364 5.005556547791577 7.164398975951759 4.328151130897988 3.236293291068413 8.393602303683643 1.2483488744614268 8.075968182644335 5.725494870724365 3.2472805049253974 1.9155621694672598 4.131203744431407 1.1104110848331281 3.917676517030428 9.281170037331593 2.363101986392335 6.728644761599106 7.290736668754589 4.326857461378197 1.0569422573168619 5.028131862222569 6.915560080606568 1.342403132676766 9.348246653962192 9.690650533847784 2.3038119584815755 6.552555654419912 7.667077374203676 7.732683817990891 3.5966564397716185 2.9726148277071145 1.0024504270101824 1.2618390711187029 1.0316578156778684 3.9485427899877377 7.945876527071622 1.2335896579173093 8.708623982329886 2.9215397403353665 7.1043511918254705 2.4860725624925033 3.5696781041025467 1.6957614027594632 8.70833210222587 9.103953782188157 5.340501838945478 4.325840365947141 4.2783034562893265 1.5494544092975875 1.679144906182513 1.344806505929256 1.968501259332608 2.952972725153644 9.864660080381277 4.726075519619327 8.639365091326084 1.5870895163145875 3.244280753634957 9.678709049226317 2.903325840130952 7.947232226635794 2.9148435415355913 4.216255587467382 2.0185980900363143 6.349364302378073 6.835428135829121 9.228931470008602 4.754422630348723
9.931505059658361 6.543933768409929 4.1841683399083145 8.839871265145526 1.1409757918344194 6.451677630540316 6.82510266830655 5.613125407042468 7.918693888134167 3.9067115677025246 8.37812786166879 7.5784005286224465 5.257320507121496 3.5015249562761337 8.565258508443021 6.702968689927651 7.108410896669774 7.844264401792959 7.880485289173896 2.5958331958035306 6.3002861071501535 7.059272649134771 1.1801599192065804 6.753370424068654 9.519338591005967 7.518020015676992 5.59545101148931 8.261606739994676 4.162603224074541 6.238635717561863 7.353083028444258 2.389579076062674 3.539053032869291 4.867363127241048 4.713094554363219 9.403139839506908 7.330798374559869 3.820207003424327 3.33307930171195 5.615036047723874 5.789143516491299 7.600008674056368 5.664905354682289 3.650595819560066 6.572215049930018 6.299797411281454 8.770852871185578 8.661819134471383 9.895154194749198 4.8699180705870075 3.4331163495391808 6.174186778899691 8.661195677566763 6.700771094754344 8.579420301734993 5.843068163378518 3.559228301238675 1.5949503231688384 4.459017473484905 4.940285585482941 6.658491234512906 4.36189255749696 2.575928868784572 8.5627768019422 6.795582153105691 4.544999047851946 9.58618401537317 9.687228407802788 4.051165735144034 7.959266604277365 2.391234384776704 3.9560712428258946 3.008137217361277 6.4838429807268145 9.372257805660503 1.5664846346103927 4.356622345320909 8.226698175067192 7.313753376257978 8.071244880088331 7.12983301281154 8.558415986696323 2.7809285731707067 4.784067580551353 6.4325970332147 4.03728090171679 8.923286463291154 7.74145872625398 3.593488069202689 2.181092730495787 7.5988932740174295 2.72208493396192 3.8783233439525366 2.3632272334993663 5.4609454197930845 8.248570054685029 2.9992441878649077 2.0851832359712077 5.639481848352024 6.088161646136148
3.1319726154395413 5.638491999969493 4.339346325405771 1.3080532320876033 9.444113084736598 7.859444233590135 1.2555138641861743 3.97352299990373 5.891065974063282 4.779529161335528 1.4028096667758767 2.4779765935981706 4.633040398997107 2.347750726861684 9.309668959208917 4.718816826731365 3.2810771323010055 6.158574611539347 8.864234122456544 8.592687318741161 2.394743653293445 1.8908011741416024 1.995328509179213 1.9637105546495777 6.509682402593345 4.823984907769998 1.5736245486710287 3.114258511951755 3.04996038238152 1.7386985866092588 5.124928212916748 4.378699003640714 2.9294381947116293 9.024297974662915 9.818107808800528 2.7855250263678077 6.335176762252886 9.85312856589414 7.793120377339442 2.9112040943586908 8.227587006193716 3.075392079486623 4.052483635534701 1.905043997262192 5.9281463715816605 5.09618431500492 8.41000652179625 7.13868865964919 2.7705557992027185 5.73683150917102 5.228708175921327 2.8919707837563533 6.674049339455837 3.5888765481734404 5.710546094119432 3.727335998900602 3.924932965103385 6.740569573228724 6.005905853126069 9.310554282280677 5.2546215414721225 2.5673255904641787 4.019630928259563 9.147199616653728 1.5052764521708943 4.222124849486015 7.10628566730981 8.98721376254946 9.400785916572865 7.1489126360329855 7.47199416523211 1.87560902211627 1.470829579477463 7.799064742596501 1.613691017488724 5.655907910178934 4.191307326876356 5.295296196654118 4.515244464239711 8.454243631388064 9.648769512055027 9.563775178510198 7.5234309858014505 9.938268386466527 1.9854180507923096 2.4422155891299395 6.607499040956385 6.437201988410103 3.7358302633030798 5.35444738178875 1.054462990847298 8.290683209071908 1.6522989540205577 1.2520338439877166 2.9921242087527213 2.420589087453494 2.35587188569003 5.714227259644316 1.9988810851493746 8.38434503980201
9.624442347382839 8.431152271189363 7.862474990535094 5.198012822171552 9.797302678525876 5.1391282382716055 8.659387444224786 5.929054277033032 2.3403377894325477 7.8113433706036535 9.93604988448126 5.939940565058505 4.438369175577194 9.73137643410665 5.117331398504186 1.6383101562767466 5.916159838294617 4.446945139280837 2.5002581392496968 6.617570250455393 5.876060987215376 6.473605071789627 7.594102295181286 8.886114597806525 8.955018535383669 4.4324838281435035 4.638939683537914 3.5326864099805526 3.054457898321333 2.5422158238052566 6.812546821324129 9.241337863417037 3.898133613106645 9.65837878327474 8.648280377989972 3.310554217449151 2.0778454956720154 1.9241111472252967 5.242702397792016 5.305601687703556 9.91705989101655 5.739444893664368 3.1852339117968627 3.648712766055402 9.00898525259481 7.594055345776156 9.951541956190697 8.52261258897775 3.1707514954879716 3.4320492057702885 3.9154407296706166 7.218571467298874 9.493199523932807 3.4668301805978032 2.1073158567885573 2.313299927294681 9.013209938495718 2.9580692693400485 8.979798826304172 7.498945539414593 2.555129694888417 2.174414668692053 1.9037773346017595 9.803609288842713 4.779226050620735 1.3289186341340202 8.599559949383082 5.11908697159762 3.3125714918502807 1.9572337130801682 9.608371010594084 1.34813374492174 1.220462759276138 4.49028576981293 8.337782083742649 4.675916433426792 6.595001737000384 1.6184012494706983 9.950617328103839 7.264546895803185 4.921236561452318 2.002157994668529 1.7708676441828788 3.8820646477552065 5.045370702646266 4.342754599044085 4.293928299480525 8.910119114016648 9.512115346311441 3.886342553723497 3.88597990639228 1.0090935060668125 1.7796964655563934 7.806609213383745 7.697024316346226 4.557528466193847 8.31279761078825 2.2983378794989697 5.948037631943717 3.9374480531756686
3.011798410302114 3.579731233576506 8.79173794638535 6.353048094016976 1.7599214598373973 2.7480175309842867 4.110112748064616 9.837504511337483 6.208798083730816 4.554166004729802 2.6187606992672414 5.044118541633313 8.850763175046588 5.863034263086583 3.0657472563324877 1.3990530120300078 1.3626492595961444 9.363839584173283 8.947377889724574 6.988258413849514 9.920097836812948 6.7105582365297405 7.501693863450407 5.066724660064573 4.180743826682467 8.529127336779126 8.236926388665655 5.977156822452896 9.115619564327483 9.463620895806459 9.34088722580619 8.255870009660446 3.141310065841566 1.6764546754743488 5.162541914975653 5.7226811559222845 9.06644531770134 5.142085781659191 6.505762926702341 8.914970936599472 6.081438473648322 6.006556186428602 6.43091450979502 8.361391646076381 7.017000946353322 6.745197410730622 2.4668709476033244 4.2775095989491705 8.328630818855956 6.251253770206263 2.3729978829891145 3.247487140822221 1.8802735489648614 5.540660662244371 4.408778719233068 4.407485263936402 4.52893439409121 1.7388817367018419 4.331136967339825 1.584499659597375 1.6683852445929401 4.751285352131483 4.742662219620841 7.783043227662076 8.141966694443566 3.9984834235784543 7.8390857296203995 2.042987490260722 8.334207291305514 4.699076981554881 2.353923825923368 2.665819171162608 9.116469130713797 2.3888912634530723 1.971155957672206 6.515800481489688 6.4765724038123835 1.3402387288348008 6.336727067681794 6.658970131494088 6.247081304048479 7.01269866183625 9.92776211198562 2.471777914507233 4.028008483649785 2.073419384182588 2.9193749528752693 8.435798611454576 1.910704969331867 4.004703555894253 2.599719781621764 8.738429971967637 5.762234340615598 5.632512685671739 5.602181293807502 9.695292171376426 9.119713281127298 3.608790158213123 7.519349138819583 1.7018838635149827
2.7438184654616986 9.192355056664296 2.5310863821739806 8.141570866439388 7.408481067159967 2.547955516091154 5.459419601550119 1.0328010257209472 3.1428092692387457 8.980580951651127 3.7468907313673165 1.439110645090659 2.6520916691044603 5.262669279750321 3.244947401705695 5.646757764370756 9.603657690318784 6.02936924049328 7.769814220429395 2.1558394694458904 7.1819948149121995 4.508546945247371 7.534651788961061 3.917851274728906 7.11741024627696 7.097825718136062 8.91654810574667 9.870139752581249 9.752907286098537 2.378857183045562 5.475642921487712 1.2013834105915575 9.04612370850671 2.326793561568845 8.530308114635568 4.098732821471353 2.75106785156743 7.048048384887521 8.304086287233474 7.692228982695801 1.0822223235375974 7.726922760178473 7.2555568985685275 7.571581195608604 7.0105990506541325 3.725628498395206 5.503070232195005 3.4314197947290883 3.2631870297003385 9.74920531828692 9.710812523810853 6.2079754881288896 2.838893480997234 5.225771965665638 1.3270544734154215 4.904633898501381 7.285286976555337 4.987330977968361 6.264164560766768 6.555802242140339 8.015402645964183 6.132158314590243 6.886976722002907 6.329313343553316 2.33790477508526 1.5059096422080618 5.823657550963106 8.38389873607832 6.50007007279003 1.4982737476809156 5.853154181114843 9.024843983572675 9.669596629803438 7.120174954976907 2.322124444214381 9.671822400720721 9.710665997892706 4.296927705868079 7.426000834408509 3.0018145235012503 5.0434907495489 1.9944296591775705 7.243977206494241 8.787193261226303 2.4206356161248306 2.0594601739099687 9.777138178347371 3.523621550518852 8.730807402585054 5.2948052093405975 4.717450084931542 3.9692659358772806 4.758118978043678 5.432526948972309 2.0972559146618055 5.296224794488433 8.674245657232403 4.204695809707982 3.3658693475207 2.0530575415680574
8.939323149228423 1.4863178779589767 7.389965370122949 7.842301402113111 6.528389401700889 7.529592676578963 1.3010569650191863 3.5476396978552214 6.843661488839062 1.9608148959471272 7.922361310628074 3.264830477857131 3.7416994972499804 7.372404309614446 2.089886733891849 4.659164801661847 8.617615014203754 9.571360908203506 1.5851523648972405 4.091994396703806 7.091632562088009 7.159999888681025 9.458699368140323 9.666646050322043 4.852449827382955 2.3740879599533726 1.163933708594759 5.273187165533654 3.5539558837609295 7.087621026631831 9.146696388820814 9.673777303602927 9.724239665785579 2.73879208524502 7.026965211787091 7.989995538827791 7.795166295880631 6.237332864443726 9.932168333595321 4.589936244374581 4.939588916988749 2.3827199367027934 5.553481384238511 7.214922570150903 8.110159468210952 3.3999810119357585 3.1328488252062647 7.404911251142087 6.897138090736763 3.1694694390248785 5.790805629089445 6.93534897366906 9.124860065218106 8.055791383962344 3.8350432483046433 1.83556095666939 1.6598504461059325 9.527566411971016 7.029689568737 8.46798903561132 8.129899472422595 8.311103138157218 1.0475316625398274 4.47839805817328 6.792345047385851 7.6037904281642925 5.036316030220737 8.994242318733255 1.2955207807569096 1.356983038801501 9.200774853226473 4.58798705102951 5.4351169651708 5.889774833162852 4.234122208229618 6.730680458024369 9.561863499471164 3.649291169345869 6.40459023646088 5.206134646584763 2.0383772189512537 1.6183521070884979 5.706251890227554 2.600174502771304 9.8621107837245 9.030654979310906 9.055989946722914 6.5666135893171305 8.964129292434745 5.376616753452243 3.540541683086787 2.334482575793684 6.047418511062258 4.566507274283802 2.554139640725677 7.704283020410947 8.01859314119686 8.791439597693927 2.6756805340803314 9.826664846182442
1.2910343457920763 1.1454542105333645 7.732858433647518 2.329724941090459 5.980501524192418 6.444683968465496 1.736392615342101 7.80065710018537 3.4534633202180265 9.742643026907169 4.374988837245925 5.477520728572114 5.328327286250763 6.133343388118714 9.931333015764023 2.7779694772643895 3.4041193092498414 4.917221906024576 1.544876479426156 9.36371754781381 6.559664886245786 4.0626999308713625 3.1518034069755547 6.811318801421734 4.303496862490574 9.283063199126726 1.444938545760958 4.719377461664672 5.796061405664401 2.149140906220256 7.757371044847933 3.66542563132858 6.214277561286214 8.126185215657102 8.372358567439374 1.8661412975612093 9.522598332276699 5.992217180619057 1.165063200471432 6.498461691932847 1.6654397693458423 1.5316965880090132 5.121072173415758 3.742378682617505 5.153910710431866 7.632635202030406 2.338704558464535 4.585756557345594 9.550898551815129 3.414350032358149 8.430023569195294 6.572862994348298 8.817789462772847 5.8747650459727465 9.769908390211683 6.682440314019737 7.383053183484068 7.750994848968054 5.961046830857095 4.459921776600815 3.0967661038913565 6.612075937215865 6.632663006887131 9.72151243675577 6.0989134315939015 5.470987021095067 8.911268576641376 1.1701969165197839 5.563285812481383 3.311911365577603 5.3295805180059315 5.35206916928871 6.840453693182753 9.071561131309426 4.450398661026987 8.051984155216935 7.01372913899981 7.5513281135757575 7.799380070553735 4.172795891604878 8.777406993228396 3.4880218824511733 9.719247802792776 1.7108944690288659 8.609523405615985 1.0620685720179504 1.7947891726151695 2.163024937591671 7.660547242328846 9.212832741825698 1.1770279884383614 6.164343872421668 9.615988006060324 8.41287579920814 8.270975546038972 6.00195998815077 6.64212707183789 2.2806036658550797 2.106909965847073 7.251337317711949
4.2282513562110235 1.8700398199321417 1.2164840816883327 1.0773940235739454 7.261780691940147 6.148975957407339 5.565032662422092 2.5190628237185866 6.986585356550288 3.59673646055012 7.768637476583059 1.2324436622539592 6.579503027895913 3.6263420553241734 1.8022460359868742 2.4427017344678563 6.810512438394642 1.4063387389442474 4.621036305605895 1.7445650220736697 9.064893250975327 2.7819303507132185 7.197891865874613 2.737142616949027 5.137931675198477 1.0586045798162125 6.013313164721574 2.0225987755995356 8.369839808790395 5.88056247429409 2.575521742743948 7.995540649751088 2.128853900292379 2.873785799252203 3.783186544356144 7.48582716888874 4.768225412010378 3.1627800598729507 7.5305093759607695 5.262511154242674 9.800916520806906 3.0397034160708105 2.8561382879369375 8.160971251234665 9.650327744256325 8.236930772338974 9.532935521743282 2.931548661150249 6.254800301959304 9.093800902153808 8.669201230796906 6.934624317105375 9.60689049279928 2.8368911664104477 3.4621813969276287 2.17552027266723 8.820132052325697 8.83078653343299 1.8952147798165808 3.9129092747085563 8.113836527020677 7.449590642316443 4.5293302796817985 6.936326037782206 3.9501822594046843 2.169187513354654 7.078450679650199 6.442720164588074 3.4216761535573283 7.033126634854454 6.999196105133294 6.631957796094222 6.549288772996802 9.632668862288279 2.8758093780622733 8.244865350454965 1.3022100231035076 8.996991028254701 2.3108651279509314 2.569936277021587 6.785588570335192 2.151507081207517 6.440807606331509 9.900784908742734 4.108519104150991 2.411970191535003 8.36962470688067 5.400366279981063 2.4927095945249675 4.374922798294586 8.193548319484346 2.84495692199602 1.4502266562507224 6.284643816799707 1.717177111158831 3.8511151920074074 9.7821741093088 9.057617347824337 9.437374379284664 7.67532667846829
1.077682874654136 9.147303328412148 9.715180134901466 8.694863256314395 1.9766815658380699 2.6668252686915457 2.5227043837995327 7.800557089770009 9.903272074888095 7.6492107153570545 5.6269100821645415 7.892692665362733 3.9079190060961944 4.369706293621752 7.253418828703915 5.513244604921883 2.478810258809317 1.1903914185038547 9.980817554361913 9.57804672579553 2.020753611968592 3.9232612727984817 9.370763579940178 3.110123936401993 9.902736387038582 8.598319294069281 2.9097699654481897 7.178585740438675 1.1521516076864715 2.4340888697937997 4.319833150608893 8.31424262136229 4.045614951026938 7.097758832099782 3.2576698050857495 1.3487149659478903 9.666842869427724 9.506453387095585 5.150161578022452 1.748605599048579 4.267178139242784 1.2021698057000143 1.9984724339476998 1.1338384810306632 2.9102386359476045 2.456623202440377 5.459200783494631 7.63045883234042 2.4358174510494153 4.692265175300819 6.204893868167233 4.405537148409949 7.74646317760718 7.661754153919722 4.862699133370377 5.6698720720163545 4.975516488387314 5.503416873038942 9.670899970004395 8.451930655803363 1.3283133630748183 9.366500825957376 7.187287215408543 1.6493994382824404 2.033600073299626 1.8567487977679793 6.933895750644369 4.103318521576373 5.679872905053069 6.5222588761374425 8.927252370484513 7.217591022843328 7.327418505861516 4.155731910368111 3.2737915379274014 5.270651561818608 2.886485756361779 6.406344383007305 6.655764770598959 1.7327994984268464 8.292744623733912 1.0990073840022498 2.941391460036354 6.093015405254931 4.049547951609066 5.943144016542291 6.411647280901962 8.889535181604476 2.131834874651953 1.2108929209245098 1.9105188307556784 4.0080062239550855 1.1868015659378992 3.39803950576816 6.591243540740192 7.2198874118066865 5.573534072219274 9.192572030734485 8.951071563605511 7.866080063500428
3.4870261011400574 1.3042614718894092 4.864967597457728 5.309623328694271 8.705825428394727 1.259539032325606 2.981761470038486 6.334662469792474 9.485849392549198 8.531363951550354 8.347834977063107 4.341420178224487 9.401335767973933 2.9152469459982027 4.895710662629099 7.422601551893036 9.034757320389122 4.4580868718830144 7.908115096298968 4.807083560290643 2.210364079116777 6.282482814141291 7.060074734491978 3.693513191769108 5.238635124055611 3.1223771348194425 1.108907168116899 8.192260263422053 3.1051289408098697 9.078556068296562 7.429650720055969 3.7123978180370725 8.502329702185666 3.278182153917486 9.599416989517305 7.108578102267489 4.896605037316538 3.385134732925101 1.932078948036486 1.0538918512281392 2.243214410841686 7.5345557383621 1.4383397929268513 4.226397097412514 3.3610689000760714 5.362997066784013 4.5752924714990675 2.6241426795524125 7.085345632965587 3.827529576406443 9.566546770028419 5.484786858981345 7.646045386133896 1.9509938986252398 2.750181765300133 7.299960940051344 4.599287988918566 4.1383430739472775 5.577804964401227 4.324978486376087 2.835382253550044 4.619191556667254 3.8695555795380927 2.796165739343744 7.11892471949648 6.154621228606338 4.720927922628517 2.7181184739396667 7.412798495543927 2.5134247402747603 4.618609246302542 1.8130210425292155 6.614388512699317 6.0995150475970785 7.381964802154822 7.02557369244031 6.024917064223882 3.564753364892977 7.029081810286993 7.426944655038942 8.304836145142389 4.944007996479646 9.43149828009247 5.065081515140095 1.45420910417856 9.041089005031084 4.5991014286597185 5.728639058772221 3.3200511096994596 7.585491511368868 1.2683543146068113 8.938127538428088 5.57694962528866 8.463264270790436 6.6082688139687775 5.874312114431793 8.03613149868025 9.049563476055555 6.254978670383806 1.8509066665645333
4.5303052038755744 1.1799071880076106 9.266784917226452 2.7028299333409493 9.680576304657983 3.8956251538114737 8.28906156589775 9.953523603768767 2.35935631169627 4.282122327715143 2.675076436382845 1.258073867162834 5.762430018048317 4.671966965229247 5.228611962301632 7.320652336842964 3.3645140752685205 5.327841658914565 9.274131265697937 3.631643372161733 3.6423506153836733 8.411978140844724 1.4314250495100636 5.991056076877292 6.373053686529867 1.2105195761717487 1.3039935678615153 2.952131156713511 9.318807090503434 8.545267501984938 3.992034141739905 8.786162958689216 7.914655716658965 7.1275223806063925 8.342987556673886 7.216942536470148 2.3184417634368697 8.820498386907893 5.473610583367547 9.787152048616045 9.317779681683454 2.4618929427413883 9.324107741004806 4.913089091261163 5.87007857336326 1.9850337984774997 9.965730533481885 9.601525435431773 9.545909457994707 2.4429645416629047 7.058312363313169 7.118186248715058 8.941728205066234 5.583981910417484 2.6204107649767323 1.7208311220566186 5.221525059187826 5.032029890906776 1.7133917383980468 1.086836112741818 7.401759884740269 5.466966640552828 8.911892690276915 6.744808579672121 7.188893204359706 6.7254646893319645 3.8809629739797784 9.012376994436424 7.377200448104384 8.373716863234169 8.577543241649346 4.954421183711835 8.370873354193641 7.419519623535524 3.832272613912731 5.516121415436363 2.806885021899613 7.46157900073676 1.0177389307871212 4.6439757897179295 1.0599011564440113 4.086859634095212 3.3946814023213028 6.376551561347645 8.062626018058728 9.740783745660417 8.22944610646631 1.347301674422269 6.137380734829307 8.303201030151534 5.840107334789826 6.721449561381142 5.676434105448898 6.380206623807616 9.688891943712063 5.769818667702408 6.154429174281086 4.59148092228282 1.7959808816049339 6.0351081240987465
8.35189644463571 6.6169288038078315 2.735367292984627 6.77223959448913 3.8900156881907626 6.037346341822419 9.562919253562653 6.2118470251186135 7.911693040421756 4.032817026281865 7.876611120511295 5.791586136619364 5.687835966330647 4.019444506436768 7.268249305696124 4.4957787304466565 2.3331626945976796 2.121877229357329 7.128155089329685 8.664551590989209 4.071759314783271 2.3221323080902563 9.805783969230948 4.87842106173676 2.150387734923616 6.100079909757945 4.783517977513096 5.478861868745463 4.485492428067956 9.489635732024578 7.142164089829203 2.3214341767889315 9.234460080295381 4.721890004749134 9.837837914808649 9.30035497929972 9.601317056982504 4.748217465674305 6.6390087607463055 8.688449245010961 1.259938854945537 5.439547285264788 5.095990594023745 7.857928726934409 5.287305516465752 4.919262268449449 2.0413286161939106 9.724564872938853 9.714214529989324 7.025140904538258 6.724141411521203 2.8255268042375943 5.064736197463073 1.1383696856985512 7.4747647008493106 5.48519931455144 3.5978859305783333 9.536977741305591 1.5463192415859215 4.609490874487795 8.250646481752465 8.795767287272197 1.7360743156325773 9.307835981827965 7.816852744160938 2.2111332351988744 9.608841551872832 8.417811703411818 3.139086446265881 5.840392114211842 5.19457756541464 7.183423161756395 3.2793970867776183 5.809194608786794 6.131017710950533 8.751986950952166 8.733411968656803 7.251032564603255 8.578167167293401 7.646612625235608 5.973737778581994 6.974280232273123 9.528408301853023 1.8682899987013708 8.97578941757678 6.406206991219457 5.71469669822698 5.571589965279927 3.179018322482317 5.938457089627085 8.427510782759462 7.623979604589927 4.958640376301517 3.216858878971036 7.063859043428467 1.3838819963481286 5.007529031520427 3.9947895795232577 7.136547631696259 8.461307268062713
2.040175904451299 5.653989947044635 2.6923100549536483 3.49489167861319 5.0127331336966945 5.703048779795095 6.185519258507939 1.7138017771338552 9.529616783575582 6.060288222609427 9.59134975303219 1.2699118031370182 6.492797972665192 6.681184211864526 8.599441094209272 7.2872243143177045 3.3718467929757185 7.230278531384498 6.117464284186479 5.174608491181138 6.021148481072781 7.904395186531456 9.325474341559413 1.3340156923748023 1.7316962968848069 5.907804569053984 5.23804076980132 2.7404171747519177 2.429658809026206 4.945957312308197 1.8733818354745746 9.617942979725914 1.6261476891192186 8.86173632409789 9.57988059206174 5.856407727002644 5.580673085234682 9.202844467057341 4.973456060541427 7.951036034563061 8.256170665384106 2.609972746558785 1.6897108881104252 1.4040386384734704 1.0371479379057063 4.6031032121121545 6.5774844993672845 5.980813504641333 2.28373417305629 5.254867033128384 7.729144363048857 2.989654910794593 6.979716793886893 3.176902813471053 4.774312275769756 8.289205754614144 5.458013087177783 6.733436011102027 2.6821769156777155 2.1084479488915004 7.951294238748808 8.01195167533536 4.763777645043629 7.865293057540132 7.324669552796625 8.522145042409377 8.585695955270879 7.332432006364914 4.1175025900315685 6.624602896215834 4.375970380802143 6.913148838966455 1.613742177901727 2.303114997473166 3.4797632206559186 1.541558285221103 8.243328150057579 4.842685319189202 9.043571880529583 9.966952126604399 7.768788286834161 4.490797223739518 8.491282871741614 5.538188359776086 4.94476759622344 1.9854328860203256 5.278116147315288 8.487958136126748 6.239056821538182 7.566968658193598 8.568750646865478 7.259329920249808 9.385269974517396 5.056876460126564 9.4881661788379 8.99718144229168 3.133772485623191 4.72297217639445 6.084046620961612 3.265624566101688
8.183247220900373 4.699237556490555 3.5622070736539464 3.4792462710287664 5.899056351729715 7.313455103685711 9.396930724468227 1.6236164622388496 4.355700748151557 4.90864243498747 4.429695808518028 4.974323346742971 8.534385818523383 6.485328616917334 2.1377067223804413 1.5705823854837595 6.41391857664042 5.338055634404631 7.596686690722189 3.495178174051736 2.4309748308600163 2.164949340729107 7.126455033163744 1.1489161385126025 6.00824004617999 3.9326190006330775 4.285599594933842 9.690165536325212 6.772330236656609 4.620571623178415 3.0506693202681294 8.485946488101247 3.7922169938080446 4.913296739756408 9.435197121698069 9.529759212810884 3.396945303748072 4.322294925698921 4.960700870080533 4.539728175988131 6.797747906716585 3.8047313651423504 1.203935939689913 5.757463258019599 6.310326367861872 7.502561827265247 6.909203925575798 9.617944908717385 8.23507488787871 8.23635047594786 3.269104591179188 8.895771729000009 4.610974272101665 9.415970535612542 7.20292103592523 7.327809364972348 8.023831609779805 1.323041177578074 7.686943737292775 6.311965297654417 7.436746981993634 1.1716488367141897 8.072023937192316 9.128570437602136 2.8835470140479096 4.614755555741686 5.675870642188682 9.390025519993097 4.42150494357488 4.022817271102593 1.5392614950626433 5.699233911370793 8.400368385494467 3.7139620182827677 1.1283038301339732 7.275900927672687 5.855900478974176 6.861678577657842 5.108222126984279 4.214372811298931 4.582137337253095 3.778832028987491 8.794288479854753 9.86126416759317 7.276878242110248 5.476623274772794 6.073744116806105 7.559578265096032 9.1325926100325 4.700650030615684 4.757615037544684 5.437746674528377 9.667142538193644 7.430678141947258 2.5993043032968357 8.71090215654192 9.818930316253887 1.937151662154996 8.890911653427032 5.497614559989269
4.020417063127554 3.0030849191496816 8.57271970382529 1.100251918803778 6.14879641014412 7.1925324757216265 7.909761228568401 1.1590166683567273 4.62214169069168 5.480005525331807 2.0435275072341783 8.81334231188522 3.563437018286745 5.338604899926677 8.57564566491869 5.226320963843725 2.8372145062966343 5.44700628780209 3.7165272283076254 2.798784384932353 5.110328765674732 1.3217359464293343 5.291638064988709 7.719954299143703 7.428682920798811 6.497038166691129 1.1535221838442569 5.668310993792038 6.887244942952406 5.284757174223852 1.6545078479570225 5.882985072963697 7.3308846283702644 8.150700329632834 7.197642000534147 4.873383324936753 1.9850727275836086 9.917640358894566 4.866528418340184 8.647451148981846 3.9337210493501447 6.5879107428158985 7.861775578886178 7.401400607892279 5.31694201118145 3.8490442766649027 6.930793907280399 8.775712415964943 7.385710177232777 2.964091977487974 8.806926278137212 2.7574919027041043 2.247979949602564 9.141046098277348 2.6251508053344503 1.6723184709640182 1.5493101767403568 2.028144468150186 2.824354411937774 3.185352040773814 8.743332085509987 1.2720992646008993 1.579380345936756 7.490014282312615 6.8511833222278495 6.4121133154903545 2.636683662157706 5.176767984752919 8.837732605112144 2.4269459979248653 3.4947756028990735 8.172661275382751 2.9602242912538643 4.908118422628917 6.766445134341585 5.387575093048927 7.2363713227493305 5.308988884096391 1.9974307667029847 3.3357478929928663 5.984420310715639 9.837935565776284 6.09864409330041 9.73654850393735 1.1638116125837965 3.9084186711940396 6.135111982126566 5.533236882940662 3.3815144824803074 8.214798372088678 2.3983253575455414 9.963841112993347 4.646784229113631 8.242979123136848 2.1107352109609954 2.314563118480194 5.266082926994104 4.8357531394863145 8.320549921850784 8.19634180451335
9.271704823519615 6.986160929267725 7.353421363834521 4.165975428269817 4.344579565687681 3.2535775960471396 2.955515337112579 3.867179620113526 2.964395448218217 7.44565305961173 4.0969234897758895 6.4265915758607015 8.319878282662895 4.238233902960534 3.846069851622808 6.42981258216897 2.7487043217048672 5.734202804775398 6.79902763027117 2.7304610800292517 6.891274917618268 9.556298532817767 8.905071394187694 3.4101402411034494 2.5306996140289 7.381758054644608 1.508002379710901 1.4877154996071673 9.496209714983635 6.944424920576557 1.0265716052871694 1.8986073836845214 3.6430218017280125 6.121463181602747 5.216969366556444 9.04939606430829 6.665919527068031 7.712070026626329 3.991182090601939 4.572699553486477 4.693790731276565 4.030854385908202 6.174003135271085 4.43493656651072 3.3717996578023124 1.4258204528509726 1.3826317014295908 1.0992031875764412 2.2385843145368867 4.634155346137685 5.254083046153199 8.792596313314585 9.87727452079257 3.5313214707261262 1.3802860244394985 4.7185627229904945 5.5550801268050565 9.44496749596877 3.106905629971223 3.89805636945057 9.128291804390786 8.917287017057678 7.793064856031521 2.2115459536071596 8.794436080542077 2.7116154669036767 9.347862833794698 7.87827181417945 6.509687158742258 7.819919765222275 6.195970401140321 7.24799416806259 9.62263949719531 1.536321175294403 2.9552716415578475 5.472573442742937 2.2140434695247615 4.23105130834733 6.940710140408535 6.597416052130047 5.630397173078255 5.395507905232169 1.3738319459530297 8.925780055713393 8.593154559811772 9.702345312840208 9.65847164246443 7.005761839574899 5.084375375211032 4.247004877045571 9.706874860925046 5.140948277395985 7.940364958720761 3.280136429536154 3.5257834267089008 9.600081241225533 7.229269798086477 8.160294230125105 7.340234920367125 2.675810007266466
6.842067034344449 7.571250271680772 9.838373829825024 1.982335488481335 1.2687559451150974 9.587265330740061 4.986711754690825 5.341699986272193 3.9537923652221436 9.672935983319524 9.987535790894658 1.7442539905930416 4.754898839986945 6.123336422575425 9.594140280255555 8.584673336448365 7.832642813362271 5.931624919026175 3.631061104999986 2.9168388206497653 3.0275446576906018 4.251663267445846 2.454004637385332 8.049115872846205 2.0205927961106194 4.131658259703067 5.513373934335696 1.9846311755885173 7.656430503249282 4.764006433424427 8.946964117793073 1.0670074653901154 1.0986627998591523 3.215512959376504 7.6831290403857135 6.047252641658638 5.401282509038246 7.564982180904067 9.279934451709904 9.481342234740522 5.925748526924393 7.887015888210166 6.0128681078024595 7.4815364151426 9.410636834296234 7.043873553935144 5.720454032884694 3.561123266754569 3.397485629841129 7.089284517001126 6.218173843058631 2.327281025405248 6.939419099512536 6.6273501623235 4.880322468114397 1.4051715982581663 5.328234810398195 7.243910681171006 5.082962966026378 9.255902333089946 5.067584896383749 1.3132979010351862 4.446490936152579 3.6397123193532224 4.158761551543998 8.99713261395702 7.957857815259679 8.987460427088223 5.72872921194197 7.354099302338709 8.082446944555365 6.2532449060114725 2.407090180299374 9.589306685999563 8.055944481387847 6.795731474345947 5.552132875406696 9.907760969678598 1.3135045822057043 3.9808673128412293 4.18831870863568 3.6182220247974657 8.479433703935918 6.942621277553066 5.085774852257445 2.460104059425457 3.1749802945192753 9.85497845642839 1.3540178157823304 8.46626215642992 7.93296296218065 1.0877078290342967 6.718486105418787 4.24897476568618 3.7878967482735635 6.700656281629887 6.398461981304014 3.180732240215298 7.870871749562651 3.1247482334738894
3.7185553183561155 7.465437742152002 7.280556343742375 5.681177877380729 2.546791486649301 3.7276560844041433 7.910946522440841 4.68478718652586 7.303430233840594 5.747045307621975 3.345351069366837 5.88062484064558 4.2007173490128995 3.664482552376125 2.3635973683112375 6.9171197286457975 2.8605570207568274 6.6951879424439875 7.538624033811131 9.120058786936957 3.9096214794327793 2.8646444283486403 2.6519528808829733 4.228344503225637 6.115945647494342 5.216354213411106 2.9110138618615577 2.910294686467765 1.679055654628008 5.056306095306629 2.601223714068481 3.8469572309155913 3.5626787494237497 9.555493970961281 6.531215026988136 8.924247646858202 9.211103635510096 5.763409273600601 5.533804545879908 6.009634462506977 3.944620703454307 8.122837019898604 1.429905888466776 1.2586644850572934 7.880385768231623 2.0189021441084583 2.1661856714864687 7.321091930358145 6.66196111293545 2.050081168940732 6.325101802249669 2.3952025484607598 7.423353889548938 9.154111995513047 5.524651724431652 8.378026344450948 1.9141486014076416 5.6343913701734145 4.356207507445097 5.20660037981162 2.9959236208004754 5.788413916400324 8.629913666488468 9.645530315027449 3.3782029484812868 8.10523149327338 9.21523461213981 5.466221196739882 9.859256570105853 5.062214340091945 8.947239582489772 2.249053409565689 8.67857427429075 9.216361416581853 1.298060485496783 6.643370320626536 6.45102103070602 6.762435698762333 8.272870049016758 2.609908612304628 4.171273130833414 8.241025803384904 6.665946353436164 5.1128154693419825 3.3712057067312484 7.8104366681862425 2.5665125895407535 5.059470504069983 7.075850676429315 7.599203379938614 2.07804518548643 1.2312578330896122 8.915753587111151 5.691669210783722 7.2703806860274796 6.92359680116626 1.6581511878165283 2.005066802109879 8.055016883607728 5.194337349929425
3.059688729590975 1.3559878633234703 5.625984156803657 8.870109118360665 9.456411836481033 9.373379852341355 7.971582435714987 9.553539334340783 1.290822686147755 9.214489811384077 6.706711776665486 3.060328449596368 1.6203297087861062 8.868654610896076 6.127708463244229 7.982573738509129 5.4534227526725765 4.174270693565939 8.928564745397512 4.9710667765070236 4.353459331580617 9.330992035310148 9.289879260331556 8.300717933373543 1.8198691726965426 4.896690765728181 9.21846038079527 6.101266997211462 5.5818296192448695 2.0564421534106083 4.166603303299019 8.10671622696752 9.583090519465113 4.474093959695528 9.539765448560743 6.754385558930318 8.936553464610562 3.0882698786750318 2.61477051836627 5.113112258542994 5.631948030564758 2.718088433019693 4.787569066678483 5.249684250895703 3.77437193776459 1.7422340417293967 5.5660378388414555 3.1057882912491945 6.842444711187365 7.198802450615695 4.45027802089569 8.411010996419526 9.426391944650467 1.7119436544520008 9.83171726315125 9.88800145337361 3.2349200978470747 9.67709017643264 8.246344754428392 9.963060334281103 4.91948809290347 1.9467580707414336 2.759313948270964 4.616780687368207 7.345014324112449 8.355827168378298 5.413724137035051 4.7607413258859665 6.310874233656202 1.4428505073211997 6.005349486446636 7.226337530356476 4.760501785315947 8.787933569986343 7.113020754802663 8.15319245736347 4.701343106316704 4.126479643148726 1.9299886040414895 6.667816015195319 3.0286728110801073 4.674582928141516 7.440764938436058 3.3085834691638163 3.327889070924821 6.94322282500332 5.075408317489654 5.0712587437475865 5.007056883854583 3.9455519021824887 8.651933706277962 6.26941692924056 9.992792512961099 3.7861879441611133 8.271231155452815 4.081204528621031 3.104635860996631 6.930741487845453 7.382134268608176 1.082475310299215
2.668806609368075 2.100263127000968 2.3766356818235015 8.39958584422918 5.769107263970333 9.389507240281496 9.661757389807178 8.389466326467266 1.6857494929247283 5.119352352350715 4.1833578496081625 5.838853060399166 3.273477606991966 5.871393821148083 8.212789314534714 2.5750396648015057 6.0472905511152035 9.3704714571057 1.2039736044392164 7.694387389896622 7.5427736483976835 8.278972465032812 2.947974123891428 9.428858083219076 3.617321917920912 6.198274743902036 1.1886806875306595 3.6452694291842986 8.277676175697806 8.107701531633689 9.778675276051365 7.098383213041636 8.748098674489633 3.740066592853656 5.17642304537207 5.05659738151102 2.36734976713249 7.936193817416964 7.373664306129979 8.107211989223691 1.0753381967953715 3.602087311332207 7.00340450592043 2.915280490311643 9.587963231016804 6.572962061035663 8.442443399824654 2.9077783440874403 1.3758031607093062 8.692745985051207 4.597696787345416 8.499999934148303 4.537234595817531 6.709669436959234 9.102187362489516 8.45128140970816 9.590283320162024 7.488792217497614 8.842241535212548 8.473605659621926 9.815967606579981 5.578607502650857 3.6499056890596435 1.8092751905600886 8.278689408639895 1.4891425301464385 1.3065592106547417 5.370380279640692 4.475802935244502 1.1263106860469283 5.270515807829907 4.083636757831568 5.961166944009937 5.58886667634773 3.9130768205520625 6.105884339261229 8.235229853618097 5.362231836654237 9.394145227021152 1.0789225245516472 9.146943229673493 9.538702061660288 1.7248121583555753 5.623182886196568 6.192572077884165 8.605133776035975 8.443638048079578 8.96492802595257 4.012846038027002 8.46108550813219 5.023975044820702 7.335679388337364 4.840183547781065 8.532220065196086 3.4692684101843114 8.284224812405 7.329409111690402 8.959355102404512 1.645535336771547 2.671909702070078
8.744361719717157 2.6181436857136164 4.14173305820859 6.919405937627698 1.0886174446866592 3.9327743345325805 8.375182213523418 1.4004735011527594 5.7176980272772315 3.5880655385917177 4.443054809582592 5.925963574720505 4.946513032547944 8.654082644877704 3.9100148319999226 5.147966717423071 9.40680902351319 2.4809102724919936 7.486811141320407 8.112522739215523 7.180863110151826 8.825932650243061 2.946173055370288 7.778584451928918 2.104774767676526 8.264455173713603 9.473186214644507 4.4469434235269585 1.9910456582368987 4.430042213293549 2.4018757682641136 9.891866261655835 7.838584710384069 5.113762785170827 3.4805759740270448 2.6273456421604053 5.5621663476842915 6.263971685538173 1.6881030915158768 9.969770439177129 1.0022926639518501 3.036575855171506 3.926984840685466 1.0459889081058924 1.1001798223661803 9.24017988215033 1.7648537356373013 8.541852090925218 9.186385533659962 3.2023880714584685 4.860478087044804 1.1055576958715512 4.4796358399651615 1.8391281060495963 9.475641520096215 2.240694391416106 8.665383185304322 2.7046248485313527 6.203890098061936 8.259748569076741 4.897210906448328 4.83313734617046 5.658574915918701 7.843528539638696 6.85243224182715 5.961752283723666 1.5353670293767328 5.246586862309901 9.440087751377714 2.4209608907770495 8.066910599619707 7.146023270635125 8.437262132134162 1.2463597902931203 9.75366297662127 6.947551863437033 2.2896210504268586 2.4941901332148637 9.561229883606094 6.140901228466038 1.5130019683499434 4.603360911232491 6.596285035779481 1.9404208651277952 5.710314862951792 4.402850508733083 5.605246717779297 9.541181006161702 9.170570380845971 5.11274681528969 7.9649760234212055 1.270353081831963 8.99080749887019 6.538096759541465 1.0017997088228354 8.956010908461044 3.1774054184502134 8.265692812786268 6.0770244668572975 7.440212605976004
8.384261840064099 8.421799921328011 5.332531889029385 6.073690505601619 1.543542304883125 5.146232515417473 3.8925675721830646 2.131202611491147 4.070117936615968 1.9332855259478952 2.275727309507175 7.3669735391511315 8.283675346386843 8.120243715673732 2.810465866174866 8.259703239324223 6.1293219546339905 4.240833156682864 3.987885326655972 1.30284656490275 9.747502334407631 2.555110226434918 2.811332358577865 8.863972142985837 2.168778544753949 8.787467026034669 9.629456572888254 9.061636419542452 4.5890668919208455 7.46951780611438 5.808329362288492 8.594797059499326 9.946498647217986 8.693407273403363 1.4099620140487257 2.7321032383968493 6.275190457156283 8.966664531166684 6.538763523502669 5.652500395145172 5.651499519350288 7.944478319969423 5.721041195858647 4.5145249717842315 9.841829118579565 7.676062036787248 7.543673198758242 4.386968759278593 5.3750376064441685 7.067722655581877 5.4800485104016365 3.2750593160260437 1.2086985007147653 4.07152415570044 6.678955839477142 5.359749236923389 3.9780884295216543 2.717402719338528 2.5734881550137327 1.1246091495637245 1.215124841125407 9.3122814945432 1.5957151315539364 5.976575817215883 8.148193722049857 9.936337213513927 1.908616139895745 7.163790529184078 7.491559390391072 2.9446550537540963 3.275608554062698 5.557020095303406 4.455059823864748 4.750744099748661 1.3545777374376633 3.040162522363733 9.535587127914667 9.953045022049238 7.400153738063951 9.019214511839724 7.635949838670625 1.3850921913572316 5.900156377330307 3.89358385610717 5.295133859230162 8.286036275680967 2.8872467458284645 9.359755078714679 6.2265838202246595 2.6520018684835582 1.0984648852327719 3.2462142318534677 9.991234396712745 1.1903693030465443 2.970920125973311 8.09637771261259 1.0645153876317166 4.2343898554317665 6.863048473305467 9.536797343429868
6.008651581509366 8.179446876386283 5.87362107760639 8.721910142523733 9.816348072415702 6.467661711483657 9.570180317852342 1.9731379870742662 6.759766265547213 9.378796334675812 1.4275723092014743 2.589533645746953 6.346817951407406 8.976456654357893 2.986868688988835 9.136647781167557 9.812497176224415 9.142967816413195 1.7303611841676396 8.342572965719468 6.223177859166957 3.0207199917544574 3.517420749924607 1.5462395293349456 4.597047226095103 4.32891401038896 7.898352324931329 1.9544741513987847 2.457172849018546 4.126703046868149 1.147445756950423 8.069534212897967 2.2898314478680573 3.8959362557491266 2.969015033142809 9.06491515456042 5.565951568987876 1.0081985870544832 5.550193199701841 8.600853162507871 8.963914228188361 7.275644904100354 7.068346597005722 8.816538548910652 9.487345867268388 8.659386768135704 2.4685500763563817 8.818809054096214 7.240883166797907 1.43217918091213 7.955667076017182 2.3447332590936885 9.879567428038937 5.787404469855439 9.75715673582989 6.629768417347819 7.285389807630076 7.658919092388839 3.89510922671088 6.685019711785241 5.795979060329367 1.2307450759408214 2.4088214181292926 1.0810627184825874 4.38778382970522 6.67190810999484 8.760117126700628 1.535296333461333 5.894213049813406 8.746740492480608 5.645899149510077 6.4193093448818335 8.577820739917303 9.336386341532261 7.282490848313423 2.6544576583024337 3.2305113606872533 2.1658694142452912 3.968490962141788 9.697065941874081 5.845214138675776 9.640501920186384 4.933140388357851 1.2040330213027728 7.406555269338798 5.621945210670285 1.0927987787952222 4.241964408232814 9.2777087204017 8.601586484580773 1.618331932590084 3.2370267983282903 2.0886801906192543 2.3728450954380635 5.0981233025849475 1.1768079578294395 4.010288933737137 8.862642542394013 1.039283636341053 1.163407225199636
8.62059977449982 5.3352643219060045 3.053712048984488 6.2566796728841885 5.361543831800184 2.2579235143002965 6.470344937639852 8.319207644790968 9.308607884227623 4.3607693490342285 4.270184273948686 9.661602261945703 3.794630569180911 1.0817548040367555 2.8317127297828644 2.311640363080005 4.25236952869848 9.285205070013431 9.264730220396142 9.915855689350398 9.109700984021005 5.375557833014002 2.9916053125739674 8.909422873301757 6.234004613028739 1.3436723170880756 3.5256623994531093 3.7695081636680885 1.8167443985885423 7.634447760198321 4.0339266159004925 7.767514545805251 4.347447413104462 3.565345934338766 6.6069340900270115 9.0534768860154 5.954804654935861 6.074708455781966 7.804030580655868 2.7596216531976685 4.2062851275100535 4.5206775353435535 8.800960596352034 8.549956686340511 4.543702252067527 9.35794873763947 7.11683161970144 5.8546590493489346 3.1635297399523647 9.760355936874875 6.2080296254296865 5.4271106814150345 2.9656546240140442 4.419057323076631 7.054900437772478 2.9676004801675853 5.119006877691335 6.058439803078075 9.112465646356947 5.727342675570453 7.460229494896111 1.5655252060659022 2.705126297540024 8.702692530399174 9.364042731554923 3.0402901745263335 2.094305081964647 8.005112581075807 9.73151340814728 1.090333274880503 6.823183484575209 9.986116854708992 5.6604751570937815 7.490905300672539 4.7816023692882705 8.624770695685289 1.30500617898928 9.015237334011635 3.7216827794751843 9.322001263429199 2.9421866312679734 5.527415652931233 8.101105268515173 5.371415021301425 7.495339560841858 5.617756832811956 4.976373766982713 8.758060981016731 6.090558927433337 3.068653457085162 4.089696555600312 7.450944272882786 3.066573917725232 2.9314814593414122 7.72007172883681 1.9892576652903635 6.332730155396831 7.982853718910827 5.5617370068263465 5.89902320666209
4.899901607978824 8.843250481519792 8.639909041038164 4.118249108474633 9.652829345445133 1.2576683043153198 5.292254718944315 4.501179641068804 3.9018562380124395 7.598924133471958 3.150502336707791 5.425163045170193 4.4788323245449515 3.515539758868713 9.466381731342311 8.98445110826117 9.384606923923727 5.865451896667005 5.044889037985362 7.676303446613074 1.620156152055488 4.6570770232240015 1.2153066914731743 8.464098944454202 4.471316465763406 7.4568931680886275 7.162067107757016 3.537140201543039 7.6071670076950095 3.0001889936475856 6.785037596214152 1.3316142311133468 1.241934237036448 8.883473321151637 4.090704318271577 9.527763514416058 1.9708877952965227 8.190343780686444 2.5193519148758146 1.8718048586562732 1.9831952784823663 8.214621261138166 8.33496203397676 6.911523582256584 4.388484070230083 1.3044014188630157 6.489371094675894 3.816274592936554 7.0038508277845875 9.67248786767117 3.2464307747444794 8.71356566803604 5.221403544650583 3.721244854486011 6.791582574727859 3.394891338166064 7.377629355081178 5.0790283330715384 8.626091300730334 4.2593484111388875 6.3011753149764935 2.1490314582237895 6.219650557714023 5.9423385519311696 2.7096613959882285 2.3039566736865287 3.4872799939040062 1.756594909351341 1.2786495717087505 4.895993865998077 6.285135550737214 8.840650847527613 3.961450357078824 3.383400206649813 6.743180421289403 3.694741985739309 6.568411693462701 4.197518998133904 5.094586096479219 2.809019862253771 5.597426377902895 1.8062251929480806 8.580450305654253 3.2673806640674767 8.599324493503618 1.373177059189112 2.536405407161299 2.812299689659323 6.312487316344442 4.641146591143856 3.1414730865431286 1.0160932011576236 6.5869802321228885 4.1669078151493055 6.058400133082599 4.693527330331567 4.773517754171046 4.575940208631695 1.5738871516880883 7.994550838658967
9.100549136457168 5.413641858022025 1.8729024403991779 7.890198526437265 7.955160656845992 9.890757290952386 8.710571423343017 8.281649526375663 7.540741653691898 5.707248984327439 5.187635954998386 2.130751688143202 7.942786919960252 2.692765142497938 6.104049640969071 9.045804300257954 3.9227361983096944 2.880215207292511 8.132565452571573 3.2922986653407564 9.408929172868184 2.828440560053327 3.1705593963530427 1.5844308333619292 9.656053847951839 9.871630152179304 2.6687470611381783 4.408132660779826 7.105646981372395 1.259764314701958 2.799492578470788 5.254875100110802 3.265752699354756 5.885891081331624 6.621366436948611 7.315808092388049 2.2527399521454483 4.679724065602061 4.652461922340521 6.438860423098624 1.548593402952021 2.203295336676726 1.6588447361009142 8.776415138995693 7.13547136948406 5.081682817090441 6.3489689446118565 2.297795776062897 1.158957383953305 2.7965117333483387 6.826697405173512 1.2158358929492616 5.456181804659821 9.902211273231838 3.2900230248180535 2.1632085829444327 1.556606149864335 8.566243955459388 5.29736810528681 9.647931021734399 5.877496958374357 9.476889236315955 8.360700951736327 1.9028064608760822 6.442153418264391 6.126426184881815 6.777933136498083 4.687880377411851 7.128511980542047 1.29055223421238 5.727837126371625 9.439520604897941 4.539092259643093 1.0339164402429861 1.4036275832461473 5.198811073071321 3.634656947734322 9.76745163707599 5.502697994273388 9.708471364979475 2.3616016883814788 5.428321551608418 8.556680350766001 4.619893527169674 6.065243929678242 6.043478182575554 4.997200533551553 9.557606050462361 4.691746014600739 9.897069617163751 6.073521785163851 6.5218777950578755 7.141310841041106 6.589073927405255 7.555090293106868 2.975970933491517 5.094818258643787 8.25357134273454 9.55756111404411 2.091000374755459
7.971298209835343 6.866520172175714 1.8757707998681317 1.7921320814499389 2.2892663375376006 6.542555671487442 8.781284936375291 6.9874300527293745 3.265242527325155 8.79484061427815 6.100702751671807 7.724200998765746 6.58745340664117 6.203204789144377 6.697161793046901 4.970821471575761 5.363290216209342 9.451848792366263 7.244296124432663 1.0494139490429677 4.320413742016256 4.27842350931078 8.798433302320385 6.469058009617 9.792277459086124 8.166457605166901 1.1565664570089051 8.918679531381702 2.196172982205585 6.099340850028791 4.81266263015151 2.164246487476783 1.6238781306772148 3.3991740565677935 7.545483201842139 4.911415594235448 1.0266589618740185 2.498629933768858 4.350095016240288 4.70733302657073 2.0902206377782004 3.0814360117275705 4.758515694226787 6.14107817842051 3.0975598832315505 7.732646181868651 8.621185832038112 3.5234169176970447 3.8037882000244485 9.517367639702224 3.960708024090257 4.083786488521148 5.799249284385045 7.74386811257086 7.250258933290033 2.512168962826067 4.102339117607655 4.7308045812810064 3.1426560739504636 8.310781272828315 7.8498323958081055 2.8239666916278554 6.426557791893235 9.287132146819632 5.24458839886345 2.157330815004627 2.2300786148562763 6.6438847838905915 4.422823904495301 6.060588531224942 4.357906563109097 2.814422579049279 3.153185872334291 1.0970970553403945 9.630378348730941 1.190973926043915 4.011163535466762 8.960158837584263 3.6303682072174315 7.237902265345944 1.5534919193942436 4.377644805229645 3.748492796459732 7.951682871375378 5.223776963814247 8.000071590604971 1.4421330351572252 2.8232260623002188 3.2058408742238456 8.045362672315624 5.7490336642280475 6.36692570618603 8.55594814152012 7.719756875297532 3.654390937478013 4.216773907350568 2.1402417749923908 1.966564471971902 5.649628080527682 4.938010742423475
2.8393128805517756 7.651969554430635 8.444005178098061 5.006472199612547 6.884017778395435 4.958118170278398 3.5073241951496796 5.366567151564981 2.4078930547939197 1.9149614845140337 1.5888884887250878 8.67632355741107 1.9276874011969956 5.3013946485689205 6.571997578207386 9.742960514220107 2.962687939197143 9.484268041615358 3.356605144880777 7.939605561471822 6.000189720198575 1.3739470906593574 9.810835155504154 4.361275910563373 1.4355799223817631 3.1484488177020067 3.0623952121613875 1.2649391224173465 9.029141959736556 4.516557289528844 5.633481994239166 4.421786054953241 4.811335107794054 5.525349465005426 9.705451509728658 1.1130622711017049 5.884686512009289 3.7948775465368056 8.551437619677948 1.0946702108347124 8.912342495072053 3.8839997786394918 9.154617655389714 6.334943318371831 8.707186032701319 8.497467735019347 6.879127711822824 3.103248951672306 7.690815351596203 3.1371794903953387 3.560460000421543 3.3511056107832338 5.958040404841784 4.8001539468236105 5.52571807184151 3.0602557224441393 3.050147716260489 7.586886996362146 5.946572798688847 7.13066317423121 8.01273913220611 5.69658937729893 8.00128864755106 2.385919354276505 4.440493931139398 6.234667777895359 7.357874647115415 3.7386068414231066 9.693440907900351 9.701866381312172 8.901328326313916 1.018382243602669 2.3194052690687648 2.2715744155550666 6.692969202841792 1.90861036862574 1.7634513182310798 4.5748384173646395 6.573936309054767 6.961068803375128 9.556063544785516 9.083795814366523 4.646979138770837 2.938681138409919 4.795001761560423 5.353072723649287 7.139861963560337 8.95873088466125 4.690646914629591 9.731998484444466 8.93754567582856 8.636498553762122 2.9851572469198646 3.424587588725431 7.388540579529593 6.745862172859452 2.7379919831759585 1.294930201594406 2.1221277052946217 1.511888216234441
9.382784066780673 1.7678053790959876 5.03319994876382 1.334962077988862 4.940531755653533 6.106145665401919 8.543514732991706 9.32617382126687 8.30799405475719 1.9121513260025012 9.668010148411419 8.695731306215919 4.328266886314523 1.8215811078520707 2.849808906201844 8.110019891805603 9.034153553721456 5.472475599044698 3.484758140852536 2.74756827532003 3.182984151782807 6.80805017498177 9.29309367689642 4.372009467517074 4.357115703886361 3.0071770069878587 2.9534253546583082 8.72569141455703 1.892127114682744 9.2701810874999 7.749428449618811 6.919818936248249 1.935649381698913 1.9967933600291603 1.8137428669327313 3.823163634423691 4.074574903907281 7.511704516158781 1.8517563570609972 7.970433204659179 4.598425149726868 8.40553932366061 3.656097939536693 8.112890129803574 3.4036419839011485 4.9749884085947595 6.779298577281828 2.150195842143255 9.44497888478226 7.446975665867991 6.553622558450943 9.799397394237339 8.018304054647594 4.928778414025922 8.55676938755181 2.5611310374785123 1.311057129280803 3.681806718837105 5.210406482938531 7.701910666380111 6.729347016435726 3.0656998967383884 3.3987497071018136 9.06786929084906 3.8227814887522626 6.120571901277291 2.856676627432305 8.5157741470499 1.974545489573872 7.3434249298269645 4.443620352169068 9.087242114252403 1.97625525686855 6.547944696427509 1.0461990822644573 4.613244461049301 5.947340932414754 5.18363976621106 3.5152229318501274 8.743046607559117 1.4194163875007482 1.2024881224723591 4.621922578675415 7.7815477519672545 6.531620760052309 5.147371668928767 6.274361050264112 5.234934009775544 7.204042459997005 4.590890299939144 7.382154329349948 3.417008017045755 6.558135019812314 3.9695979321211317 7.519672640336666 9.828717843494804 5.011563312094913 4.412176535642404 5.166208291308725 7.274830806519636
6.813180522968594 8.558129488059283 6.9863897353163775 4.346972248607721 8.017389146838763 7.548523513851479 5.376074382574733 1.5116749517498809 5.932657100399475 1.2919286015260543 6.410083049960074 9.600812964271833 6.306556275781222 8.466618864567762 4.582043403991337 4.623192034019472 9.04312124552367 8.326750534787855 2.7299937729654946 2.819379119591015 1.9153926934967473 8.435138296258561 3.440405679409543 7.8438567410771665 5.722738922738677 5.800983087822154 9.414873270091096 9.131319494382314 1.197717867679682 1.9507640249232343 5.117582323786413 4.406953521430875 6.3246326240640895 6.429001527452559 8.324037153995747 9.633089585647587 7.526285267275996 2.852768922256262 1.2354353986626465 9.188534769158501 3.284648522134722 9.15623604941562 4.475797718465641 1.8771258986991048 1.3274975645528992 9.511883410555365 4.337055553209257 8.271426563314616 6.3705125422040085 7.000941756156662 1.6426262648448182 1.4098612981482193 1.494166215875788 9.371692184453341 6.879905059535598 9.530701933031796 3.1217402559736303 3.2179497378943065 2.656430305361263 6.905152913993916 1.9633655530509093 7.099812740345548 9.242992543642313 5.668707674028145 1.9777573035037903 7.16975673759884 2.2019556542091836 5.204207526825617 6.737503620371836 7.207247748065592 1.3705874649317655 8.426362849737048 9.590322334444664 4.736217505868169 6.188401440952096 9.249096892659031 8.14038366206274 1.2274692541145868 4.697463451774022 9.05225102201096 8.894071482635335 1.882635039308889 8.658418167040455 4.957732004288028 6.139286019062998 7.318660465916251 3.7911476347186923 7.434099126138192 8.66748682168273 2.6196090019634344 3.940840779054707 7.285343023639194 7.373720242851304 2.6974010058034326 5.899454349208769 8.148854285728403 2.4288385370776537 7.443941246625079 2.602005558513198 5.908631505036597
7.7240717106918 3.272034325938153 1.906130142041068 3.533642867603843 4.058841212061972 4.362181035549892 2.000299224957861 4.644216516915369 2.694613204047519 3.210161407099992 3.156560800316797 9.465502348121229 5.319861248069953 5.282182786856858 8.664909916663303 4.1695189782025786 7.534188359299266 8.465951911209581 3.0250232035247744 3.351937174767689 5.780605771622741 3.49392214376972 3.494138338654231 2.4284517538353825 6.900291454638861 9.429909601686951 3.8905243867106964 1.7555654434092771 6.2645249915063355 3.605937502328361 8.65463178558719 8.404763984180303 1.3545209933586606 6.785255241282848 3.4247757027616 6.092184436034825 8.432845148325885 3.2069799152484832 8.927858228873909 4.285568020834865 3.9475069215106906 5.075002477268322 1.5652668525472446 9.667191459933104 4.642554811929946 9.949720471942094 4.1690919756945 1.3825051765640741 9.831024912711218 3.502644652365806 7.672051722747188 1.711864791657733 1.6757812372580516 1.2746208061431727 5.268052702286706 5.025389964763545 2.7033318888827322 2.1197881761779067 2.2842887640323313 3.909223100530783 4.7599641044404555 3.6898995647065167 1.7559852151443789 9.369032876844255 1.7473299817145607 1.4915886177785238 1.977039857972653 8.048142921964054 9.98214949423855 6.96450308839317 7.493020587561299 2.1920811094315793 8.149596344908241 5.116634541372599 2.2952400696906823 6.810352316131439 6.296204339539707 4.710408569187309 1.7862032866387918 2.116740388616636 1.5686868119565065 1.1659182382108573 3.619232725881981 2.4091259825158193 5.420723533063001 2.8301781411299936 3.6946939866315542 2.031371884233652 5.097210729169615 2.5574906984076784 5.124373815556728 2.71401819911982 6.036370141255473 5.864715738505343 7.878587752719468 2.702299963900145 8.488585197565593 1.0577204880941276 8.506314146270633 8.714193926589996
6.388740405998833 6.983662698338846 8.19077428281632 6.444608010983789 6.012389283486139 8.715238698132037 1.7657685070560754 2.5221460870370214 5.2568929189795295 8.588436290795919 1.5241746542548253 5.2751757111725555 6.336129040615145 4.763400844844549 2.4880464879936923 7.301473024239533 6.0804617639088265 1.0942767388915509 7.497097838526303 5.496479308844071 3.924522300586414 2.767128182919596 5.299299602941799 3.050297221314616 1.6716061318197513 2.88136361802819 5.7817772254386846 5.480063213561557 2.373222718967222 9.926761817940983 3.0456769912754487 4.429552358171087 8.093454475395493 1.7500284675689164 9.452322111016176 4.328284653367158 7.258352290377371 7.264809243256198 8.090134915306072 7.222143427483858 1.8155265945458234 1.5260863700214684 6.035645934736752 1.436465659512709 1.6974178442623131 7.020403126200098 9.23456464424374 9.042692733869776 8.0066691122217 4.584933555152871 4.129079280069405 9.396514087245858 8.372790094252355 9.462987256388361 6.874930182045199 7.820304402500733 4.954183220160361 6.259333999326852 3.9261311498861184 8.28058208082888 8.226997436397106 7.811743517181026 9.617577885824174 4.518296948457802 2.018912988597602 3.7610738732649924 9.171154553553977 8.681114407658333 7.480675959856801 4.026723459007924 2.88756310699244 2.4101369775583947 3.9415778631757408 9.237952069000425 9.357659599387043 6.593739374879509 5.504355289292639 5.76920383791991 7.493400366942464 4.190632487444226 7.785120420575092 5.297853821250699 5.246739807845074 5.349509876925144 4.6247523103380415 2.625928123722722 9.85608031079123 9.568962166350191 6.896456336155086 1.4498401835283308 4.061593698782326 9.000139081231666 4.631980274534672 3.1803422252060765 1.6822132159920447 8.520011782428103 4.8671292437369775 1.622075177597877 7.5870481804732055 1.299246582549019
6.339677784245039 3.765027470268012 3.688935025432202 4.327915937451427 6.25215823177853 5.129363689521995 3.7129494494113944 7.621276646627721 6.449165255609708 8.66564853246194 9.955651114729253 9.12427822806933 1.243815228101841 7.739007565389595 7.997087429581177 9.9052811108634 5.755205601636602 4.850322103929416 8.624585323553518 4.260987040526582 3.62163270809116 9.16705444824269 9.437377580497403 1.7507285010535023 5.055960110407497 5.244152963335135 1.6914157398985266 1.966116196697985 1.9783367401487384 7.558791699216903 8.320275156123213 7.586448440662956 7.330673727045145 7.229155169209545 5.041533741277519 6.548028522562345 1.7842327793308064 2.5911691607293417 5.355906869125189 6.5104784628651045 8.241022159342947 2.7987581734460822 3.158861448227072 4.755816427127052 2.7169427597910647 7.223263812729989 2.667796286921926 6.4882651407878535 5.771698801321244 2.809594057806616 2.119742452811151 8.662876085458947 4.740309289141415 9.867336177071348 2.341565358103461 5.75807184536745 2.3066284782455924 1.9806329917880128 3.543571562134102 9.58310256152269 8.296964538981822 3.743402192968361 5.829260611045838 8.121603858570891 6.3402079673219 3.646384208098833 9.189376657348197 7.755810596493086 6.5687415453837295 5.10281842518148 7.11175741968474 5.443513391410949 3.576006596394129 9.807211601039878 6.402177373939008 6.881496441178477 9.044367065042099 9.22554852636259 5.606159882261247 5.427466539184591 5.511455350817158 1.8903500646940388 7.974019733245873 2.9592712713970646 9.533218850128126 3.3831919640626658 7.295187231334892 7.65508281968761 5.02564558272923 4.142362395940605 8.910271424995678 1.1254721833123207 8.842464416236389 7.048333945551321 6.297642722407311 1.3487073613429543 4.270497823423604 1.6231764373393693 6.704442752837965 1.4568615175473023
6.07634894049383 2.967686237952024 1.4632892572644933 3.117471150174996 9.211682596348613 5.090421198979559 3.1710674174117663 9.325078788445069 3.650080653130588 7.99093246374827 3.6515357714452352 4.801679353106897 7.508182701485649 8.031810803818713 9.299133577416448 9.442805838414632 6.705419033989635 5.346974079050268 1.02714202300543 7.050562433615597 5.376801007121499 4.241585588003536 5.603861629238586 3.0406128471206095 7.837712522592431 4.542784961257373 9.566536164117554 5.238854047448711 6.9996902442931175 7.021595338911851 8.992607090334786 6.530480995670785 2.3596550779901158 9.481629379228352 8.665344046945869 1.3504273167361944 5.166397922328246 2.1850997196523787 5.812335704254275 2.4056442055575182 1.7652431530713133 8.542932354863886 7.204395014528666 1.2511034545723514 7.125290198044248 7.538562476290355 3.526105518126335 4.224902545091508 5.9452290619581944 4.046224616166478 2.5686136351366033 2.3683107067428626 8.469535450252444 3.5322203418491833 7.917860801118216 5.242749545941603 5.935786743256823 6.0835962106518835 7.926787310084634 1.0437070511548856 3.9781132775669836 7.006926678350786 4.518725907227758 3.9870709135219125 1.6235395033610853 9.92944924191059 6.632815320804111 8.279520371191303 5.541063016356596 9.30676690032106 9.477647437538199 2.91802975143224 9.124479527836856 8.019768596415442 6.963084339501317 8.671141577788585 2.398603277673955 4.044313075952338 4.907888621303059 7.068047750443878 2.9037846957257054 3.711767809649916 9.973413016488626 8.965515043505853 4.661069264571863 2.4160844927615632 8.169532387305468 1.1126038094455204 4.565447155158715 8.59012860115444 4.1967630188115645 1.971539915247325 4.68201035942705 7.1520189975313695 5.035750023619274 1.109180952435864 1.8651043560191114 1.6699795374948114 9.243863591844482 1.6302990698784048
6.083946545306953 4.1311375386497895 1.861417735860213 9.945610147823027 7.091656319977253 4.080512923103301 2.5977480176315533 9.679601331152558 1.7701508176909724 4.375903718048622 8.252899104701253 1.2650432063613681 2.8627596624669795 3.3575625821507065 5.98415952820427 3.92384740256731 8.8407154976817 8.890177692861904 7.858244480319334 6.00109043643325 7.628670835674769 4.0727361846891785 1.3197629636507033 8.496532305949856 5.255963418569273 3.6289863007214813 4.040777610855338 9.63073672449925 5.962918394306041 4.3073856525463095 9.095250758505085 3.223345491763588 3.4732093665778017 2.7598241016268212 4.604948045786088 5.514240357048189 7.5178712893166315 2.012093352029051 4.056489926270014 9.354301828716794 7.9718638971913425 3.701818368811521 7.464843847516587 5.714625672677155 2.039866074125654 2.2232225662846576 4.341849384758543 1.53113404611307 7.9141817659578555 5.502369291212452 9.382174725705058 9.337103196695917 7.240231261744666 5.7716701185995225 6.18830876496218 8.311731595304671 9.040916868358938 7.779506966708291 2.47461443167525 8.616620125457144 2.2436329615922554 5.648276113089386 2.5928373917574885 7.937562660619198 7.614215522474696 1.046745395179145 8.406811412318822 4.268847640999006 9.305992540821064 7.307506047031946 9.629951955584573 3.909243210326403 1.7733091061243507 4.778378933636123 3.2336785400704886 5.482828083113296 2.5113226136817737 1.826838707389054 1.5545836982901071 5.560454843674956 6.2884629765103846 4.723291074620214 9.782747395836981 7.867147241892013 1.6998551945034608 8.07389240427547 7.326769958989272 5.587120767249945 1.3435118531196788 8.008212598481592 4.814183353851158 8.479548027657934 4.76472462996278 3.1190167480948663 5.581759069552795 6.800325409792972 8.9565396724742 2.4134737172509544 2.7321793025173484 8.164088343174903
5.371707602246589 7.03885850901824 5.176989145839873 2.082554483720909 3.6137839738884097 4.053989560023606 7.366063619458832 2.9731518017911354 4.5194435044002805 7.444610863205252 3.1381491739945786 2.1793996717761708 6.0380153579362 2.4019973449361913 3.1765233772675776 2.2395670007649757 6.830640590592237 9.013583699927036 8.24026353110982 9.347109529022864 5.314303801282387 7.307743489001973 9.706477726757678 1.690606869165761 6.681595306158225 3.94704780902476 8.104172960637902 5.441421128938161 5.680295530585598 2.3285868080647427 6.152037041505127 9.553822210701131 4.9807495172253855 7.924045279242138 3.4319176919302454 1.764216504936357 3.624714448429188 5.367380801423501 6.890668993249318 6.600450440191509 1.4580289329567513 4.1484118899394 7.4021030580249505 7.56792730680816 1.6882510229306926 7.382070784634956 6.487343277803956 1.5730891896300694 2.85599108302773 6.713902982731711 4.848730293661916 5.400699528523747 5.280035429259378 6.773866263147132 5.134743492961856 1.05086425238843 6.764405908410528 9.369279181345298 6.304538340388952 7.234602281069764 1.883917211155618 6.776993915665352 7.561863197455464 5.323472820156993 2.768496204587264 3.08215603805199 9.377334853146511 4.880262017016315 5.6213388831354125 4.040782106283007 4.22479666525548 2.93034699815833 4.292160942470266 6.4898627831720574 6.898086320945163 3.1894353910646513 8.482261064011695 9.947458864378849 6.609510441584545 8.52857941591156 8.255338115012714 1.2410295135486311 2.3029539761092215 5.9371664844903895 8.468002421490171 3.991620170481669 7.2137472555050675 4.989582715990405 4.262021108606717 9.83595837902578 9.379630519902847 1.738582259068191 2.703196128801723 8.696620533253736 2.9596352254355605 9.141621988128678 8.387862395307405 8.506430141014153 1.2056407759340484 5.92665442107988
7.767734888721109 8.747704822667774 4.404808375628349 8.634276860188962 6.672478076390476 7.318612626684702 1.8246026757395983 3.4831429727467356 8.551323130972643 7.404255453727759 9.743772093143996 2.632497918061218 8.409470619572913 3.429129071456577 1.8130892813337884 9.355326516571402 3.0742230029554136 5.735836814405119 4.971059348424666 7.11426469758524 7.518458775871389 9.709145767628772 1.3739456365396168 6.888404766510975 7.802908626127912 6.477873124451079 2.781558802360471 3.026800605188527 8.114634233852302 1.2276330587343602 9.67480124677517 3.999069066751452 5.502064223851008 1.915929073479375 6.754647217120949 4.004693960325872 4.460819089002904 1.3000731778552364 9.233894512288888 8.033893368581756 5.363012921337278 7.112303959579004 3.4176161991448053 2.464703337416834 6.072113852442658 4.058346771237861 9.437424484300555 9.15280035790166 5.758952057396054 4.87503631508355 1.9367999439213963 7.854303509806787 1.9502260167609267 7.178934356561069 3.0315945858412947 8.70546554515349 2.5971176605176756 9.452740118341625 3.007468642534504 6.251396101558914 8.827929199727443 5.045512668677206 7.159486881783876 9.594834923888207 8.941362813780577 5.813355097073291 8.476068262043672 7.1906377463289335 8.229122357683309 4.167290363677864 1.1438822384587808 2.2998425069362707 4.153573533623784 4.309016357459363 6.292287514831177 1.8905878306219859 8.14560233442256 3.8131924001534125 3.8581856448616585 9.932602980352666 7.512935196240191 7.050959221787649 1.1246286483920285 3.357475118631704 3.711939733427866 8.118251672299401 3.4393300859378844 2.7476724523245117 1.9277178116768607 5.8711522844851975 4.771245978989326 8.49005521783157 6.346850076775556 2.4043420052930813 9.173993658939992 9.62545039344443 2.684607014763664 5.252618977573277 4.882274558596871 5.949107246050232
3.7343304600448666 5.794801909003687 1.9510838822445047 1.0531606781028384 8.340155298233551 1.4453488886944132 7.307667909933539 3.1108495739938244 9.375310606231215 7.439617907552362 9.562788892305976 2.154186835302781 7.140372344008404 3.1838947541694798 8.493566179594545 8.15027018782671 5.280821497197401 8.437457961225904 2.695874775129317 4.612403524891023 1.0465474310540301 6.0844494034946885 9.285331771256496 6.503176770015287 3.410673658440516 2.328483374479144 5.962985751178914 9.784219234663588 3.070014678570157 9.771290303990227 6.868613580559115 8.701373351032526 6.1538026200732325 1.1137504544557608 8.366137080610148 8.404719257135365 5.2876568212917565 8.787431704185575 8.97502914445202 3.062027056678171 7.655875126410843 9.627612684720958 4.893738992766083 1.183119108848731 9.099408364414492 4.719200516617281 8.90299968295411 5.402814417961094 6.188935838328698 4.676399837034651 5.400909611238502 1.7975207253058982 9.481887160777013 9.281082758978132 7.810919091755809 9.76506229310257 9.464757425884503 2.60530000856569 2.2622748636454384 5.67279047031184 1.953441876332096 4.163377826809323 4.282684651536458 5.190950962944329 6.137697305781694 9.82377746450425 6.180465446382369 7.148557324083969 2.7051876647109028 9.35224846089328 3.673838995044526 9.582318183290404 4.2222000110846025 1.9912393427485986 1.5693607523748043 8.707256324295095 3.446393356184416 2.796125314201739 2.836896200320128 8.40732006388129 8.172294200167979 1.4275439040971016 6.2274565990509725 8.164155962830595 3.579688520515072 7.733758228577227 5.837142434898749 5.351163766168018 6.511865386522014 3.522887883082485 4.547638346958298 5.4744552382742775 7.1887111628967295 5.581143382718448 1.9278599853420717 5.971859282756687 6.7393991823302635 1.1623850343389255 7.4001534616885145 3.5028160314077406
5.142195540179841 2.247734516050802 9.107842613690654 2.1777177322842567 3.458136537893551 8.7327411664664 2.5689930358924644 8.008987239365286 7.921740713644758 5.082180252178653 2.155916842306669 9.69037657228204 8.64701113953703 6.253875701001889 6.107801941336548 4.684926463697478 1.1350969705168623 5.589083190112644 7.342998679216218 7.890907924872913 4.287810815843573 2.2052941298174544 3.796127052790724 2.3292312037447678 1.0712753012818368 9.311208198241337 3.459391659529123 9.423690909706412 1.0983134792583948 3.162186196071472 8.771793912208572 8.83589953367448 6.002596716733842 9.840547428364744 1.0126311238955945 8.675776354710289 2.5659375337705774 1.5217845667125671 3.375066777809164 2.3108631279752085 9.340042699954417 8.009545475312626 4.449117317582215 4.957386226989739 1.641740897963472 7.245233088028871 4.84545161042252 6.9880044896892635 3.1573106916874036 4.466774515144137 9.6564165719966 4.712786482145425 8.712540780164819 7.447420986035525 7.268260078639607 4.921876557656466 6.74133820560715 2.075447339672113 9.784496961622493 2.37176159177106 2.3945672680642187 2.6983839982784708 8.523117985738649 5.169943312988255 3.7416480936318424 7.440900849704169 3.8676064990060457 2.133066658738857 6.9431058743028755 3.9793153761104767 4.42240488517996 7.356185040587675 9.827595961122993 6.234447077947972 8.475149923326102 5.490495865450775 3.459019798079275 1.5527375358432474 8.612268939702368 4.050831146087283 6.930395839766664 8.908075712016863 9.05255249993844 4.232060990012691 8.136151298317504 6.418178890481936 7.03098485051624 9.602739918413894 1.0821270961794405 6.8967744513664595 6.517325726425579 5.540404024602005 5.672954182996708 9.210156812675505 4.569915438733018 8.756713283419309 1.8669350553477304 6.55486235381407 7.075667235250567 9.82194172289166
9.184276188260743 7.734975518059352 7.879955912964088 9.929910864745885 9.380094321114306 4.463082504284955 1.8157958973496193 2.603009038715622 6.435321926491611 4.107595933239544 2.348597353124951 2.9339049409960936 5.350190427104426 6.5592472354274864 1.582325213863407 8.62217775094525 5.768927826624126 2.406213738689417 8.524843029629855 7.8837046141975184 1.3916501676848878 8.897279177226155 7.204802179620663 2.9273525644491567 7.509544605396145 2.481011920341459 4.3597624538716495 9.521900640742414 1.1074135995237333 3.9051322770968904 4.881161131733002 7.521000798917429 3.5900592093322223 1.2658079733231844 8.860990945166535 2.103179532392956 2.536884167953378 6.4300755310401145 4.437174597053076 3.9587675767196115 3.022902581907717 6.509645443538946 9.963692182229469 5.0212819113384555 4.2333057842019475 8.598328108439102 9.97014437542746 5.563926654577603 3.931272390534637 9.654632672835447 7.9748014613786555 3.142470847225428 6.2053838834782304 4.982805450265322 7.000805744514848 6.348030455002713 6.764328421789994 7.128619225902762 1.6087976814493752 6.5984909606306195 1.5817108664977515 2.4322724185868103 7.816453955409075 9.9143995783561 2.107807617646094 4.08153755230625 4.008387889902027 4.382759066227865 7.640492740931536 7.340019494304455 6.9692970172955135 6.064080965714689 1.0423673707942587 2.731345684781294 1.9421378390656137 2.9021937039068537 8.440193735029613 8.521906721965971 5.954227850981226 7.7562077801783795 7.104059612439832 6.246974842893429 9.907217026899408 1.6162212010088557 2.9950111823321484 1.6264905336806572 2.385290011400618 5.898829076048632 6.259626133401358 4.997195276960199 3.615902501636807 5.27110115591531 5.644231503427572 2.5365154447412808 4.720378961370335 7.5488875252410255 3.289934717110839 4.047124139556663 3.1408341735441936 2.2488125001074617
9.290436581662567 7.058318318072118 4.204800337703795 9.863358182128916 4.850735510323325 7.3341943439631585 1.7480092204854494 8.358384607100879 7.323948803432997 9.674497882565268 3.3547491904866735 2.899545271576345 6.128282131460539 4.996735170116913 6.9595526275999955 5.021404480993152 6.166637278685724 2.3961045669523147 7.361092436817803 2.7422541124353232 5.655591267648916 3.6583522384914895 9.17569461458831 7.777791719286938 3.0753478127137397 8.83778393626367 6.492097027617634 2.039627926034327 3.549034783220896 9.685139209276207 2.728154812013599 9.74345693230667 2.06527190069447 1.8532811651188499 3.28779302713554 7.570455189971561 6.8710193709302505 1.297463285717904 1.472374263376122 7.999533412895493 1.930171435437996 2.646067662038125 4.72988752965629 5.620057211001962 3.112489258872698 5.4903430436636045 6.327383439955427 4.220454930115307 1.6392490909427118 5.807649343377794 6.202925793998309 1.9572437590611644 7.405224310164637 8.232881622765547 7.156843319856355 3.240930416161299 8.462225698406039 9.347405072082312 2.3208411229016237 6.266360507281935 9.54304113761355 2.3925671056936757 7.348214372092075 5.612507491532063 8.541594278467212 6.668251837240186 4.320764298834137 6.8146875043804656 7.712630691233197 9.643173873691522 9.054774826045623 4.326610896461572 1.164054940863414 8.024322634126872 4.239642670258104 8.473973150616683 2.844754994939158 7.680384539160862 1.9178626214654098 6.121113198908526 3.222360016713554 8.709105057619123 1.2824938952117513 8.922723643353464 1.5477537102075725 4.213091318732156 1.2118978586876519 8.578645738172836 7.538674591949717 5.767453381129526 8.089820487993405 5.106946798759667 6.571167980153678 6.176912330561436 1.173921453460951 1.3709028659136961 6.426046102651745 4.883354583167517 5.604185359507794 1.0522846453290322
6.731942137301843 4.561299183030934 3.8114478270580667 6.175127059119277 7.008746602717094 6.440126893046333 2.271313054495012 7.12234701754482 1.5830359669368823 8.939876691658956 6.122721439331753 2.3801164153515435 4.0558507370231975 1.1541054206527859 5.177314036509891 2.607978996153137 1.70054448973359 1.2660508921944316 6.32418971921166 3.380976006991329 9.657314672377527 4.571187654355324 8.451746804663358 2.5420643092581816 1.6212593233059664 5.3554554847538975 2.6623609886931767 7.305319331136071 2.3379162993723135 6.984700587916472 6.279917146728015 4.8982450315081865 9.510191606818978 3.7984959948325656 6.096955706709758 7.405024326284659 2.488317549282438 1.6990443448537729 7.766293532917195 9.949344507823412 1.899307833150961 5.848962359876699 8.07838279654214 5.382515670357455 8.833414897175782 6.686014650048179 2.2318150221780306 3.42639053156711 6.863987624741153 6.136235167187843 7.205623735419477 3.712325946759744 3.3925774728037537 4.132572015435022 8.315833879997065 1.981576555505524 7.002821228016261 6.032780743935782 6.510442459463082 5.848731066023846 6.325402629996285 7.850501120415119 4.683386063084135 9.793052837149782 3.5352243683779925 1.6985616967886705 3.7750456360508933 9.032210872991612 5.4828387856305225 6.030149655177592 7.537684227345922 1.3750261683388993 4.276870013787949 7.8997419564253075 8.410389725882961 3.2668240143968883 7.960767131748362 8.332377541139874 4.011928973872523 1.0138441618361225 3.480774737897831 3.77246648911465 1.021864081020086 4.955009342810992 9.097680328308364 3.069465677453061 9.332342523775885 9.250646732007667 6.3630623338937635 7.712070414045958 9.132212078326996 3.5858288933736904 1.1362474261507076 8.5134972125508 6.984196202157354 4.833314784891052 5.108109323946036 8.091560026326619 2.6659785050840297 5.639972670465028
5.388396887238669 9.067751318756072 1.7192036605837095 7.168578150004112 6.1090563233024415 4.172028661648994 9.29618434258041 9.723476898487299 9.209855098396893 6.883516490810215 9.669690842308041 4.631392058559366 6.279488570796421 1.7102908354968358 6.213623090342248 3.670439401812425 5.546387789710747 4.783535249606675 8.882118675143651 4.017644443199433 7.644186162229455 8.9955767876941 8.565583725708407 9.98059660528942 6.116896767368728 7.460703703854026 1.7790485086762824 9.956798519151658 1.676210211403764 8.517103528266308 7.254513687138233 8.300210305391023 4.8780483277009505 1.7105529497289078 8.949234531714406 5.162852351662107 6.737404757491615 3.791826814455835 9.071484855024638 7.0056187079824035 5.742618239567562 3.4220773845089245 4.2834080652246005 8.765094875673471 3.780228335892563 7.349065915431244 4.924647095480259 2.462807889785104 2.80695925426284 6.970985882208903 1.706356556677682 5.487154938184614 8.37030164341461 4.594481133951973 6.541342381048777 3.991000255305922 5.14002825817918 2.1211936627822037 5.348966783425966 6.033938072397887 7.662159712151653 1.663744990256057 4.692625700351261 3.9273116661888676 1.7847076639115962 6.001961176795951 6.588157546369135 4.01488927616289 7.747899401735408 5.36424121014822 1.0217969289315842 1.2555154772831363 9.593856932289548 5.485203752221564 8.36292410147009 6.470628959276077 6.155075227178144 6.840496550029808 1.6548113921223515 8.716046651271217 6.108726187546631 3.1000717756360623 4.263177277040303 8.446159645246603 5.92105851729931 7.452705926974667 2.3249736368010985 3.0083872849821143 3.895230924531452 2.7165640148002916 1.4744067202937 3.011999213804825 7.513523779082206 6.588437446771517 6.764809963943819 2.281234846031929 2.856916894744398 3.300661179329742 8.176240385370551 4.507350475002951
3.276525762311414 8.486267720836015 5.581100068044781 8.060097308176593 2.718949440284727 2.096719569869739 8.615330691359508 1.3510982689288156 8.44259488562924 7.85430434300027 5.712423366695884 9.889378970296928 3.9962452655766714 2.3605177229551515 9.585185524595218 6.805385970418327 6.49616102296562 9.624026898406674 1.7485311265184202 9.276984397043769 9.115364646232331 4.330308718043388 8.084944611822674 5.708287145633255 2.9847913224686686 1.6099331988770962 6.887815083865623 1.1979014936561463 9.020500406715264 2.5966326657470513 1.355819060781462 6.543737892138806 1.2152047342904386 9.518986543079025 2.899845358888366 1.068067471266256 1.3073397785779872 7.4319859427381 2.222895408553235 5.414095596232979 5.895221555130793 2.883015350101164 6.414951962284134 9.061310695602174 9.359027305574797 3.4699674829536318 6.467920738999085 5.52284406819239 1.0940670220733826 9.015442309786758 3.873651306401511 3.2430383497014823 8.932393732992395 4.539589758773561 3.3816164033681946 3.706969643678064 2.0790165558570917 2.7115853019579204 2.0783573018916544 6.788441659505106 2.6418083677604938 9.1478685434774 6.110488870952985 2.2021727422740147 6.237202575823199 4.587897164566169 6.617028810195519 1.7935316890062305 9.383879579372499 4.687204989161041 2.214651967860975 4.379735544542475 4.469291880066699 2.805206761170472 3.5876073994085442 8.146724217474928 8.884015922963826 9.685701080905616 5.398686920763361 6.862108611524885 5.015694601933448 3.826006867914994 7.941879856306107 7.11163159179287 8.913124865866251 8.98073473208574 9.549199291843204 9.70866671623479 1.3546333561588488 1.2573803329094795 8.186372685342164 3.3945528498523236 6.138408108021872 3.476940014784898 9.680978799852403 8.146282385129165 7.022925809193234 6.772025177329039 4.036432308408706 3.7023109998235504
3.89937910884251 9.377402993611057 7.549458868186064 6.946191540292438 8.831118641396099 2.9811307210352407 9.065595292115837 1.754390519152786 9.196955771352625 6.2234024993302475 4.9381488364502735 6.272594945785368 3.910823415874236 8.397956908895061 3.2776640181417775 7.677947770631917 2.7556179997969945 1.1667232311226925 5.04105802457626 8.089333550412537 9.463320932700263 8.204639055522637 5.377116264030525 5.210640334727714 6.241317974855569 8.40634140032544 4.26811175820724 4.162551474963291 5.435756730656356 4.911070071685998 1.3509712498266193 5.465307215453146 5.592253941653803 6.259391864249895 6.783944092081134 3.5043020447542554 4.8238840910996625 6.396882629738853 5.306925126229224 2.3236856683171774 5.791816909101203 8.099124539485615 2.0930085452414917 9.28544791083637 3.3891819767858524 1.0733687399889704 4.617042819726521 6.753740399472409 1.5923682438654532 9.00972743090608 3.8954919935344816 1.826660318090272 2.251601351025755 7.011257524487172 7.482103544533332 9.643473579631715 7.027891771239155 1.5083843885174406 8.943370450801034 8.689930506948162 3.903644008631901 3.774264846687519 8.853042671191062 2.5185010287917478 9.141889987711739 8.289906146652013 5.263870156879199 7.741140998703208 3.3402939126068683 8.703479909355021 3.4501333782056265 3.9516298076145806 3.740849424804216 2.759272986488196 9.204973913107985 3.2270292127170337 9.905081962649811 7.590283740280304 8.13625465824391 4.62364959203922 3.0964887231881524 2.2563634602444154 9.906277731078383 3.5268549465254813 7.345736635995541 9.588210650971105 5.103841281672967 9.8344643871005 6.045270792538727 1.83045591638833 8.762267852093112 2.022039340213115 3.71261594638635 3.3857552963851347 2.920381297093051 7.877235554395902 5.744348596935488 8.814826396526268 2.9622234741751736 3.0968283386010174
3.893718272148009 3.060309116559856 9.967851964714509 7.4540545921975925 2.7602341357022446 6.95234414261269 8.648937060731859 7.761084795440761 3.304367528725934 5.426080606110482 3.9998711134902916 9.6813320868141 2.831777608434143 7.3145956840394755 4.917366839322909 6.5152411543796855 2.898548637844857 7.842072682951652 6.523268396558566 7.950976121062589 1.9045030427163572 4.171971221525521 3.2720987527364827 5.6586912869682635 2.620396374633936 1.836455833831725 9.445485421389142 6.734345490843002 7.076962387383206 6.77638547572929 9.046376616552882 2.258987998180765 7.673173074307747 2.186505315491001 2.003708735143521 7.718766518860992 4.563403509379803 9.783879804550594 6.837959336522797 1.0075759611820407 7.62917837153109 5.771187827929392 3.436023017769642 1.5077473221024893 1.7011394782013827 9.94039035625023 9.36651127836284 1.9574456612863802 6.895591580867578 7.9068145533557255 8.433946144332241 7.8042069913486545 5.282107558753557 2.8419704567162976 7.286465192134956 5.3989235056149125 7.100989015068138 5.784680889609082 2.5511640194167966 8.318988376246367 2.0521847842992615 3.287543733064188 5.9335295083337884 3.973856990841983 8.495297736075088 8.814789704717658 1.4613103069031534 3.111688561581446 4.486099079213177 8.803466371620939 4.237547672714104 8.32127830349136 6.1151228407933145 8.283803208934133 6.467718893624561 4.61710849527859 3.7067095102407643 8.793748975848711 6.1137123665542985 6.64175548926487 3.154424986175283 4.456526982648459 2.028172983516085 7.498059388537635 1.1390096887254533 8.057728543180406 7.495428792015861 9.810636569295102 5.3285848184948525 6.3246510647999905 1.0444128065396658 9.069631384026758 9.707879726409962 1.323653278025529 5.790181442444808 6.022910811277706 3.1785031146470986 4.888345470879517 8.058481847642916 7.760163155310477
4.627958097423459 4.0410256356879115 3.3930919893731044 1.3125056402579247 8.893783149348256 7.885091231527924 9.257952037103431 4.747053860286438 7.251122799223192 4.215838426036585 6.8946282758078095 5.348004443547625 7.492551413786231 3.5148701216041665 5.545185872074359 7.28438439398033 8.749949303061236 8.551574614063362 9.617959935740208 4.8969483203563655 9.227003137164617 8.111885707602717 2.135841134125127 1.0514540873363276 6.3040099340373255 3.7968598558792443 8.51901774022867 3.1437293779575017 9.334834540741479 7.459069746275222 7.588824811347155 7.660645598614317 7.605045801147363 1.0444986623893744 7.382366269677414 6.581934199739265 6.487425413121465 8.824369185299915 3.6919687583855754 9.898554335400362 2.9358847583697205 8.845731266874822 7.698599112520396 6.1620415696488555 9.929861893924114 4.2989822038354415 4.491531498703977 9.819147470392458 9.903949677758296 5.516725880648744 1.0679715597039587 9.359966312324396 7.5405449822075425 7.039129974772727 7.117410795309091 1.9405852854889702 6.265947215454334 2.505870486482844 5.136378796244964 6.897846516650621 1.9805027088773621 5.544021564416847 8.491463626320849 2.028406213645612 8.994840368194003 9.27435253937279 4.063781428972229 1.573210938297446 9.216263793155976 2.8605267352484223 7.67658459169571 8.238444429351734 9.804334434971372 2.7597586554437634 6.279304921281514 6.5705223684856495 9.808466462495591 8.100713460280907 9.692256096052402 9.784890416525833 9.38975303783899 3.6791284384146055 1.2003203627776382 9.147010955721226 2.2283575894130045 7.745274658359617 8.8985576942352 1.2263862609593303 6.451587814340445 1.6048489547690719 7.127534806553118 1.5535311767213025 2.520980375810801 5.5061061225738985 7.439125914665623 3.07152513104193 3.3994848402554694 1.0153834013126324 3.7306046035449514 5.060139443564851
9.40417541887806 7.431826297231384 4.831277168223763 1.65057157539727 3.722886925538599 7.576805903549292 4.951462883093479 2.5385427485313947 9.602314563372955 8.263056980185436 5.4473258852905815 4.662645033243275 1.0441444063715442 6.838648409519859 3.2895672190569525 5.277175370007868 3.5366673148517815 7.475109674890734 5.393622155685429 4.593137763503393 8.947382714274685 4.07517421374318 2.1768544691132674 3.1039997580740852 6.863430924865717 8.25215602894669 6.2511645127048325 8.522244209172822 1.7346866869788695 3.9045858931080484 7.14760627207138 9.327941212352222 6.536822019914826 5.205617735999713 6.845935755221488 3.1604810017092415 3.864684204645677 6.9673756150576125 1.7274791058266672 8.734438438524418 7.171041300144431 4.387164070961196 1.5653877578176592 1.601834173576905 8.560003284365319 1.8915332493970118 6.186788613425498 5.052149889704967 7.930060380974303 8.934416612319644 1.41758565680275 3.725236444454175 8.403181777388086 4.553954037273125 7.289315557720693 2.4120479433619493 3.806483869467785 6.119019141412767 2.8625023472829842 1.5592152618518336 8.806471232320934 3.494374602215244 2.401121523508273 3.6415670717045043 4.923138362758111 1.0928736045662983 3.0902659959967997 1.7666533540451002 3.4216360458431603 8.526059017159145 5.93334044568173 6.067168026604383 6.454099545520596 8.265723045545375 1.8306709416745077 2.1687544690754654 1.4043220223663901 4.083201909527302 9.330968815896128 4.874748824908131 7.245358586121703 5.064311440764121 4.565815297279149 2.074144864702736 7.652132253908537 4.7620372313076835 3.737904288663472 8.500343114367165 2.8273479845596166 1.934553507804822 8.618399346361992 6.1549931968609 8.168215288186627 3.438044645471853 3.0038902232865485 6.352236999529456 4.434035463446639 8.148712582110988 8.832198503533807 5.6484344627924035
4.2969361018728325 6.410140050228449 8.254496696014902 7.4894667792641165 5.157830435032126 6.782570855801928 8.318449577256679 1.9081546042251585 4.290363672548219 7.323023497163134 5.4607685598955005 9.354278046628425 7.258972596070102 4.4592876949397215 7.970085810417141 2.4629056879473037 7.436375011014521 1.5542293776909535 9.098066450454738 1.3498067296667053 8.069759285656318 1.1243015702947472 3.240526796754833 8.934960373794226 1.4102274367489103 3.1013002001490086 5.9626692315190715 8.761120790989548 1.5759644294669994 3.9813608977166783 8.47560806662771 3.4549476663499314 2.320536187158899 1.8684755086568856 9.719503933692826 2.9167244875666194 2.7947904839338036 3.5006865228036967 4.6882303208940534 7.11347546392428 9.044489043233614 6.238230330498128 5.091857018997957 1.583861248628276 7.90614177147982 4.905056506531658 6.728853789811277 5.019762815138918 9.27733349090924 2.7066235177363365 6.318051608641937 7.432050752861512 2.4471329694205486 4.651960793286621 7.426588433100639 3.1766755641517714 2.9104813280148383 7.42506395559778 8.116379754851408 3.7890482715956955 6.543833287756225 1.9294030424514383 3.2230468227189553 1.138342919404852 9.524809671205617 6.368493511877874 1.3291548677150962 9.420063411886087 1.247528667952082 8.423736531616935 6.885401718587902 2.377245280941148 5.95325928672057 7.565883636303817 2.2251390959228545 9.358465635255435 6.554040705115551 6.731318077946575 9.529284670648106 6.649027227796514 9.156778411832393 1.801146111101981 8.155124784659595 9.755655141220096 8.689571570651404 4.953808864353861 1.6689155604041768 8.979148965775515 5.387973121574135 7.4202549950232 5.360828148434617 9.072658561461607 2.7116811383802157 2.8521460686021474 5.702627679588123 3.3057306052350697 6.510784886146329 3.8764627860808885 6.8785229599733615 3.978134443635751
7.244333710939668 5.6207354561933816 4.786716517383331 9.125409763369385 6.618251401753623 4.890447467026277 3.4422889783208883 9.140973446496522 1.5537182090054398 8.555137585698695 7.422268952546838 8.199446133696252 1.6933423610250262 4.671847154082572 2.3008508626414255 5.258974926708569 2.117453714473074 7.674817663168413 2.2825614815118023 1.9489240352864754 4.557165774150441 9.954885639457562 6.971237147300023 2.6683096572437597 8.552162301052395 4.057841085156026 3.752909739048748 5.550127258675387 4.305411351204318 8.994225253244508 5.9257360352011 2.2485184023462494 5.376134240455963 5.532949646292669 3.8393574614694366 6.857576054597942 5.883262601592001 5.797950465424593 8.602134183739842 2.169771631315639 8.200637292271445 4.508716254439385 9.538723297617956 6.340021204387682 9.962123441507506 9.237955859678886 8.309268663456315 1.1311622571695392 6.79628503669438 7.652683669586134 7.354891752525296 7.55255555919121 7.2759446522880875 7.757982576059493 7.375446484421912 3.3480318719774136 2.8503152532371105 6.787271401476392 7.069576266689619 1.5167210160543185 8.247404117140466 4.012803089075309 2.487120779660914 8.203898962904127 2.073513146808987 2.1290516430381112 9.69891327774379 4.716798903000345 5.6878011862766495 6.4197954830701 1.143155191756709 4.154837717859261 8.063478073405562 1.509587856198203 1.6193252560175608 6.6920539402285115 1.6301224759829571 8.20434615127536 1.7333551848286395 6.937055270655158 6.736235095027821 6.811419530795517 1.5805534797400724 5.224857106212666 1.9430489083801876 9.767109861583572 8.799794346043292 3.30596268865554 3.884693541921993 9.899427677621356 8.905201144375368 1.4810381073006118 5.511799650910473 3.606431013852463 9.433987096083893 1.135333170452164 4.707357737133881 3.9903871498438463 3.972472821852912 4.726269523666641
5.880566817454131 6.333887196581572 3.9411325685769474 1.2893758258017032 2.025559020092098 5.484914041643803 5.1340764601168045 3.3729121317789943 1.5608668717837042 7.505464070338563 4.80003569292709 7.160119556136458 6.427646767941651 5.870800861314181 6.542698770857943 5.285075080094876 6.455900559609221 3.0802584421487413 8.24218075527769 9.126208506846885 6.833102583428997 9.640940949149902 1.1154694014797268 6.8416689898080625 8.328892613994242 5.554485158281458 7.55014710653087 7.574937611386248 4.715661772232739 7.352304752833956 4.17967685745657 6.54748702026017 2.5226362901459574 5.443985593863507 3.5998970845315106 6.944798854803965 4.827657335195441 4.234799192040652 3.400999052224367 7.230885149341332 2.9267760715383817 5.054811771499543 2.222502214787329 8.927920242228787 8.553931836042375 1.8773126198009382 6.437235336370462 8.228924114210715 7.714684426591259 9.494877220044758 5.1737875850442325 6.004139461647077 1.1557380696954729 4.632294527562909 9.726448293815046 4.10977259745331 9.697230431569428 6.947582958524446 6.10544340255827 8.281989512388236 9.017728795521139 1.939609451071203 6.528821639431405 2.558506196124268 7.8259461305522535 5.191056174145542 3.311648988954384 4.302123917849152 4.886558858456883 6.224580461408548 8.275314888071087 5.4611082187551565 1.2104644582547692 9.271014580770094 3.385811121985682 3.577011185380032 9.917887451593943 5.5993329223634625 3.5239127164777106 9.087952605478652 7.281478963184334 7.5041277835441464 4.518752490210814 3.0437090537496103 2.0013920275215002 8.818954726759317 9.063878689444673 5.77918993894003 2.2997853383854734 4.448577981704288 5.492267049788335 2.9149541974344824 2.5107363642905876 3.3473783280530296 3.2473893260332485 2.9932616247012653 6.108853016774535 3.4853678373867005 5.704930076972513 9.112606574377917
5.8285213309003305 7.899305778589504 5.484809214185677 1.5502085197640727 2.8705531832322757 3.5995777942201532 6.949178404678532 2.1490267610925344 7.824325287977112 7.529079400876577 4.122650646443935 5.476661984241621 7.5702562334433114 4.685110615473553 2.034238342242318 5.580297718978526 3.2962618745611527 8.516778584323951 5.483192250062729 9.842688420765642 1.2472649560387774 1.308449583231059 2.9124086689395448 7.392855041840846 8.95603174643094 1.4022535610804567 5.300204039831867 4.122524082204607 7.113137518284733 2.144690017576726 2.4961585386575025 7.14412599051194 8.240268251469688 7.729377042957299 7.298308541458834 2.4351195863955346 6.712281416659758 8.070947066301493 9.830454383220431 4.246037853940587 3.448113747416322 9.871556389834826 2.203718780582861 2.774946648326134 7.969791244382135 4.528038694810467 2.4457588585814105 7.319002364785332 1.2643434090740542 2.746867472082163 2.0608485569240496 3.245093801294882 4.951249668126442 9.925024451290621 4.975860972757373 2.5241083221390386 3.681753282214423 7.081366184780879 4.7619295389487215 7.305434876995833 5.208864343584593 8.992873888489973 5.203558161420407 4.494841514169233 3.076523843226865 9.968337943978607 6.975631192677621 6.355055066526801 8.866951552002662 3.545964644129742 8.312249194283872 5.825112924239642 5.955774237438565 4.625319267566782 6.53904073097784 9.203396200212302 6.581903521155155 2.0742529181614446 8.697980152807334 8.922385463189755 5.045430179055208 1.8735386591948315 1.8599550685677517 3.5231438880426245 7.553691219427116 3.1769183698928956 4.4982283524792255 4.898233674409456 3.246222532905201 6.330226581787896 1.3206234019153615 9.002793331769132 6.60834100411956 8.397579424329281 5.0352856933475705 1.3576919713531788 1.008006914969933 1.1164998914551587 7.836634040274029 2.2729218335276045
5.124253435435595 2.969389078321573 8.016117675648935 2.920165707058511 9.666500969727469 9.044312622577575 1.4116434902708082 8.611151212352414 7.479818658501446 4.7405288017438005 3.8321563401916237 8.552214536205783 8.342481047827167 1.1587802196815 7.4531928810299775 2.496271200741984 3.133474609738733 1.9448964010782606 4.601988766582196 1.0239751243074386 7.138101248058946 5.613328328138743 7.24426533097872 4.310911423249985 8.89853517914408 9.490529500358152 5.11354785656106 3.6914016599545088 4.439052286091558 8.549689750683166 2.176177530010358 4.237971141597399 1.1907085002999842 5.8071489359171355 6.875897163688138 6.813853222476969 4.669609824409379 6.1740629586586895 7.242719532078041 2.1509234726451423 9.945032142736066 9.356359048158888 6.013978256993488 4.293678386888244 5.133429465621308 3.5949257111750135 5.837357216227921 4.1638931337166465 6.863780603430015 8.711244949146412 6.184878136189383 1.1644154647104052 8.669454105644967 4.079793230128397 9.043773935789824 1.497964770316102 1.1737419641750717 7.114539182957645 2.9822405876307454 3.0792985927085157 8.3200083594273 2.4137083423543193 6.394273888393757 1.2557863475820161 9.323597617423328 7.230328327773095 6.6807937599025 3.076284452516276 4.500537679484708 1.6414777858297767 4.8068571137281015 7.3734087250033 2.4145277968962278 2.574783735142837 1.666222619776282 6.0544601949914725 1.0688080714803232 2.6818608122804077 8.993766591558764 9.109793636498953 7.8955268623380945 2.4283529749773014 8.527175794606414 9.512988951527733 6.272699124847914 9.166430584074941 6.423605112510899 3.2715432020756987 3.4897038243952023 5.931397441693607 8.015316010226627 6.972253439403752 7.413763476279778 9.851043294281181 9.655079473334615 3.527448387366724 1.643162628899547 7.764082250292925 5.9937591801332815 6.588839246724099
5.763029918761167 3.1662274988953265 5.84640640107655 7.68765291040401 3.3459301104444963 7.15523812032946 1.628130614815492 3.7528069620011313 1.7266427641262592 1.608156447690472 7.588762141709391 1.4169140713398167 4.5147694661074285 5.788436343276635 3.947973431533018 8.97721181591443 1.3658539097957028 4.507413224872629 7.891124834875785 5.881611746320226 1.0020292705740177 5.675265517489828 4.590047922843039 8.202061715885364 5.716980041848874 9.95017395468444 1.40673770941267 3.758978188929164 3.487702278989917 9.57605511454469 5.189805160252093 5.286994969277141 4.5089265500363584 5.560304531861417 8.823763550235427 4.401127258389741 6.852685757248171 4.416527946164983 2.9733330611204414 4.196545578010134 6.946396982299545 7.673570710874822 5.543143749561929 5.562710392477216 4.105392007861127 3.758560358436072 2.6963814390046226 5.32900690383407 7.449803499573805 2.3899473869938297 9.180092581026457 6.016731992676431 4.124158824325023 9.613280419415128 9.555564384850076 3.2429761315305132 5.971190728720367 4.136871841554546 6.640307283365566 4.2419056561026975 1.1105108124091956 1.9660817034259703 2.878384598921765 5.202843310411413 8.666597011428719 8.075606024997594 3.065149911493398 2.88599008794317 3.2267837220342583 6.180506068644811 6.971428006582394 5.807235008812792 8.193559303709595 5.127289987711801 2.0205287977104702 8.65067964234311 8.533383686884703 7.749758000668897 9.280453431622828 8.470907326320035 8.37972194763594 4.799460273454029 9.840840243352739 8.021521085782982 4.7512131661418096 2.900630814563523 9.3901265890103 4.538703995425761 9.332173897917903 9.40961070741557 8.130833270327312 8.69856644714504 3.5144620945470506 7.687811962652711 2.6679338848910117 5.555344099431487 6.397726459912642 6.461142415650056 6.312523309588926 2.1481337613584346
2.7050574655973363 5.420514498558292 4.514079542538067 2.0219381751448076 2.310695181126897 2.4816124433165423 1.6222496340484036 4.4419318523346805 7.444756491631189 2.744724167928731 5.082874299565565 8.980475176727527 9.01949830408033 8.843341004504765 5.493303514310776 6.432135499715333 7.363075693493592 6.324646427964281 7.55135337225655 6.54076313542874 2.25257501340699 1.0371527112038899 8.154864422296136 6.2327332556432244 5.730979026105415 3.7252721542315923 3.286291373789401 7.68035491460721 7.781670025160447 7.6895851060358655 8.434343713727387 8.206821624044895 4.909068991709697 3.088835545500486 7.857747674413194 6.236305075481464 6.682352827844175 6.714213952714701 9.730278898509198 9.400631033366453 5.074982784638188 4.47865644893263 3.486114785463162 4.231991735499284 8.137938472785454 4.787533366712836 3.398951068218411 8.821103203010592 9.32618504496321 1.9372342607978283 1.806973244824679 9.631462481007699 1.9519526205515842 5.344030926127562 9.542844814056258 9.083725649546814 1.0652745071623033 7.150778381521572 8.435002873501903 7.986793571616392 9.883995993287291 1.7806050516093048 3.9068784513389945 8.82569565720878 5.619383575418228 1.2072073868485074 5.237906060729283 9.642921423487241 9.458622505722282 1.165457830100119 5.983150903438746 7.936488956374115 7.9750922953130825 2.080471654438676 3.297575780360722 5.173624867101947 2.822681770218543 5.523670081493214 9.550606645237615 6.639098462198236 1.9263869020565831 9.344713117706375 2.3956164499618247 4.771368958819442 3.8954330616965 8.920854017388129 8.527298650849486 2.6241464078035084 1.6604583246543791 9.485329551175335 9.577529431704 1.1051460890613813 2.162810551891889 7.736141764482333 1.6127615043119266 7.031037969340683 1.4509367807984692 3.2308683986906157 3.9029389457114765 3.307248551947957
5.274432595240836 8.915228726967724 1.9698046336485633 4.233468306762722 4.0563283203044005 4.50792813685877 1.8039793018844719 8.00053746692896 1.4637616390212453 8.9657131427684 6.609509561599154 4.024525188112364 5.075568376669335 6.1724020464277105 3.187428366105239 1.5995709993549019 7.66159189428688 4.373979803792313 4.792655543695297 9.967387406726363 5.116316469569764 3.7678905433737535 9.901671607741584 6.4141380702325055 3.7769307210301672 7.560208780037527 7.956327122537868 7.101414434646376 4.692427013634703 7.236854963462045 9.120234373021413 1.9936943528140483 6.652760431889378 5.124075779027634 6.681967457796866 7.664627084115006 1.9468304505887852 6.060720494211367 1.6763581939421122 2.7616619080663174 6.577547861681685 9.862753206636805 8.288938942443496 2.289050832682932 3.0834418362920952 3.327425388394722 6.668397684054503 6.8054831710563155 4.881797116780075 6.739130955409313 2.044898225606489 5.379309306986988 4.315137669589147 6.047348041052919 2.9534164476800653 3.695588693951782 2.7839633225988276 9.56167755109689 1.9284171960742107 6.243036648914325 6.55550768397179 7.894636110417477 2.1068441681121843 4.084172024771931 8.071039573032628 3.7276361555643316 9.996844835757578 8.822235801755951 6.384754845977903 2.821677185355575 5.685630289894302 4.336220743991726 6.71975941462823 2.5606774021384746 5.3706860288449185 4.986216019516623 9.906201067021902 5.053378916349246 7.290225560191495 3.3758077227532937 1.8001741124069293 3.1295996780045385 6.573812455342547 4.814915113837799 6.483732366249507 3.0435489116532506 3.957568528475541 7.161038325547967 2.808649736832906 7.003052647295766 2.1684376285835447 5.427823030488269 1.2192045686074775 7.80336298958651 8.998332852429282 4.905342581821049 8.939127121843166 1.3295272553335824 7.82007031149486 8.689016247244732
7.534487701008483 7.51271898420886 1.0249142944294243 8.173769457647696 1.980886905903863 3.4604318686575244 1.7364062212155469 4.050468085723907 7.379961122804498 8.65401013827294 9.445129024066489 1.6076303159942458 3.966118593806122 9.20441796482796 5.162203229020611 8.565659979870325 7.457515160113354 1.9624456055522717 2.232351547060963 7.362339703055605 4.652863813904334 8.018479981189904 1.3512980884767436 9.633372476340128 1.3988910841630355 8.381640311949962 6.872304712450441 5.298285519549368 7.009180163142427 7.302973223228531 8.759183188578099 4.102423586913994 9.911274931853166 1.01855180761904 4.9025857684719405 2.604899041268585 4.503669245193278 8.433178098982836 9.764505641917568 6.433600917313485 5.4397021053797925 2.352074878281011 6.918095526126789 2.3152313858279356 6.341476752524132 9.144066209942347 4.1306643894763075 8.759475940324991 9.726481119998637 7.835113885442409 2.9260648059632905 3.177962338628755 6.899025709595778 3.810630696116773 7.166656170381857 3.7085658544933167 7.451208858430986 2.0724362622361348 1.7548872886418665 3.149733141473392 8.456806057561678 9.665935404486348 5.818931861283719 5.5519783614548315 1.7581962281363808 5.552401439728638 4.094882412624452 7.621376065010701 6.0054652370768675 4.117536719786949 6.654491552423518 8.933791233766797 6.471359520029289 9.060256592200522 2.841607958818078 2.997486323304728 6.378067626648118 3.334480487035294 2.380592651345495 1.1620352545137993 4.358716767627588 9.040237700248493 5.6631556067818165 1.567520970062826 9.998570640491971 3.8634207056749914 6.3557542652675085 9.875273877443316 4.4806295058106915 4.782119062849167 1.731394542979344 4.471183845247286 7.722966187689266 9.630141231316035 8.733817629829044 6.00714436821163 8.995001759362822 8.685570001914549 9.437934157436663 5.186426833351963
4.893321761581042 3.220868159680675 8.742705279193249 6.181728813634935 4.811675968082012 9.675730500861393 2.680895152878148 1.6466638643557672 1.207037544763847 7.123868817119628 5.660855798878705 4.747270976704536 9.355909009826682 6.128473529175886 9.931337999357034 5.940320147085233 8.47365699994096 6.854488441970656 3.883146834633931 6.44552213905383 1.173153473788875 6.112286927756809 5.655718928945635 7.80423252851901 9.880846586063184 6.50019625705318 9.849378115963997 4.984035910874012 7.530015671914092 5.612638143299813 6.861193142322544 4.0896709419218205 8.723197601322434 9.692076112221049 7.622634514807654 1.8447899320980847 4.460332896357501 7.679881293349657 7.763319974426433 6.761257206711867 2.5674910298333735 1.082212159452371 1.3519939781497674 9.814416611621104 5.406822801292222 6.403763854423674 9.824707853461337 7.455795223795438 2.336309157604297 1.40515595693711 9.416410552253922 7.646582856356952 2.5080604313887034 4.521412521452389 8.467162569121214 4.78124753177811 9.023535683128003 1.4289320755992718 5.664000451649351 6.662802436088053 9.268957166764304 4.840529529079233 9.247012931495814 5.041784289721029 4.452704527046164 2.850824279750519 2.7841977278642753 5.9802295955260325 8.408466517920782 8.309972829214306 7.623696500667794 6.826685217210633 7.386968515321518 5.326292524055834 7.0482084614504785 1.6033483674426026 3.37492096600625 3.1505230281449665 5.985459433785307 6.586767465075501 7.0034075266650175 2.031092563536837 7.5903768480859695 7.677533209989989 9.847864137521196 5.15452180982273 9.249430569371823 5.563309448230783 3.0248491160397637 1.3302444896079137 1.2093049181873226 1.2954062246042617 2.572526289957019 2.8624777262334873 5.432838267792874 1.3489958588375273 3.5607741930793213 7.533244446333496 5.770116975513952 2.30356120572526
1.357787861467063 8.646397259656265 8.49629173180959 4.519632681044601 9.074645414790812 8.906005897131156 4.052481026394515 3.6514619272743314 4.074996635552315 5.671916276849028 2.56229064235512 9.371654594088476 3.5492900766590263 2.6815600809061886 3.203116227299269 4.638166224766866 9.664474524699573 5.14577503172014 3.3483369895049555 5.7321661075043195 3.0413124013013055 2.97094857194126 4.9813769569832544 9.158662507745614 5.241637865169177 1.0079517150272852 6.539264487731195 1.5119478327672453 3.016774815330442 4.083372872486524 2.1758177922638335 4.3393967785358605 3.0991985323788205 8.248534036673252 4.9367285369834555 4.671023850475705 1.1851827904083945 8.515696795209788 7.2338013156602 5.849933395077567 5.711915260389367 4.013109809275344 3.4106594089871827 6.964473380748644 1.2051397459502868 6.742328407284761 6.677548041742969 9.921298939291495 3.977903808520617 6.3492844923116785 2.3793562579006333 9.712680633893632 1.4394585321906623 8.08839804495152 6.750459644428832 6.747423491996273 1.864457354378311 4.129515862771712 2.797185066777114 7.663344078451761 2.7816080365536413 2.261818549489894 6.12963090421598 6.870915764810894 8.333967651218263 6.170990298821882 7.784261439180435 2.2538649172870207 8.992769961955371 4.250003731398211 9.751932194630125 2.1860024893845824 2.0408543901771 8.314968221008543 1.743209170631509 5.898602589130561 5.079722787962884 3.005735686385843 3.3130196012018396 9.344136299563768 5.0778529521659035 9.22154865265985 7.8263124334982805 4.276569736110716 8.023938748626726 8.730826570931509 9.78644386209096 1.1637113264724421 9.375223662941732 4.253239437615658 8.254915894251262 4.298343272745155 6.420423609495312 7.354784818492716 8.496661005506006 1.5639882494439066 4.110838040013826 9.058410455968474 6.9983790166955835 6.857242126335098
4.545734295301379 7.145132984740405 8.593589343620527 7.382378535013654 9.791010543855247 4.1677887966738325 8.743152808549507 8.595394978919657 3.631339444638876 7.241588682522103 4.064215600187935 3.946422392484407 2.1544393991148603 8.62705758127025 3.8043111524855604 4.81130316228001 5.972372430213936 7.23029882672242 7.999884761604031 7.708896560066985 8.583544585007786 4.271904340354225 4.94556515150215 8.6754033359037 9.420636803362832 9.22084637647135 1.5571695185154948 3.3690898159477856 7.556491450778214 4.659916743706271 8.2538221852857 5.932576141373129 5.6066908020836514 7.960954849751473 8.237636339371424 8.482211808325115 2.8606422630700066 4.924584167765412 2.481887963936672 8.84448652266763 4.28282127329696 5.209859681425 6.040992982727976 9.705350456838008 4.338352007427454 4.391859646917003 5.971710753675315 7.519786870081853 5.591978571866888 2.921148822227805 3.285228540048916 9.513160395889479 1.450358547271769 5.932405256222674 5.27931002660943 6.782557064746964 8.44869301911814 7.413922673402176 2.6991734428421816 9.962737194854792 9.304540986767893 7.480606069404091 5.42611385097295 7.969157928632006 6.035949519278896 6.820343355715017 6.69988423466231 7.577631375638432 8.451593185653733 3.2454349273909653 6.772234923515877 2.9447311608338236 7.757076538602188 1.1110028299835912 9.397023570581183 2.75391670623963 9.715055414362602 5.7295591677368485 7.20154767458991 3.4257567035984535 3.143598967874989 8.616818890991848 8.862835144861114 1.785126884042163 1.7437513918441514 2.8132133408354285 2.5728185312566714 8.919758544421567 1.9608657906898643 6.259342451247962 2.1199097409461403 5.933458491523243 8.640805440137472 1.180115372775918 4.164926783988566 4.661483463191275 8.121560790836522 7.414334147152733 2.1996686416197804 8.902590146965155
2.109725403266048 2.7622235600693843 4.862241904278859 4.504110143229351 8.463897198937824 4.446097938741323 5.599540751673077 3.182018498916081 6.088270764404679 4.949249403939698 3.1892628354889685 9.349539570201433 1.4018583211250677 6.393399949257026 4.4156478397419185 3.089803128780968 3.914689301928733 6.957279993594871 8.552372341193188 9.388809597887846 4.005289028306671 3.0900473082774575 9.238338465763553 1.4136152532550428 7.592504834337743 2.4679044477649077 5.029698679802133 6.186060701748946 2.460223610659518 2.4074140075461443 3.0608220505474018 3.7204052952104774 9.45902074277245 9.98938096148859 1.2430205924137363 9.874893862705633 2.014921187564729 4.22301752019819 2.411825205241955 1.4787224930244367 1.4734109268785907 4.946366362519646 7.640722613943386 2.023556243891039 4.621531127160214 2.7327560359261014 9.81243172290508 6.678340227566561 9.72249967696669 3.428940551218078 6.127695948099506 4.9532941526663725 4.40176536050868 6.8084634016428245 3.3588648473908695 4.315481333830048 6.6517840344447094 6.2596368503407644 7.555322715389359 6.743326721898432 8.790353265511726 5.299231841931839 9.492159538909084 7.4289673226203785 3.8904241053662267 2.9191522285818308 7.342831494269793 6.247373113120412 2.363880002142769 2.2693802150125206 4.702309702471301 9.19068473821818 9.725204149565347 8.1854012911745 4.380426283963773 5.200289878983692 1.7180082762294502 4.3697047267387825 2.1248641452862764 4.178801433437558 2.9117914050317992 7.437691275922187 4.062302794604758 4.797675071703523 6.333461603841759 7.897393926756634 9.472144098181964 7.639307352138815 5.206550618632872 3.6557363316416733 7.36517920040882 4.171932088952278 8.99188828649439 5.923723760029907 4.848774261103851 6.521704443027967 8.112834529509101 9.802176582008986 3.317908802215153 3.7043938816200237
3.080404286460175 2.447144765870918 3.808222036462202 5.540367373687796 1.567547319146404 4.762243566585157 5.630484699729318 6.214422202071374 8.072759405494143 3.7895431612204318 6.861460377213245 8.284906574600393 3.1869456417528914 5.3056024865297005 9.452209656420019 7.859806574962096 5.273923139151133 7.447368325907416 7.854516753550993 9.351381560853788 8.64662911713148 1.5103270785228258 1.5167600667179313 5.213965312187455 8.317228498109877 5.868310810757016 6.795658366246145 8.226210217080315 4.720024189250822 9.475041311889658 7.555934262724041 4.908774461493596 8.380712966784207 7.391361785454988 2.041738173646512 5.255288683752258 3.343618714145374 7.531487016507315 8.05636697543276 6.802220182959976 7.5067778520742685 7.781680625860203 6.832751484408968 8.990964932369668 4.01853363533073 4.673423065332809 9.517578109005088 8.421787165589528 5.329839779963002 3.580198363467672 4.484616995800519 9.751733913715707 3.695543373020543 6.449959087593706 8.835442092085298 4.165304569302958 6.374604818007256 9.41590583800684 9.40041957062266 9.726958276623892 7.038078136658358 4.034044099529482 5.000143810434658 2.7671201532088907 2.3801673060217654 4.526790192175854 2.723770804134059 6.701313855103461 9.354425728564532 7.035980594106674 9.958274566656813 8.32545869976834 3.26340196866703 2.9061857787095895 9.938946354276016 5.015973803384752 1.864228328604806 2.003129343902179 6.961942006101054 9.318747720599424 9.237806762872607 1.1691661039846668 8.566247539820289 1.7292372585572804 5.525828662942693 5.342988124118721 9.233492646149669 6.823022527601223 3.9456044209254335 3.0124436422232614 5.821677728308069 6.064196382221779 3.3095020516834515 6.918469697306158 5.25772655054625 2.174433205606904 1.1695576250440758 2.4799428251045903 2.0051061383118998 5.109127628847337
1.8216603761796435 2.4160973518409254 9.352631320545433 4.783249625541366 6.929913454009791 4.114919305099647 2.4925758510995357 8.223213183478155 8.850976631202998 7.234113353326309 1.0398034816176691 5.904465471409179 5.022956548710277 5.502302957284201 2.8837095967781585 8.576721109763177 8.76076176599834 1.5238048040261822 8.948594777297588 6.329573079890687 6.189202074599066 7.835827736963222 3.433528908585185 7.4190545616875685 1.5671221348905846 1.6841352284100564 2.620921469782416 4.381097194621011 7.971909715643322 2.854823689584204 9.295634594150677 5.665192819088011 1.0890407043620924 2.5229818992802375 4.720423104054506 3.738330052332583 6.160498917307127 6.8994650407644755 9.14910294545649 4.153451534532267 5.976166739281172 5.975047395150965 2.679523822070742 1.3310058011139265 4.59513670861433 4.392384548386524 4.262252993650632 3.5900224761408137 8.60091307801033 7.706650608064792 2.205622336112616 3.9367803896960334 9.340129589127962 9.448943643590349 2.874074105101681 9.901207302005613 7.29538344347334 9.72506185326114 8.907752329469572 6.95400727020521 5.326884532257628 4.16136262550269 1.890402879512615 3.7965176994381924 2.659711103581835 1.498782591491096 8.053951156363755 7.2801555680044245 5.413867208720496 1.754120350355451 9.844751652319255 4.1389914012161775 5.167930218541234 7.635144354314804 4.187011573828718 2.233647166375898 1.9185085009184943 9.256155281067528 9.817072218971997 4.052400279139437 6.991826380184057 6.005851484791314 5.339702399805026 7.2510357067422575 3.42581034578639 6.571544477729333 6.645009594829161 2.2965526282225506 3.8779931340571703 8.270994011818008 8.838232656944466 3.2339115540142958 3.700074982768159 6.329008056664889 6.05483897295859 6.1348551687128 7.816917989818617 5.287471608641247 9.77219839708545 1.9975879781942278
3.933590269934044 4.692681184408528 9.72885246987523 4.678213231540255 6.128315747898268 7.5903059722879425 8.071261574383996 8.102413651788105 7.065756505840611 4.614587012109 3.212877162373376 8.8172275967775 2.373153780219088 1.2948576132687946 3.513645158406696 1.784484127295337 6.961456179408473 1.7959277300679501 7.803730177839308 4.5554077013263585 5.604513374956956 7.72927119403054 6.775258986312631 6.882115785684219 7.835973721491716 4.648941000737533 8.68330962066086 9.867111398646376 9.774316448312856 3.741793658255148 7.665896031285859 7.385536344168477 9.907385570373895 4.075802206026441 2.689268041957569 1.3503079280729158 5.109404845521199 3.906454265437773 4.845041925481484 3.3431640352220593 7.136525746168689 7.4949164424321975 1.9419249234850025 4.78169918663131 5.81122116653362 7.5790112868817765 3.6207842502419423 7.519501403516055 6.684731784242327 6.241957645216446 6.44749670350943 1.9941640089696953 3.692830826802445 8.153543608265743 8.660441360543704 5.141722655328108 8.01912535224471 8.866918209162218 3.6377036416694 8.585954963821454 9.209148496964247 4.763550199312002 4.295284554297988 7.938932816199685 2.3534489843764574 5.247532113407872 3.07040485845206 7.84920147715861 3.94091262490075 8.900701238247443 3.2616964583309604 6.867907551058989 5.764013099866123 5.4044114957984 9.774562256076587 9.975910804866405 1.6783896123535849 9.298490690982094 6.830601952338531 1.0670803168630596 6.7863614143835385 7.177223602338328 9.92465967031447 6.17267389983175 1.6071099458959313 3.2569604038195363 2.5690167141770477 9.586891762659809 3.689919704941478 1.566341805834758 3.5654713653312915 8.297580137059061 4.859970101595307 6.2900478987364234 6.374870373322335 4.197433229008876 5.687828078287294 3.5548545193894854 4.597765665756464 4.365997517160537
2.6105997657959055 2.9361715700698894 9.433166296497436 9.257966987639072 8.608024380150475 2.991451967436987 8.385972464054486 9.685986863372424 4.615197026772835 2.8334376660701586 7.53591908124449 4.703258841813481 3.2613730875457168 9.574229789095588 6.615489878296488 1.9670059877107853 6.599947288838818 1.6567998350002624 3.4570811325063184 1.452867028999022 6.919709258609973 4.724604231258564 9.996304249127894 2.383715623432132 1.5350798537791137 5.035131159833259 8.52776264969365 6.774892222867267 6.913448560529747 8.2489565847641 7.447515801836475 7.5698288166143675 9.452181404923683 3.553857736945128 3.7431844746965366 5.794165778320013 4.267434739677229 7.308949256346179 4.936487120142456 7.469514068130727 1.6870343161855155 7.69921656990585 5.2974677309262095 5.618879379470398 7.993490832328227 8.927783525506015 9.447233218775182 4.046384213342111 2.059202724282671 5.267342178466924 8.376323797833091 9.52932764209553 6.994842312765059 6.381038306118616 2.5724689483423657 5.3175463227062645 7.097941331112562 9.386813428598142 7.665318482734481 9.86162924508624 7.988232928354251 8.448270796702825 1.9205405080058977 5.570734641176433 2.380371469656287 2.428138013857797 6.141360572581931 3.7117015663170783 3.493762189985353 6.052499541978947 4.114848267886314 2.169894931084463 7.061081750742596 8.161358789932148 3.08233261375744 7.719158087450916 2.1893684381216953 4.63223633234135 2.18465686025134 8.636703203495236 6.875227647086586 6.577836190428963 5.5612102805311325 9.758060533344347 1.0004254608671683 8.986728553084822 2.8045734815914427 1.5478923209709377 2.2915576702459743 9.62842758881012 3.0371884785195693 3.6424196097743673 6.930771028246209 1.8505288454512099 6.8180688624305334 3.5596176332841116 6.897431428431853 6.815117604428148 1.2579049931198956 9.403953884605075
1.307760899500575 6.167601456480927 6.159358906624979 5.385549886098053 5.975671129027149 6.453758940327212 9.808371337117142 9.885915553579952 4.1043012770274245 3.2655346327945938 1.5719120034248748 4.998074469176418 1.3983948715248995 8.857469657222948 9.292273149520305 7.636051235222563 5.1563237320972775 5.890092470424428 3.845832471101505 8.468810808343427 2.674305430950566 2.2062279747113607 6.550481183369447 8.315285945283216 3.9470088821978 5.16899054479664 6.1596020993503915 3.807603212411027 9.480948959231158 6.84440399298267 8.28585369747389 8.936101717842964 3.2669517322884767 2.799705156267998 7.780172162637751 2.5456145588717236 4.296092510386664 2.301589352003669 6.875261225375538 8.582673496631344 3.201450111781549 9.463116802985581 7.324588006840944 1.0057327162163343 4.99679426128794 3.133249384290477 4.821538727984025 6.846524493148539 4.352186305184302 9.274410178800151 6.254802238826657 2.222642834621039 1.9198909911083675 4.6019582413079565 7.11573231903597 3.082537848276197 9.048355997052337 1.6126041720445223 6.89350738315488 4.227417198332533 2.062371403229168 2.813426249373888 5.472497970689648 9.455493845519655 2.866157084753813 6.440228246474744 4.378566776651749 1.7417695001257822 1.808193173933365 2.0519513117639305 3.131351494078345 3.484684744338203 5.991499061585406 3.1195859038866196 8.452221224209612 9.978504880880113 9.88624536689 3.0048605710895075 3.551340343350331 8.729137822117183 8.822802714403153 3.936782910243457 3.562896571149433 2.326789385799316 3.8133699798134995 1.8237792555052392 8.26763914298867 9.850977335678136 3.497129031142255 3.1156731488939817 2.7940719667505163 6.223391992469724 3.2675024932084513 3.1124837699249666 2.1659418902646603 6.930868068773166 1.8196529264324912 7.837904973671455 4.417344762576274 9.354583657676269
8.277742843245951 9.226924876853428 6.257562552730693 8.553893491160158 7.973213393128524 2.8614070125193343 7.580894627011836 8.137077124706474 7.1633297246369905 3.2064321558141033 3.9651807956932155 5.240261860145164 1.7364160127672035 7.2649756152575256 4.655800079546831 6.75164610067212 4.489158439224121 5.388865410145381 2.7618867268779392 6.321593617985262 1.468966441745431 4.0114626548517105 6.188174290655374 9.010891083718793 7.799888545236811 7.041100209554679 8.579724483902526 8.590418804131996 2.96122509218299 1.279140372124905 4.2282848979307115 1.016779982799732 1.0441438132834484 7.69983816957833 2.732888720873466 6.4404870286473885 6.264955081211362 1.942662439085483 1.7273416106183375 1.6844921801569157 9.275599307070797 2.9768136970972363 1.1065042813642514 5.208187276012067 1.4673872644690327 1.5337363796756391 8.007107139489252 5.424520834638607 9.505706180909218 6.021552739123657 2.5746862392419154 7.393545387244739 8.669219852794928 7.3773135449017335 2.088579254726696 4.727678388743473 6.865213950972059 5.933379137836603 5.881367801009587 5.401715872704208 8.765888304489529 9.73489616096383 4.676615461331688 4.242160153389528 9.557997065944553 5.962420738249987 3.1709991849427364 5.590794841130631 5.345491045308205 5.072252465235869 1.754008989990095 4.112596850622658 2.4278280119920903 1.9580069361062074 3.2344283179221227 7.373153861914565 5.646810749048532 3.8999881312044034 7.345430006980485 9.37908231620292 4.679166555449429 8.134449489521563 9.548461679982879 6.854956964897027 7.9395342177817945 7.982533181278652 1.406368970374039 9.662495288984461 6.204237343292038 5.774363490236436 9.035126644048225 6.358362723141328 3.7267698369748974 5.589148976471572 6.191246838985509 2.203706914476838 3.556256004296508 4.187860100912056 1.8717019961214314 7.013435207145936
7.443949497346711 3.9282755162878793 9.121467488400288 7.404863493432024 2.3320358707391273 2.7292822780476342 6.329143763664268 2.197562455843637 5.757460024250521 7.315445081903666 9.259005843682559 1.219350028810588 9.1128891773531 8.937843547895694 2.7447945260901414 1.2736646232803388 1.0975694980930766 1.2709024150229746 7.505039585277842 2.885478917919065 5.475453515785965 2.216507725338608 5.466655942942212 9.71068658655167 5.914703449550684 3.987959226540801 5.696910192290717 6.070123912553426 2.710717822606182 7.511784065244034 8.732509199749579 1.3968287499530578 7.771031369038521 5.784667133794791 8.369526524676505 9.135665025248226 1.3583275035602844 5.826429439403854 8.872122596103992 9.195908005265238 6.65752256725901 7.652067368295618 3.8699851721282084 9.324514803742492 8.431536863426086 7.805000174403482 4.5859861003223195 4.704586549192362 3.4888621013492944 2.664024498906284 5.152779357319264 2.5152162367542505 2.571787198508045 8.871497217478616 9.036094707764768 4.019042100425938 8.850923293153091 3.7768585679449407 2.846774527886465 5.474835261851495 9.47740850322061 7.916456760363787 5.152257453583197 8.311148579109247 9.26587097940347 8.929849671384833 1.5799267899447287 9.676012720922483 4.844447149846253 2.7576208203504513 6.209670496304583 3.8984607522330306 4.466087970343603 5.970659851595726 1.2147325081562075 5.734910935606882 7.759189309500444 7.614172262748398 9.299170820618993 4.675523115860981 7.590245637969314 5.88878771355693 4.103874994346613 6.118701753185568 2.5054111350582495 9.586416965608311 2.545120950862512 7.508790212498584 8.941787125423552 7.132546553699577 7.118374094193325 7.172157171565148 9.39928184581624 7.996643662637673 4.095394521194759 4.884999233017644 4.671701559096366 3.9889487146751423 1.4307301720932137 3.034503991018025
2.2251450722023147 1.5615285826335663 7.581080165475583 5.597647684845794 6.581691389330542 4.991802076284891 9.464502195996515 1.64429428157248 6.930223314957155 4.96938466557279 5.893783125725136 9.86362674082136 4.660792209214332 4.206252263180894 4.230937480821542 7.874275083976434 7.519468685468252 6.345299197022082 7.550656516107674 3.4420621821942934 3.322967853009405 3.5653929764796946 5.752948864567688 3.345486030054151 6.715757750473751 2.9352874157893902 3.360297854700817 9.308850777750461 2.7577857578098506 6.707260621808734 6.825255440795194 9.354238280030465 8.327523656265587 9.815083183231184 6.058829965318991 7.550177335247157 5.427020393112225 6.44322128934512 4.849546628823125 3.8097838904124743 5.272315028833944 2.550187028373419 5.373435738624924 6.232006287303861 9.029275936022772 1.993252218688573 4.101887809444868 7.983274008197913 5.917422955486123 3.7933789625881493 2.2456656580399468 6.945205758287591 2.920009266479713 9.56224946650442 5.711048066590303 4.803497952862825 8.481257375351506 1.5111377381552327 5.666541992991434 1.5518281435635375 3.1054892059951396 2.4995497182212576 3.544773535156948 1.2387822769566947 9.636934673593347 1.9475964145860583 2.331378844356899 4.579019403541931 4.0085159656950164 4.2504555832645785 2.370505392811398 9.479733202273358 9.18051169772914 5.243922711051401 8.284996869160183 7.439776994665083 6.532960069742714 1.9006944950312765 2.3904540313072773 8.959763827587674 9.05075059985201 4.666697492923087 2.323594277017472 2.045462220213442 1.4738856664130917 2.367741864537292 4.356065870480912 5.528087385296702 7.710356978823765 9.59610198180717 6.370583916312939 6.0870840366407455 6.33340735944225 9.698825647239634 9.723541380304471 9.245749977188861 5.198840278471273 7.732760573745557 1.775598460449439 4.3753656325735975
5.705550482431453 4.25451758763959 6.422068390803526 5.927728394943866 7.504454174781249 7.705044862032141 1.1614050023488063 9.341055390072576 2.827181180432869 7.117462412541045 4.688564057486409 7.9319052376011205 7.049064491584885 7.091432764067802 8.031420075588223 1.1021631391915245 8.061900691855353 2.673487622119355 1.0995142615310245 8.809742411063098 9.138559696456696 5.950134330532107 6.233441749073825 3.493515059907019 7.426136230588157 6.574476624515831 5.012644349061578 7.969744903215042 5.055413912900485 5.2667963007510235 4.203097841296687 9.538565268809512 7.448114493376515 1.4196993986658244 9.746779725504334 3.5695835762471857 6.4008302351728545 9.741451477459952 2.7386950351274226 1.4365838204500077 3.7724062659704733 7.2419603577761 3.3931548764222406 1.9224921542409628 8.321908616709983 1.0933673602097518 3.5312156660253935 4.192156893155504 1.1773118120050685 1.9279851358203883 3.4906340096002446 7.674601377037678 7.039301137350768 5.876953290750982 5.898121128850401 3.06611060105789 3.5600861094929046 6.59459277582528 8.527229551212134 3.351140919080478 9.450707136457254 4.0964343423298075 6.004288618509356 1.3316006181546305 9.893786067700226 7.435947081582761 8.052405814311271 3.5283849902763644 8.390822458565403 4.076396106502141 1.836474050804568 3.3801983375935354 5.187152218244651 8.498913635260418 1.7755606187104078 1.8740932967907344 1.8052541301538545 6.058286290658616 8.54895085981465 9.806466956842367 9.712179326685604 9.747152702092793 8.202926070216504 6.943317812539318 6.547247827167523 5.008215802920908 6.475698889606953 4.618933214986935 7.457442030423997 2.926796185386325 7.7595369321934 9.09534323301499 1.8712204077120211 2.5603592279512735 1.3742686072428674 7.743835970218941 3.387946813134568 5.53019604275157 7.2022876332828165 2.87532467370437
9.49618354166035 5.571800685671625 5.216370093983969 8.378190202175471 2.94293262786058 6.189757974926349 6.232947780720996 7.254357331934998 2.0381062839463198 7.665522426097105 2.4831818607934397 9.033854241301752 7.561900177048834 1.638120297735521 1.7547105703940842 7.194752469224116 9.546934777367056 9.193023836314445 1.8612416491286075 9.578057140036705 8.519541543654674 4.146344557018422 2.569356317199871 3.8503419683704627 4.292587352715121 3.021236397607441 1.8543826006214847 2.2023198386276523 8.222251721349954 2.7942456597977054 2.676328314066282 3.3644318526376487 7.93864557212258 4.284632601921491 9.259714792327024 6.0415120954956985 3.4333717608031176 1.7522543592183024 6.062982016321242 6.024497168175364 7.2366913538984186 5.3779215042765305 9.221765938285909 8.978419832816305 3.9577411237031477 8.172064789261935 4.285412609346535 7.161164003076586 5.983471874868016 7.707151062901213 2.261451457952805 3.27685103422091 5.671855662946908 2.9204090451192997 8.819579302500093 4.970137815012778 3.9205831074618187 4.933218595450803 9.32449799390004 8.884374408502513 4.855905849814353 3.2191403933707905 9.790245692903198 8.743718934974925 6.231872658378567 8.970021966292661 5.852723139098097 5.006109948408067 5.6217951004824815 4.626040063030832 7.252872067634662 1.212983167454642 6.8117287400604996 8.644537680620328 4.533088993766084 5.739955402293254 3.0298178291030045 7.840824390517558 8.714485183391446 9.795723613921652 7.55325427502688 1.600639958354284 5.5113759648191785 8.25065864214674 8.089641821856143 2.4203330737428086 5.083424918751817 2.279876165876172 9.65734167055319 2.623182519178864 5.6455203421176305 7.660448647777939 1.5608050313697557 9.25406620319265 2.5431634230105415 4.064403172244898 8.279801505683992 9.32174340571651 8.423122303362037 7.920323646982519
9.771960090983386 9.235796502962229 4.359700974130185 2.711173741750105 9.880134220215236 5.554445396811013 2.157959758515165 3.987858897446438 3.3516577712341538 5.826377179925724 2.6735913137661047 9.52053851448214 3.9864752076706744 2.025698239083562 2.06759930059504 7.680875133420301 3.0160387006550673 7.914217851608909 5.449223246010364 5.976850720258538 9.603456569519079 1.4353728112058195 3.3127135812040205 9.252817104838213 8.78459571249822 3.3249704741365687 9.604036293193143 7.990628046514611 6.013895901114156 1.653353601766211 2.886109918640447 2.360610319085071 3.7406774229868134 8.044503222241186 9.28752693906007 5.88841311310199 1.9190586668373664 7.820447151949805 4.126261606477236 7.717994577959358 6.5854512559725915 7.270009733167064 8.428860448543029 8.805079603354084 6.581228894989286 7.747219816465404 8.657343305246588 8.093307855502616 9.321592451768046 3.9960387958091284 7.193351443226677 4.554190013719314 6.032658597104526 9.300642364985737 5.317101789921284 5.8307881772571655 2.25653766862546 9.343972188434522 9.082441916291195 3.6095663438817245 3.5122656908022627 9.7536746080937 6.151262227429978 7.871245361252187 6.331009510587315 4.315778060410404 9.492676738617902 3.1012568729225487 6.804415432948002 6.828476896424126 3.4597315130359325 9.043151034066181 6.956517703478506 2.425051147516063 2.5819077012623706 4.393632833587195 5.183767467874925 5.8013733023639125 2.648757226569435 2.692436025775718 2.0661765665022673 6.001505486851956 1.148303639970971 5.288484306218177 9.801077656914522 2.8303029008781158 6.546934121655988 8.185653009627853 4.937188860714168 1.3492648721221965 7.075418777869949 2.876903056138585 5.032945867015644 8.56110872880511 4.888687434219751 6.720132208924393 7.322838939317663 7.59532719808966 5.8500796336951515 2.418795775764185
7.52732336811535 4.285254894025824 2.2483636882474474 6.935319022819157 5.612759611220886 5.0644556153472085 3.118484416692938 6.777287961476789 4.3629593486925415 8.909750160346714 8.293627850593666 1.231587840903074 3.74759245875219 9.331413736457264 9.266254788275614 2.0015548147686864 2.875262615404803 6.530339941477543 6.001133334618005 9.76034236605932 4.057208619889455 2.8681627170998656 7.070221345827431 1.0636521208487149 4.202812291144526 9.928750095828706 4.83828788865503 9.477845264237505 9.825047967439955 7.035331346464083 5.452766191522809 1.697281755770112 1.7345942839998172 7.101170119384639 5.374143031281674 8.83695157520078 2.8747764219594982 6.00164874951925 8.633538056163381 2.0984256341204537 9.297079981855717 1.567411733280676 6.97837393416581 5.830698797480926 2.2243314488357555 6.580114793411008 8.955438646257832 4.57729478627169 7.600672807069563 5.888147393853616 2.544010791040641 6.76193266341312 7.587365064694285 1.1129625410692587 9.659862673335912 5.535053318518435 1.0173296184030227 1.791711098638474 8.750779195773257 2.5391665729365296 7.260668141261321 8.74731100358289 1.7322185035438857 7.191914857901714 2.8803789344551145 3.7413406087757033 6.647152496760864 3.4233222926146425 6.824958586674473 1.416510671486905 4.370157968327424 3.1892979690750476 2.7344642658889757 4.070510530525145 2.444158673819662 8.608327249049204 7.360388722247323 3.312964666124074 5.213225489083478 2.277819521929297 1.7199626577654672 9.071845252911658 6.2900307313268256 8.77548916037276 8.78123856435324 8.65316534254243 7.966733825255084 9.090967547487853 2.310296893550575 8.263329324551083 8.89546725012998 1.0675390665785367 6.457551716342964 8.527014431969544 8.604657996947518 4.176219194827256 2.0628919102942307 4.450161763529069 9.794888209468551 5.566290808928597
6.27496282112559 8.820526310443682 5.428292046067347 8.712697548041987 6.897014707466117 5.420439033471179 8.407066509396557 6.534405577765323 9.843014971235567 2.8135668561975233 4.386751562155231 2.0781517911317766 1.4934818103138792 8.487926666922256 9.41425521572443 5.480853036327203 6.046406495832894 7.033666398178572 5.294835153532698 2.989754259831642 6.728764071052962 3.445741345815854 1.8293801800453156 5.298242441670187 7.316461037899427 3.7441106099236463 6.274691021998879 9.93806764360618 2.3424729582727117 3.2442913283313617 9.51482113265137 9.07279018031607 6.947521651036056 2.0105038961776067 6.02780041342302 2.339093353114496 2.511386391918415 8.903712457235542 1.9418685701807943 2.5928607721570476 7.021464076086787 5.604948061072183 7.076588350937468 8.389600500603008 7.915803114259232 4.2470095474496325 3.3365049931327992 9.763326782442808 2.13371628397033 9.788782316315478 1.9076042763998868 4.968745021806031 8.69603496100902 2.4072237010726867 4.907789756448448 7.974576668104299 2.1817689305828276 6.902316616428376 9.92887841864053 4.050697647509052 3.419546720295097 9.008410115494556 2.252762467122347 6.425734989914503 3.658852127037454 3.5948481042502376 6.324791120090871 6.974145967326204 6.3391648257537385 8.925917203995489 9.867052039520907 2.3349371870040603 7.988544257854741 8.405601258864007 6.068674963514021 5.737224925131002 6.5506766581034634 1.7630282651011802 8.500097542712105 3.14960319579183 6.784884424017196 3.552814834120714 4.99588533894745 7.485785112821873 5.5897416376291265 8.691382217058564 6.31946070372029 2.576893352388476 6.6419650942488015 8.358184776080812 5.069980873159255 9.997171434992119 2.5077273927935044 2.766334654936899 8.599810659990668 2.0439421329748972 8.613590398901817 5.857011006885676 4.198242941202123 4.379338083059934
4.93174917682412 5.786717780152857 9.34587605739354 9.488659579148521 8.471887352716871 5.470862544324946 8.733495041491707 6.813324557026406 2.8507127692410177 6.859538172727226 1.086672727400058 9.949256395700662 8.283778444142957 9.008168486563406 2.284738691672393 6.7902338550005155 5.861744973585147 8.041609213724207 4.603420696306487 2.834129159857066 1.2584608503542105 6.819132930043978 3.1793286927739395 6.2533226935895385 7.691579232351976 2.738991150454894 4.460254585482529 2.0063958241953994 8.266332103169086 9.637673491943934 3.4615130596360673 2.2413672962782294 6.5393870122358075 4.146520333317547 4.35583223733927 8.488338399736303 9.712472511032674 9.841378387626351 6.365862305003264 2.69804819134826 5.008108601599383 8.45502519993783 9.065795401832865 2.80075732760248 3.6331722893088685 7.0484013388838616 1.0655026661870046 5.239633291739242 9.457441261171848 3.607498873413064 2.091604932179518 3.109856538549374 4.5722162753227655 9.710740511778761 9.542652662101883 6.380490092183978 2.701585157036775 9.484118574138265 6.15244707715977 3.6733666146648636 2.159054163406789 3.120979137875749 3.460850363270501 2.1069383005832982 8.197405160066056 1.708756764710001 5.257084866555215 6.867409704705988 3.098800093550357 1.857622427049927 3.2748246982355442 3.791438309063882 5.986915107977618 4.77235125241117 6.23245724157175 8.322476046205104 8.543026323079074 5.6083137522051825 8.359861009385057 6.806760056915242 9.939968471848987 9.360056882261087 3.9344754871744336 4.760004784124286 2.6961537388920256 3.298443717547736 7.600968727886425 5.300822661378552 1.756516170754936 6.522980021591869 2.5841913853137006 8.77138483512001 3.396404571781603 1.5284866981251986 9.276209131580226 4.84487333994166 8.417909064730715 6.7322038829684665 7.121422579146935 2.513451122274449
4.7005642855298495 6.344932013877964 8.262021439350566 4.544800151522233 6.00582388274139 2.775777453775944 5.25012354082529 1.5061591087628665 5.469232546850294 4.696132666986744 4.465905059208373 6.2405590277925915 8.566849451923087 9.744179328957634 1.6912259418392597 4.50843380428985 5.787396146045777 1.8056429199045663 8.588085282452274 8.346311193016822 2.107247441733241 9.386323689805895 9.227435921043046 1.1367867046615117 7.367744902808926 4.862966216515495 5.353022157104198 1.2318623629208143 4.855148920863872 1.682458852951854 7.268122264999471 8.357792504678294 8.268864066416764 3.940271306748569 2.8977247861414486 6.332268710717692 3.134806752410509 2.2373494390931756 4.514167133969346 4.710870155451137 8.294376102092462 9.701702984786982 5.885656847857005 7.110940054172412 9.066042588831248 9.682806563876184 9.831409343975801 3.4313803680797896 9.240591710472406 9.217311770850062 7.911359760245401 6.3247581427402135 6.519369055434401 6.779762962901608 8.482064956004198 5.582192169374168 6.120295213704165 7.940998875936147 4.6440462673695455 9.01042412340279 8.835989555162996 5.244502320848289 9.533646765379604 2.2234067019857626 5.7462236822227535 9.127968300969187 8.92291573574883 9.244179419576215 2.0857854726574123 5.838092550757405 7.8488796831224015 9.054432848211452 5.274097038051034 4.917654432842985 8.889754772391205 8.692817803868898 8.524193648221974 7.60330478229911 8.456093986687334 9.891161972370295 7.332014350345533 1.994128849669729 9.091135945946233 9.663273138201346 9.042938246827562 3.6746177964187305 8.38748413115013 5.929888540564207 7.619349825151275 2.934145523580092 3.308506911253796 9.563126650196683 3.1095697679753496 3.39780589594536 6.175269256500967 5.10576331152754 4.671141929946985 9.011875002860876 8.04452496762902 2.4398273306362483
7.95389131250427 8.693361451546044 5.000839137277611 7.293451563376024 3.5272361374943424 3.2966810037499172 3.9461029315103153 8.113559307331347 7.020960791853733 6.642608211838398 1.0819043433592181 9.672850879197107 4.131477026449776 6.212565625926319 9.010733670218714 3.5943052796140242 1.892261559172653 8.776816556248722 7.512410133314117 9.806894131818522 3.0751683121289526 1.8362515719768835 9.3163581348334 4.9078722630015825 7.052684429558274 6.075124447436073 9.95182390623213 9.980084512424954 5.578334058610814 5.691625513005588 3.18742248374208 2.461454172551741 2.3898232965057984 7.026119116332868 2.723039130231082 1.5330038134798514 1.0617407172328228 8.43368023404771 9.126976848548153 8.976130395427523 5.574057040220337 3.0778847656671724 9.631699687463879 5.790600392078632 2.8893962315126434 6.403286372842754 4.54406889172569 8.635410461039186 9.745375366657905 5.65474917062501 4.537451128762281 3.953617956790988 9.436792047841436 3.956138814253132 8.058883666183885 6.891676148821715 9.890986502681915 6.042113500773403 7.430220286652946 2.231321506742679 5.9834002313596075 8.027059216596339 1.7265475671640038 6.372328647295452 1.5327833445739798 8.358371633152647 4.834024863783071 7.097604354541951 3.9754011596973493 3.7509455066064272 9.365933775521246 8.021594680592395 4.739451553160276 3.6710311223509775 6.5088266393458865 1.139294343196203 4.335215645993801 8.02072851872471 9.738734160996323 8.003734753658122 7.397762199505442 8.179445505306461 4.486131696264557 3.8771760292057555 5.284478697871402 2.92891855906068 9.729282104560589 2.4518664741974954 8.046031483007383 3.57204072107628 4.700830177845194 7.321474252639428 2.383297086476345 4.921425322990954 7.939871354636212 6.520033128933868 9.850591889764312 6.931963621467283 8.73991799594712 7.454493805708761
6.937473298200723 3.7650741855502545 5.555380586570171 7.468190325122642 3.768986654423373 5.08995137410373 9.360766469818163 3.11822282178926 2.825016016212354 3.8845344111826106 6.104366384803563 6.438625239134142 6.427591839199751 3.132564875413407 7.742603052262901 8.683956882105834 3.097587402594351 4.664435003211215 1.4897534611067083 9.796925385553092 9.168943090654821 4.958421358175313 4.703358634177622 8.494804593514171 5.036755331178434 8.12782228473706 6.735514126607262 4.051204242856107 9.594027780345824 6.924029258515573 6.393737691843353 8.556543446931203 7.673580278879109 1.3249572411492907 1.4039314564417376 8.87358869641438 2.747003196204859 4.257919930920912 7.129853684143699 7.759442638653975 3.1560522554989747 6.073991587926031 8.95415280761226 6.745197351987608 2.7071399723483376 2.9970199174788013 8.298557278238963 5.341773792065315 7.291583311220805 2.3335448815720308 5.5317510766127675 3.711280857617869 2.5914572496127395 7.384986178501072 8.681099041291494 8.814980041167914 5.5056736688829 1.1920362606863444 1.4511193801802351 2.3781261343119438 6.221657227872363 7.207662936710789 4.005681340818547 1.9925796910563571 2.8124639582889497 2.538733034869865 5.528799922831822 6.771339383557869 5.766374887352344 7.057979445513535 5.796864559706346 3.0480851243896288 9.81612611469401 1.0505386659907723 4.5837669845120805 4.261837722778376 4.0712060818900415 2.123642038501251 5.866476951072026 9.771918495212255 2.6007057145282784 4.807880502756267 9.830546302941908 4.015790728461791 4.2178820248573645 4.041077252294189 9.75473655242577 8.234733739883392 1.6738952878437352 3.3170580851112192 8.892076441842987 4.990214134786103 7.438384038500858 3.1421768906362355 9.047359881649687 8.714602707808325 7.685939456970933 1.952612718173575 1.0839836295943837 4.383355399433438
5.280758054110444 7.7378488288089455 3.678358221665471 1.8469552681921115 5.558982461152396 2.923503341287454 9.71591255440774 8.1657011389334 7.4383045129646055 7.023695812186653 3.347866411757203 2.8701337734614767 9.047356598570053 2.684248136430674 9.258231819233675 6.378387461428937 7.529550563240714 2.7872684398479626 1.9648541353718998 5.973769499618357 9.336269193520035 8.031583558791086 7.943103627788947 4.937054248482952 1.8908210645394912 2.5417366622519664 1.011494865240316 7.9525134354460265 8.779638709766203 5.046254732460694 5.542418831852693 6.111957488157031 1.6302717484382765 1.0004749645106967 3.958708613549485 3.1146935824014084 9.174531446086773 9.18141813101714 1.9820923371065373 7.675603627423628 4.852652365103053 8.24770153691946 7.555525183279315 9.006528953182029 8.43388243837301 3.4564867182632417 5.18704032108959 7.118871610042635 7.231256418881247 3.4917778844767677 7.29022692751686 3.0116200336318095 9.123271861228963 8.349234590139238 9.105879727223023 8.774747591231026 9.033833246628022 2.6442615975467794 3.528269876809302 8.43540934239714 1.8935329006444341 8.409836639872173 2.6486540319458904 2.8699459643572323 1.8537389557285382 6.911413439545548 1.0896118205724572 2.5587748729971778 8.31347765900142 6.0247982604734265 6.0676241661186765 5.76843096978279 1.131965279417999 1.6975685942397205 5.194540680417561 3.679141269939452 9.233565347179988 8.464055209385325 6.988982897429081 7.095058257724277 6.539150420025942 9.873266694573738 6.318488429509195 4.565595729675023 8.744269760298282 2.5556151512870673 1.4439739225662547 9.503440098180652 7.800037456569652 7.509111210315796 3.3091844098921386 3.4712817978855375 5.912086365548118 1.4145241115670986 7.314236954145814 7.733199286457638 5.288327998346375 8.584825836960377 9.825377271795244 6.409670057029589
9.63530723318581 6.244897195728456 6.656044448851307 9.55818486389986 5.584308056016015 3.2899989443390716 5.298549076702008 7.51318518724349 6.748600915925389 9.077845428161925 3.89220228070014 3.6850727928419245 7.396811295974395 1.513932907482994 3.141904006351011 3.5815783259111704 2.0774998177612343 3.8156336958924415 2.693782941490737 3.630114965676376 2.2363640024263374 6.005854189743002 5.31741066784306 1.4532783768125594 9.279189795223024 2.7105108594252547 5.43937809792956 9.813567972211219 9.809167798370215 3.7085163850268277 6.028505695035635 7.228578987958484 2.709973052030098 7.2209899595839975 5.897494653750117 6.618941449738932 4.254372908029554 6.6142461373330805 8.584573154984655 8.783602499248456 7.0540322140006015 4.268585519525836 1.9414313225532305 9.383859542140193 1.0399093131804973 5.1044590521295925 2.9867539030157264 3.833277811222749 1.347764426330925 7.538671121827474 7.0911399229251435 4.534535855552119 8.980386476084291 3.2429761847318557 1.683726316744816 5.947755753848312 1.3659949930453268 9.683234298841054 4.608639560643416 1.5692379671955843 4.075588616935057 7.6652531690519545 8.888094655716248 7.664899661150205 4.558565931438652 6.972675707916283 6.708884738124521 7.73480718518849 8.248630123878964 4.050148640752849 6.105962874150506 8.836395508669924 3.8124847814418903 6.2037252896127795 6.742638030112757 8.588582417979415 8.708825236695702 9.56344610451463 1.115865520738395 3.0811738168483154 4.548204591699976 8.20333006270296 8.225917960788047 9.706317051030219 9.326495026958657 1.5736892358669945 7.867139100321028 2.354344278083473 6.228229130026733 9.714245264938647 9.834870335935523 9.199812603160602 4.207506732182299 5.819441675554397 7.8629467357180856 9.988566385525715 3.1874620101273425 8.118044110722792 2.3207144736389185 4.998514851904562
9.987662975120344 3.4473042343611664 5.541353416608922 8.724098518007656 9.734258885125092 7.660126491228422 5.693414587971612 2.2114665777763105 4.609394283261128 3.2931826406553144 6.555246212424235 5.248003457087579 9.356812800623807 4.401932595549669 7.538236771656819 6.655200380521638 4.116321760435795 3.8037398730903367 2.744166041160729 4.2594203307505705 1.732981121028029 4.113871256789587 5.414245910218371 8.830816843803772 3.2409481654336068 4.249409461243396 1.8517070023619375 1.0070309747019763 6.072488681454909 6.441491902961429 6.019540916604775 4.572239070679485 3.7840371931845374 8.210984579407441 8.389992877340848 7.87774835087331 9.669346191040642 8.648479203756386 1.9297453704445888 2.1741213761843894 5.626545707001685 9.375908417166952 5.587583916998632 2.4217764223895477 1.568748897914519 1.3711822242428835 7.142635516213408 7.473968240102554 4.383881370162961 2.602350056829051 9.42234280273451 5.50175997984122 4.345263857077073 1.0386083329795794 3.576710046755178 8.129953300518359 6.573753155886615 6.166624349089058 3.1703520674493557 1.4673588178182566 4.872170489344041 5.283006060526241 5.776946676270283 9.065450023547873 7.670130972216769 5.34964262519153 5.632485514107361 1.1154451602782336 5.481603612193713 9.513181598322438 8.697336927501771 5.065735102012413 7.592789467262194 7.450838909318465 1.2387146944769571 2.9557250446898466 5.307277575640525 9.948838897366949 2.7324872901535855 5.325263922205845 2.9201130017025316 3.7026573604396815 5.418623215112857 7.937992919899788 4.638798315521132 4.330032032104113 1.4938132487281002 6.423998653644224 9.774896085187612 7.9744751949993296 2.223855055368148 1.5388169613674103 1.9890750347825716 2.2360148288367974 3.281280952515124 4.75142785134568 1.3715605863887697 4.361417120604131 3.4800134937135865 6.060704321114171
3.141393642411047 3.595156952465939 9.421293503795008 1.1444228248565604 4.434380540926746 4.968892316635775 7.871148164695808 2.859845294658997 2.9322792683919268 3.066808218950965 7.79233115227998 9.68352209594576 8.374820375913167 5.104676036521966 5.287152214378426 1.882022101671375 4.021964602035285 1.7461779830997834 2.3659738636429926 8.458826532186233 5.956132767240215 6.558937766082186 8.989853419028604 8.756406384326088 7.166554064833888 9.209492513603665 4.98662320904228 6.723425093512631 6.470618627973383 4.732330255290896 5.769564308628147 2.365802334850273 9.5326607805291 2.3946025512825 7.574720175809179 4.932267923613271 7.034696575228414 6.365404336911194 5.27855441187813 1.4810916075870337 9.277443287324894 2.1094749036240312 9.4165287196744 6.929742632876573 7.830641758495827 6.353877628266315 1.3132387843911792 5.242454588459469 3.627576375773101 3.6845114874515525 7.246930122775389 3.8088035910708204 8.990505453869552 2.110355497715533 1.1055952957291484 8.890230328068322 8.553704362351743 7.054916526765614 5.021758134780958 9.013540608462066 6.474873839137813 1.0679533909267898 4.966087168646928 9.388877789127928 6.564546174822058 6.4064334923965 1.399284307722172 7.889740626994782 6.127042819541631 2.8781599114141643 5.265885888851686 5.657198308598703 8.028931921966787 6.414097575534087 5.462574345543365 8.575736001770842 5.829606903701449 9.049231720960393 8.601186908445149 2.2598461025789383 8.726151458281276 3.811467957478502 1.3564437349875182 4.491966177923702 2.810677964757147 8.079962718089117 1.28346897332092 8.726318363136672 1.631342896910279 5.925579007439317 2.0832175746850283 2.513879274669295 1.7845102827690238 6.230392053850899 5.918986656519819 8.955713584012347 6.3338953037435655 2.7771164107176824 1.2410846796343735 2.5053452678515207
1.245620889671289 3.3798797705965136 2.6885579262706836 5.31955426682247 1.8031273426470689 7.693967436553789 3.858882711697361 4.297685881002779 3.864041801750075 7.8847014275721605 2.354080717161557 2.857542081952908 5.9248992112240275 6.228736670917936 5.673999039466338 3.3027974030633214 4.941738623030338 8.695311028092377 7.76629699436638 9.988738537266064 9.94447365424933 9.683087244834416 2.959985972532709 5.455016088100965 9.805720585233678 6.909760200540702 6.469310655514574 1.1170569893547344 4.082949442364114 1.4738111949275414 1.799886753634542 5.967432352123548 5.452890657665017 7.032244323202184 2.3776572908297755 6.872235034469324 6.416117116395787 8.564273103352123 8.301671797289517 8.662812116863442 6.331752665690852 2.3206827908015577 9.083233706942604 5.0051994119363235 8.195187455841669 9.251791986538132 1.2545908323208423 6.953562261351072 3.065425215639908 6.692834616126906 8.578662459513549 1.1590665438417083 5.325066391920303 4.633687571671173 2.7629064848092897 7.009474063895791 1.1779636396783664 5.131673957603945 7.226565791013686 8.436816179923989 3.278484895132637 9.23410167140515 9.740950250825302 4.1350090119566225 3.7855280914991356 3.005794195556788 1.4127374646114759 1.5302785889477866 1.3325246610063939 7.5196129783491195 5.07132722077495 2.941681747622422 2.5885064845588097 5.0410901390810485 6.423379620480332 8.41755238231464 4.380400447711048 2.815504092682362 5.03313046093115 3.552146148947438 8.496411248367139 8.462386856425596 1.638136690744787 9.049511150373782 1.9679458269837689 9.03939247627525 1.7686835621030084 1.0294481769924222 1.4431556686505376 6.411050760315307 4.950580214682345 2.864242807384038 7.838630029914318 5.129306238040986 8.743118176303966 9.079556189770678 1.615250343090458 2.710461715119971 3.7681149711947706 6.5432439005932395
