L:
6.681943240419315 0 0 0 0 0 0 0 0 0 0 0 0 0 0 0 0 0 0 0 0 0 0 0 0 0 0 0 0 0 0 0 0 0 0 0 0 0 0 0 0 0 0 0 0 0 0 0 0 0 0 0 0 0 0 0 0 0 0 0 0 0 0 0 0 0 0 0 0 0 0 0 0 0 0 0 0 0 0 0 0 0 0 0 0 0 0 0 0 0 0 0 0 0 0 0 0 0 0 0
1.2173140731844185 0.4814885214451645 0 0 0 0 0 0 0 0 0 0 0 0 0 0 0 0 0 0 0 0 0 0 0 0 0 0 0 0 0 0 0 0 0 0 0 0 0 0 0 0 0 0 0 0 0 0 0 0 0 0 0 0 0 0 0 0 0 0 0 0 0 0 0 0 0 0 0 0 0 0 0 0 0 0 0 0 0 0 0 0 0 0 0 0 0 0 0 0 0 0 0 0 0 0 0 0 0 0
3.195974934365642 5.11839720338543 -18.649514746706977 0 0 0 0 0 0 0 0 0 0 0 0 0 0 0 0 0 0 0 0 0 0 0 0 0 0 0 0 0 0 0 0 0 0 0 0 0 0 0 0 0 0 0 0 0 0 0 0 0 0 0 0 0 0 0 0 0 0 0 0 0 0 0 0 0 0 0 0 0 0 0 0 0 0 0 0 0 0 0 0 0 0 0 0 0 0 0 0 0 0 0 0 0 0 0 0 0
3.4284048099242734 -0.45152772270387764 7.343129636297519 7.782295334615576 0 0 0 0 0 0 0 0 0 0 0 0 0 0 0 0 0 0 0 0 0 0 0 0 0 0 0 0 0 0 0 0 0 0 0 0 0 0 0 0 0 0 0 0 0 0 0 0 0 0 0 0 0 0 0 0 0 0 0 0 0 0 0 0 0 0 0 0 0 0 0 0 0 0 0 0 0 0 0 0 0 0 0 0 0 0 0 0 0 0 0 0 0 0 0 0
3.408048307561132 0.4650218949763887 -0.8623255833519785 2.558118639768288 5.791177654622231 0 0 0 0 0 0 0 0 0 0 0 0 0 0 0 0 0 0 0 0 0 0 0 0 0 0 0 0 0 0 0 0 0 0 0 0 0 0 0 0 0 0 0 0 0 0 0 0 0 0 0 0 0 0 0 0 0 0 0 0 0 0 0 0 0 0 0 0 0 0 0 0 0 0 0 0 0 0 0 0 0 0 0 0 0 0 0 0 0 0 0 0 0 0 0
7.33222544017543 0.6249787526990227 -3.9029334151208097 -0.471959401003224 6.938602768457167 3.767246124368535 0 0 0 0 0 0 0 0 0 0 0 0 0 0 0 0 0 0 0 0 0 0 0 0 0 0 0 0 0 0 0 0 0 0 0 0 0 0 0 0 0 0 0 0 0 0 0 0 0 0 0 0 0 0 0 0 0 0 0 0 0 0 0 0 0 0 0 0 0 0 0 0 0 0 0 0 0 0 0 0 0 0 0 0 0 0 0 0 0 0 0 0 0 0
7.316801490140773 -4.911426360864345 21.13016155543752 4.269593832397822 0.38712163210798956 -5.502350192003268 -22.463797389390912 0 0 0 0 0 0 0 0 0 0 0 0 0 0 0 0 0 0 0 0 0 0 0 0 0 0 0 0 0 0 0 0 0 0 0 0 0 0 0 0 0 0 0 0 0 0 0 0 0 0 0 0 0 0 0 0 0 0 0 0 0 0 0 0 0 0 0 0 0 0 0 0 0 0 0 0 0 0 0 0 0 0 0 0 0 0 0 0 0 0 0 0 0
8.988489330331598 -3.102758763114056 8.58435942713591 5.287503392739325 20.796293250727572 10.791650048179761 9.844309506916872 10.198896014935137 0 0 0 0 0 0 0 0 0 0 0 0 0 0 0 0 0 0 0 0 0 0 0 0 0 0 0 0 0 0 0 0 0 0 0 0 0 0 0 0 0 0 0 0 0 0 0 0 0 0 0 0 0 0 0 0 0 0 0 0 0 0 0 0 0 0 0 0 0 0 0 0 0 0 0 0 0 0 0 0 0 0 0 0 0 0 0 0 0 0 0 0
9.659000257347785 -5.28610518160043 16.476238223574043 9.042837612162106 21.936989581505255 17.014266712740316 32.90920972350267 14.157524486795012 -0.049107300706617174 0 0 0 0 0 0 0 0 0 0 0 0 0 0 0 0 0 0 0 0 0 0 0 0 0 0 0 0 0 0 0 0 0 0 0 0 0 0 0 0 0 0 0 0 0 0 0 0 0 0 0 0 0 0 0 0 0 0 0 0 0 0 0 0 0 0 0 0 0 0 0 0 0 0 0 0 0 0 0 0 0 0 0 0 0 0 0 0 0 0 0
8.463970336690112 -0.872306672266915 5.324248675614046 4.172895897114657 -0.050799394465033565 -4.662911475985682 -15.895053513237894 3.398756818255106 5.037373628487252 629.1249412971347 0 0 0 0 0 0 0 0 0 0 0 0 0 0 0 0 0 0 0 0 0 0 0 0 0 0 0 0 0 0 0 0 0 0 0 0 0 0 0 0 0 0 0 0 0 0 0 0 0 0 0 0 0 0 0 0 0 0 0 0 0 0 0 0 0 0 0 0 0 0 0 0 0 0 0 0 0 0 0 0 0 0 0 0 0 0 0 0 0 0
9.510751535125248 -7.136463985365598 23.79919015671312 6.610952826013099 21.793481104549258 13.830983314778544 17.82683364877745 5.152051943088397 -4.794151435331253 -603.2522609573471 6.169228024124943 0 0 0 0 0 0 0 0 0 0 0 0 0 0 0 0 0 0 0 0 0 0 0 0 0 0 0 0 0 0 0 0 0 0 0 0 0 0 0 0 0 0 0 0 0 0 0 0 0 0 0 0 0 0 0 0 0 0 0 0 0 0 0 0 0 0 0 0 0 0 0 0 0 0 0 0 0 0 0 0 0 0 0 0 0 0 0 0 0
3.7907661392800667 2.3868332715348712 -6.57194251726991 1.205650507759537 -1.9443149440283891 -0.007925219927026106 -2.2030831992877866 -1.656728051024987 -2.516534678614862 -312.8517097688839 -5.764426861220228 4.745114988708606 0 0 0 0 0 0 0 0 0 0 0 0 0 0 0 0 0 0 0 0 0 0 0 0 0 0 0 0 0 0 0 0 0 0 0 0 0 0 0 0 0 0 0 0 0 0 0 0 0 0 0 0 0 0 0 0 0 0 0 0 0 0 0 0 0 0 0 0 0 0 0 0 0 0 0 0 0 0 0 0 0 0 0 0 0 0 0 0
9.34036856914839 -5.137629596014385 19.410783270635307 6.232256883828042 13.597608680958459 6.896213451427084 6.377473174320409 -1.4502241170851877 -1.3535078168173342 -172.8408335847759 3.126808305436078 -6.481042545381875 19.78786046125893 0 0 0 0 0 0 0 0 0 0 0 0 0 0 0 0 0 0 0 0 0 0 0 0 0 0 0 0 0 0 0 0 0 0 0 0 0 0 0 0 0 0 0 0 0 0 0 0 0 0 0 0 0 0 0 0 0 0 0 0 0 0 0 0 0 0 0 0 0 0 0 0 0 0 0 0 0 0 0 0 0 0 0 0 0 0 0
5.638759268985124 4.084949361594812 -17.857361135148583 4.913486631662166 12.43306327494875 13.48147400022097 35.06508293973535 10.30689433242852 4.024115450365876 509.564246187803 0.028154222192576128 0.4893146366771477 -6.560821973932252 1.3925847981263186 0 0 0 0 0 0 0 0 0 0 0 0 0 0 0 0 0 0 0 0 0 0 0 0 0 0 0 0 0 0 0 0 0 0 0 0 0 0 0 0 0 0 0 0 0 0 0 0 0 0 0 0 0 0 0 0 0 0 0 0 0 0 0 0 0 0 0 0 0 0 0 0 0 0 0 0 0 0 0 0 0 0 0 0 0 0
1.49483729543923 4.954612978332418 -16.61979456267225 -1.3937114252219889 -2.961250337505245 -0.5123748666594548 4.049119426647325 -3.10029222922733 -4.79796852740244 -601.6707059072625 0.29648195715497483 1.432641663508487 -0.7774676820520448 -1.330656410252324 -11.95278540251968 0 0 0 0 0 0 0 0 0 0 0 0 0 0 0 0 0 0 0 0 0 0 0 0 0 0 0 0 0 0 0 0 0 0 0 0 0 0 0 0 0 0 0 0 0 0 0 0 0 0 0 0 0 0 0 0 0 0 0 0 0 0 0 0 0 0 0 0 0 0 0 0 0 0 0 0 0 0 0 0 0 0 0 0 0
7.832164024844904 -1.5935085681599288 2.8960029157613056 6.721890101644016 21.54799906729859 21.179944880367785 47.66989741429784 4.350808254459203 1.292875972751026 167.09981215520796 4.7598480615837495 -17.11082051711488 31.36730124256534 1.4935895302217093 -4.780833520418002 -1.5374474002925638 0 0 0 0 0 0 0 0 0 0 0 0 0 0 0 0 0 0 0 0 0 0 0 0 0 0 0 0 0 0 0 0 0 0 0 0 0 0 0 0 0 0 0 0 0 0 0 0 0 0 0 0 0 0 0 0 0 0 0 0 0 0 0 0 0 0 0 0 0 0 0 0 0 0 0 0 0 0 0 0 0 0 0 0
2.1303286767121694 6.320009190447811 -23.38658879883574 -1.8712603540979118 -6.528925846766812 -0.955643520218505 5.1455610912975205 1.293778903232148 5.875182646425101 742.437871772689 -5.078443506707089 -3.5207915293444834 10.160897099904721 7.832179876586824 -21.969198279018926 22.67339177124872 -437.0735680060513 0 0 0 0 0 0 0 0 0 0 0 0 0 0 0 0 0 0 0 0 0 0 0 0 0 0 0 0 0 0 0 0 0 0 0 0 0 0 0 0 0 0 0 0 0 0 0 0 0 0 0 0 0 0 0 0 0 0 0 0 0 0 0 0 0 0 0 0 0 0 0 0 0 0 0 0 0 0 0 0 0 0 0
3.244002890397239 3.8443216102264253 -11.525083743533731 -2.219396892928696 -6.364667798764145 -14.033482409559529 -41.66634228529715 -7.018175654249075 -0.9740902144390677 -122.05427792208097 -15.225492382178633 13.674392459137955 0.4938899750868906 3.5828309497031863 3.136734395321378 22.02448139747587 -370.34296620578095 -13.279680747572247 0 0 0 0 0 0 0 0 0 0 0 0 0 0 0 0 0 0 0 0 0 0 0 0 0 0 0 0 0 0 0 0 0 0 0 0 0 0 0 0 0 0 0 0 0 0 0 0 0 0 0 0 0 0 0 0 0 0 0 0 0 0 0 0 0 0 0 0 0 0 0 0 0 0 0 0 0 0 0 0 0 0
4.819760525004546 4.055112622768636 -16.68226702096253 4.2210649191090495 8.298288267605672 11.657552052124789 37.41339800459081 5.115929648174786 3.817231164084943 486.5044346325549 0.2185843648773087 -3.698059152890261 -1.545681611548753 -3.7103795447322847 20.201007722367336 -22.973466714827786 412.2147678645206 2.8906107085061787 -3.489559006319027 0 0 0 0 0 0 0 0 0 0 0 0 0 0 0 0 0 0 0 0 0 0 0 0 0 0 0 0 0 0 0 0 0 0 0 0 0 0 0 0 0 0 0 0 0 0 0 0 0 0 0 0 0 0 0 0 0 0 0 0 0 0 0 0 0 0 0 0 0 0 0 0 0 0 0 0 0 0 0 0 0
7.806381022812907 -3.8071177147159485 13.321283133228231 7.161204536345284 12.617111177486327 8.688011950350006 21.792045784460036 10.083611837666275 7.377319668844533 922.4416824101872 13.047455943905778 -5.730987678809417 -21.820810360464353 -8.338476700379118 35.13377658267206 -44.0781390001852 807.0690021770688 2.000785668037115 18.394908714217124 -21.925836933722515 0 0 0 0 0 0 0 0 0 0 0 0 0 0 0 0 0 0 0 0 0 0 0 0 0 0 0 0 0 0 0 0 0 0 0 0 0 0 0 0 0 0 0 0 0 0 0 0 0 0 0 0 0 0 0 0 0 0 0 0 0 0 0 0 0 0 0 0 0 0 0 0 0 0 0 0 0 0 0 0
3.026422566868401 4.77957220196577 -15.93463584487781 0.5243055670668033 -2.6382594738776994 -0.5198547293415139 4.8572394950065325 -1.3670189574722933 -0.08725505008029888 -8.305504559581884 -4.303336404188258 1.464428853262791 -0.44933764018744426 -1.181986594215152 2.3511638405126387 -6.210531978930465 116.65232466858814 4.8044625775595335 -5.199737940977621 -2.2688764760214175 12.904724200380926 0 0 0 0 0 0 0 0 0 0 0 0 0 0 0 0 0 0 0 0 0 0 0 0 0 0 0 0 0 0 0 0 0 0 0 0 0 0 0 0 0 0 0 0 0 0 0 0 0 0 0 0 0 0 0 0 0 0 0 0 0 0 0 0 0 0 0 0 0 0 0 0 0 0 0 0 0 0 0
9.78743291474093 -2.089439544161211 4.200654516084838 3.245379883560002 16.605424322186032 9.33227658124406 7.0651827941099565 6.0015582964245215 -4.521912308136432 -560.8329332559828 -8.648514993882532 10.609939628515558 -3.3529882806151328 1.548049157198725 -0.6101126290888441 12.113439261806239 -209.04892932888143 -3.221894346909668 -10.641181016427579 8.438673837162852 12.74009098401459 5.02061637280205 0 0 0 0 0 0 0 0 0 0 0 0 0 0 0 0 0 0 0 0 0 0 0 0 0 0 0 0 0 0 0 0 0 0 0 0 0 0 0 0 0 0 0 0 0 0 0 0 0 0 0 0 0 0 0 0 0 0 0 0 0 0 0 0 0 0 0 0 0 0 0 0 0 0 0 0 0 0
9.503024950987038 -2.875703510019325 5.313314366738184 8.2468109659313 31.549801318343558 21.898111128264897 41.13098686510912 8.98189013030456 -5.411381437409318 -672.250501399373 -1.27755068144144 3.1711073890781067 2.610622504993355 2.361511879617588 -0.9757390109023136 10.200226455629197 -182.14040691207563 -10.269354652348829 8.066722304355974 -4.585367689954739 1.3991212608292116 11.746014981534302 -27.17298444756741 0 0 0 0 0 0 0 0 0 0 0 0 0 0 0 0 0 0 0 0 0 0 0 0 0 0 0 0 0 0 0 0 0 0 0 0 0 0 0 0 0 0 0 0 0 0 0 0 0 0 0 0 0 0 0 0 0 0 0 0 0 0 0 0 0 0 0 0 0 0 0 0 0 0 0 0 0
2.196502981362175 -0.5851673087733278 8.543387329964466 1.2224462790270936 -13.821801821448155 -12.856402481177682 -24.70883517836196 -11.088191595506146 0.8249776769240356 97.21005549196136 7.308932743291909 -1.5350022424459473 -8.376555485672736 -6.87124148936582 25.173940347975474 -34.711089604121156 621.2245761688486 9.736818306998938 0.5625618005682895 4.413284854069009 -20.980254039772724 -6.023135686063376 18.421328028689572 15.011853580178292 0 0 0 0 0 0 0 0 0 0 0 0 0 0 0 0 0 0 0 0 0 0 0 0 0 0 0 0 0 0 0 0 0 0 0 0 0 0 0 0 0 0 0 0 0 0 0 0 0 0 0 0 0 0 0 0 0 0 0 0 0 0 0 0 0 0 0 0 0 0 0 0 0 0 0 0
8.531418111182248 0.2306461369889954 -4.838780735911434 5.562766915439742 17.534694416188046 20.1918273104339 46.967703308902735 13.61099459871305 0.28351995781291883 39.59314062369687 4.3557030364663225 -4.550145504138195 3.6617188891310857 7.488903003258701 -37.2098348995192 28.3974699482265 -524.4134347159967 -0.12255960405446675 11.569435231770646 -11.054537000789121 10.758517116849609 7.50382762125092 -28.619274593889898 -11.114674460785256 1.7664453390134298 0 0 0 0 0 0 0 0 0 0 0 0 0 0 0 0 0 0 0 0 0 0 0 0 0 0 0 0 0 0 0 0 0 0 0 0 0 0 0 0 0 0 0 0 0 0 0 0 0 0 0 0 0 0 0 0 0 0 0 0 0 0 0 0 0 0 0 0 0 0 0 0 0 0 0
2.1103623917457144 3.776193720113005 -12.463463391965712 1.5875118923085165 0.14935740367102657 5.320705763810436 21.149337696803315 -6.090129007178938 -0.9301344574454804 -114.52407420482896 -2.3745586060182333 -2.1548929687642655 15.827433543214244 6.459431124761929 -14.900925440855607 22.217483021616232 -405.31225576899766 -6.914249046928719 8.146867929742099 -10.115883816658238 6.704568027703571 1.2899205031185623 -16.765328027548712 -6.364821268409941 -1.2561936757264673 7.006236828608012 0 0 0 0 0 0 0 0 0 0 0 0 0 0 0 0 0 0 0 0 0 0 0 0 0 0 0 0 0 0 0 0 0 0 0 0 0 0 0 0 0 0 0 0 0 0 0 0 0 0 0 0 0 0 0 0 0 0 0 0 0 0 0 0 0 0 0 0 0 0 0 0 0 0
8.78276317110824 -3.5633087714239355 12.756200911341878 10.478422512572537 18.24007109018705 20.476118279408723 53.83127158940182 10.256692634952046 4.705010255496541 593.863557129175 3.8819435867185024 -4.810233295971695 3.736661470026024 1.8316902716511985 0.9788738776053343 -6.8580613132634785 106.1957049935272 14.048995708955232 -10.168303961903366 5.027140603476504 14.277250922833849 -15.650832523120298 39.46837156980403 -6.305202239847014 9.213292065149536 1.9369490552569566 -37.2711594502498 0 0 0 0 0 0 0 0 0 0 0 0 0 0 0 0 0 0 0 0 0 0 0 0 0 0 0 0 0 0 0 0 0 0 0 0 0 0 0 0 0 0 0 0 0 0 0 0 0 0 0 0 0 0 0 0 0 0 0 0 0 0 0 0 0 0 0 0 0 0 0 0 0
8.335213400828223 -3.664910065492008 10.007350598943855 7.029987982467497 19.162317097208643 21.949531558574392 58.02103416459123 3.588202937718968 3.1495624245536127 400.31529832341477 11.168233006810429 -15.673511885759837 14.3823109492115 -4.668776615301282 20.770367702425805 -31.65264155171414 547.2059494180738 4.911148856894824 1.8057554721049947 0.4635712764373885 -11.091081285420346 0.12115194662125095 -5.0424692940624425 -7.651996226208235 19.883682224512576 -27.91075179423625 -23.808960438406334 0.8268517024355582 0 0 0 0 0 0 0 0 0 0 0 0 0 0 0 0 0 0 0 0 0 0 0 0 0 0 0 0 0 0 0 0 0 0 0 0 0 0 0 0 0 0 0 0 0 0 0 0 0 0 0 0 0 0 0 0 0 0 0 0 0 0 0 0 0 0 0 0 0 0 0 0
9.12969172360805 -3.63348085693395 15.82873880809375 7.4230867906625155 4.191667888284842 6.817991247559135 22.49312464074812 -2.373262653515007 0.22691805786773878 28.237311519380494 0.16817624378134965 -2.9674583782275485 22.45634746189222 15.98834627543674 -52.172211604552906 56.764556248113585 -1037.9346323110824 8.365884462260988 -8.151656455799957 -11.04843996800534 62.10352180923551 11.927402939711653 -49.211569920512396 -26.988579099095112 1.9753306580453724 8.812830149258073 0.5350576270127241 -17.236116501672566 -229.8745350221673 0 0 0 0 0 0 0 0 0 0 0 0 0 0 0 0 0 0 0 0 0 0 0 0 0 0 0 0 0 0 0 0 0 0 0 0 0 0 0 0 0 0 0 0 0 0 0 0 0 0 0 0 0 0 0 0 0 0 0 0 0 0 0 0 0 0 0 0 0 0 0
3.3434214424626036 -1.87245992048285 11.165168076456844 7.333651401367614 5.904635532822512 6.602000981084799 12.765708999843676 1.3574900662749094 -4.183866153808511 -522.3862515284231 -1.7749799944357214 -0.16856493513304116 5.846205415580974 -4.380001214200982 3.7894758989365136 -10.410764403963276 190.71677644668418 1.8267493828905126 -5.792931441731552 2.196399118695229 11.87240638415134 6.091494633954515 -5.736505883084858 -4.04097319551923 5.987075659496926 -10.171127310668476 -3.806690535337437 6.339202296694665 89.84144417368029 19.243515030408865 0 0 0 0 0 0 0 0 0 0 0 0 0 0 0 0 0 0 0 0 0 0 0 0 0 0 0 0 0 0 0 0 0 0 0 0 0 0 0 0 0 0 0 0 0 0 0 0 0 0 0 0 0 0 0 0 0 0 0 0 0 0 0 0 0 0 0 0 0 0
9.322992939468525 -2.604065161146962 11.731441608234771 6.441665334496832 2.0430937741956914 1.6993409840576525 1.9219282374875517 4.9253776854578595 2.1774713801036674 275.6027418653108 -2.443233775456803 6.830035978753554 -11.505318108264653 3.38905948891517 1.3615463637450098 8.49558155724183 -148.29616147515628 5.210592459880322 -4.83885213631602 -5.743434243106874 27.65105498711202 -0.9744563350746525 1.80766927052668 -13.332835638571076 9.700168430164593 -12.229074738771562 -8.127559087560893 -1.3205882476686117 -25.790121960563795 -10.852957346952053 -31.213148360274804 0 0 0 0 0 0 0 0 0 0 0 0 0 0 0 0 0 0 0 0 0 0 0 0 0 0 0 0 0 0 0 0 0 0 0 0 0 0 0 0 0 0 0 0 0 0 0 0 0 0 0 0 0 0 0 0 0 0 0 0 0 0 0 0 0 0 0 0 0
6.754447357192573 -2.656328659324929 6.738231302468881 6.176319431094997 16.556938372831524 17.487014726921664 40.71223409393839 13.440954856153756 4.564454412861853 577.6267611308093 9.115057901447729 -5.161917818759667 -15.61018247951147 -6.5806335751268055 26.79866865558461 -32.284091821087756 575.8409181248594 1.4020688467097924 6.640591066554224 -3.6205194014831665 -13.949996728734314 -4.349243741650687 13.68963387851296 -6.040601853934881 19.859365702110892 -34.35276602116961 -23.152662664082957 -4.117666984952578 -66.51612538096656 2.774761629525063 1.3183128373507333 12.445570482014553 0 0 0 0 0 0 0 0 0 0 0 0 0 0 0 0 0 0 0 0 0 0 0 0 0 0 0 0 0 0 0 0 0 0 0 0 0 0 0 0 0 0 0 0 0 0 0 0 0 0 0 0 0 0 0 0 0 0 0 0 0 0 0 0 0 0 0 0
7.32657567620695 1.2251517721259608 -5.3945108093516865 6.911101414629469 8.581048514566834 15.569581786981276 44.19235823034282 12.251190520182575 4.8362887406558634 615.5127998318657 -4.51337506840443 -0.6887492727096816 4.892780105019029 9.295065165287406 -27.629426597601444 29.894941541534187 -550.0643721258493 -0.35763154717704815 0.23279439640053567 -9.84555473489908 31.22096902257622 5.457957278955945 -18.896362126248288 -17.039104576998508 3.182408280372943 2.8682809878001336 -0.875146796004973 0.26620743011927495 4.374614097176879 -3.0918967789845624 -11.220696763955713 -29.583477824222754 -12.115411543523955 0 0 0 0 0 0 0 0 0 0 0 0 0 0 0 0 0 0 0 0 0 0 0 0 0 0 0 0 0 0 0 0 0 0 0 0 0 0 0 0 0 0 0 0 0 0 0 0 0 0 0 0 0 0 0 0 0 0 0 0 0 0 0 0 0 0 0
4.859325931334717 -1.5780130404367796 10.44576133918274 7.366320537175023 5.133061277699737 -0.42575436932031563 -4.38196102884786 -5.215862063677564 -8.275680830567689 -1036.2999403793688 -11.812486436653238 16.919670877440353 -3.550920176059628 0.6303847285842914 3.9676088257423183 13.538723399996524 -202.73178833183266 -6.804857921876824 -1.4390086948642704 -8.331649986949422 31.431972385121824 6.172434735977878 -9.754051911345458 5.860304323956446 -13.559808082034653 26.474435046134754 8.445688853904825 6.912610062097103 101.32395511950482 -4.641791478153537 -23.347368598246646 -8.147664703773893 5.0629498717357855 -12.354998814954307 0 0 0 0 0 0 0 0 0 0 0 0 0 0 0 0 0 0 0 0 0 0 0 0 0 0 0 0 0 0 0 0 0 0 0 0 0 0 0 0 0 0 0 0 0 0 0 0 0 0 0 0 0 0 0 0 0 0 0 0 0 0 0 0 0 0
4.046762880272133 2.6299192197251933 -9.009128134668638 3.221887870102425 4.369849758234034 9.256904982101654 22.99508461045906 -0.5011225721621138 -1.7941445924824686 -213.4283470052244 -17.93098590926527 5.179576453245262 21.560994450324657 4.2388412304657175 -4.110530542966732 22.913808000638376 -399.53999479209364 -8.33523202919909 -3.482267015508979 2.8296831662777304 12.188166378544173 7.700518525571137 -14.347968311797361 1.6558928186915272 0.5784670912396512 0.10648918777339489 8.959483056100305 15.10207774206665 208.5207217215965 0.6536276321747758 -35.26944480600366 -58.7600080599078 -50.05546674342584 49.523063707321086 13.119724008246028 0 0 0 0 0 0 0 0 0 0 0 0 0 0 0 0 0 0 0 0 0 0 0 0 0 0 0 0 0 0 0 0 0 0 0 0 0 0 0 0 0 0 0 0 0 0 0 0 0 0 0 0 0 0 0 0 0 0 0 0 0 0 0 0 0
3.686931945200932 -0.6646831329293224 6.688827130515424 3.881389186226074 0.37660700567723016 -0.0174300088916155 2.226240022522565 -8.923310200695367 -0.8983408492700846 -117.10496252991061 2.881016362473609 -2.7140012611013944 5.314169155287398 -1.055645411386113 13.750543203445675 -10.905604018241235 205.54052343465614 -1.3687974060628574 14.217504790565005 -19.074135519046347 14.576619840276578 3.5253911965456872 -5.27967839057561 1.8192532247981417 -4.6792800047298195 17.431056978318757 9.434267225659601 10.70985630565722 156.07907929117408 5.086250939951191 -16.92317689326198 -62.32744338720278 -34.249992976450606 14.631567154055134 12.01100419040063 -12.448979693277472 0 0 0 0 0 0 0 0 0 0 0 0 0 0 0 0 0 0 0 0 0 0 0 0 0 0 0 0 0 0 0 0 0 0 0 0 0 0 0 0 0 0 0 0 0 0 0 0 0 0 0 0 0 0 0 0 0 0 0 0 0 0 0 0
5.888568024948333 -3.2284973084843394 11.887525062887022 7.145756665611171 16.78807586041499 16.197018012069048 33.18188649786581 6.068064731378088 -3.195179718759146 -398.37071550146686 5.721791637454247 -5.263491961777593 4.2105318540757 -4.176528079248954 5.991410331267939 -17.736765687027415 306.140364719201 3.409648077483957 -3.1484559246860284 10.382865717260906 -23.90533872018026 -7.575082164643316 12.638756547300265 -1.9111665658241908 15.435151737213612 -29.336502862516706 -26.9925495357597 1.123824421840986 -2.577863269417695 -7.175565895271859 1.0075805893283647 49.98903637974112 36.15584246572535 -36.04236636847972 -12.670747456571831 2.198011726927901 1.541710583528563 0 0 0 0 0 0 0 0 0 0 0 0 0 0 0 0 0 0 0 0 0 0 0 0 0 0 0 0 0 0 0 0 0 0 0 0 0 0 0 0 0 0 0 0 0 0 0 0 0 0 0 0 0 0 0 0 0 0 0 0 0 0 0
2.8912833798177258 0.9560916061516749 2.735227820869409 3.1312900362478038 -7.284157979023252 -11.116899947005493 -24.07792744360221 -7.0192878475145495 -0.2606743507573137 -36.90475213393401 0.559903495870631 -1.0204578088886092 -1.7343600831225485 -15.170223740535826 48.13183307816444 -60.36679162325005 1100.251174215302 8.787773823721235 -16.309513196236473 15.504309504027962 -19.568397955260494 -21.81189096162491 69.50274224288582 18.921933296792837 -4.371577930012236 9.065386499384255 -18.39204528709694 12.809620854666848 170.1566456275518 -11.837618125074902 -0.8189481457098111 -0.5532448830646493 7.753415053342721 -18.50602659441873 3.8805730614324228 -3.2749983005490355 -5.522073599668781 -8.049640370063038 0 0 0 0 0 0 0 0 0 0 0 0 0 0 0 0 0 0 0 0 0 0 0 0 0 0 0 0 0 0 0 0 0 0 0 0 0 0 0 0 0 0 0 0 0 0 0 0 0 0 0 0 0 0 0 0 0 0 0 0 0 0
7.452822566403208 -4.980156244776191 17.034660889551674 10.423877035085585 27.384243512865066 20.508023497832532 37.83479467112307 8.627264264733096 -10.935512361043777 -1367.982000872095 -2.7777247865849937 12.780337297862431 -11.804396854608235 1.6351455936298116 -13.074145499955662 19.208156701666084 -307.7420153529897 -7.018319581732207 14.843109260979267 -26.070619678423796 41.83664348187886 21.910218119682803 -59.95608313896472 -10.801907301322082 -6.358430423207876 12.885862601827249 22.61820633852552 7.274116260088238 105.65737500153351 3.086572450752014 -33.79630245805771 -29.242328617964066 -1.8730280175719507 -17.333910460862803 -10.893508448850941 16.631741827377255 -21.956544222276836 -73.38894555508638 -223.582228286699 0 0 0 0 0 0 0 0 0 0 0 0 0 0 0 0 0 0 0 0 0 0 0 0 0 0 0 0 0 0 0 0 0 0 0 0 0 0 0 0 0 0 0 0 0 0 0 0 0 0 0 0 0 0 0 0 0 0 0 0 0
3.8013273762353395 -1.8522181259719428 13.809082878863624 1.231729320112668 -8.224900214397646 -17.168012923823305 -48.23779246271358 -16.783129356374143 -6.755523395618553 -855.0213470612294 -9.38923564731565 12.172784774451891 4.303569204671362 1.9865260442435462 1.7353354163726369 19.90050040570803 -313.7974809856951 -11.07482075203933 14.820163629875124 -23.95193037755898 29.828276075255236 7.508803497688428 -26.64716328567763 -0.48565744554404056 -15.932238769950004 33.510611067340896 18.694574955158853 3.2192284245136307 59.67829105835494 8.352086274763414 -10.91707363915229 -21.507027368764795 -17.391828408734543 25.681021240855436 6.564001671489063 -1.080066270928417 10.471322897072362 42.60222839106074 147.87564874449134 -32.109914413379734 0 0 0 0 0 0 0 0 0 0 0 0 0 0 0 0 0 0 0 0 0 0 0 0 0 0 0 0 0 0 0 0 0 0 0 0 0 0 0 0 0 0 0 0 0 0 0 0 0 0 0 0 0 0 0 0 0 0 0 0
2.42908145147773 2.5975444887144947 -7.305140249530673 3.370218701121994 1.0034312903689377 -0.32860449716899875 -1.1570215095700789 7.00635183376197 -0.28611115771227347 -34.350504642605074 1.243189547803981 3.0539674177509903 -21.250433542629647 -12.422180270559526 31.76667655335506 -40.00548774491091 747.9503417329231 -1.5488808745559943 4.36601228015471 -5.783674972065857 -4.370104245855382 5.370630897278091 -4.884838422549503 -0.9800953043384577 7.2954692092015705 -26.74158921588575 4.129816008990025 4.3452607352182575 50.45826901886271 4.64123915657505 -13.44921346905604 37.64248721621964 17.341569771481 -0.5480038134420058 -11.00492873550224 10.659282492778411 4.978255975400016 15.873483927737457 50.456189675839866 -12.761435482578117 -8.449289092244545 0 0 0 0 0 0 0 0 0 0 0 0 0 0 0 0 0 0 0 0 0 0 0 0 0 0 0 0 0 0 0 0 0 0 0 0 0 0 0 0 0 0 0 0 0 0 0 0 0 0 0 0 0 0 0 0 0 0 0
1.975875702569215 4.778475883251916 -19.384464703684063 -1.6592594720988503 -1.8327838225040174 5.428756648081498 21.80025501561162 2.0780858981923203 8.883517693218234 1116.5327333325151 7.261374148051017 -11.368616520283604 -1.139652914803393 3.1675253050780077 0.22473751263191977 -8.79911993482186 124.53033362416679 11.432655876130259 0.9619432741167513 1.560357931369677 -5.830637487520665 -5.468609441838154 12.289259263399874 5.316333665317464 -5.40553945190112 14.600800469538324 3.531405535373879 4.918368606318377 72.93533458656484 -2.3883093787884704 -8.661694796727812 -29.441893245359914 -21.615252785071355 15.06661213629863 17.257147951057835 -13.70541720949983 -2.2737076649750048 6.124683019779644 44.29507645629205 -16.935470719871418 30.254603803880457 52.77310832629692 0 0 0 0 0 0 0 0 0 0 0 0 0 0 0 0 0 0 0 0 0 0 0 0 0 0 0 0 0 0 0 0 0 0 0 0 0 0 0 0 0 0 0 0 0 0 0 0 0 0 0 0 0 0 0 0 0 0
8.899775143221486 -1.2983986178728921 -1.8053637423574482 9.255349940602244 34.817827163594885 29.408807489640832 66.36958945311184 15.502040544812331 -4.6093455605328035 -570.0794694244025 5.101811811575487 -1.1347141336492435 -9.222605625399442 -12.783536009233504 34.58966429250632 -39.56233817831166 743.392329586357 -10.098203309625195 14.407678885487236 -13.187101189567759 -7.7299396240249445 12.58304396711848 -28.367796437339898 -5.863581093407025 13.433012936602053 -32.08906969083978 -7.027266395611781 5.319779958877772 64.06992546444239 17.121419463840688 6.550317304322036 41.779228905700634 22.139454665145372 -2.1624863928614086 -19.12684074492057 18.385118413714707 3.6555337873404845 10.308212069172825 26.59106121844308 -17.70123299922429 -18.144916044839384 -13.949080276757835 -2.7739699769250503 0 0 0 0 0 0 0 0 0 0 0 0 0 0 0 0 0 0 0 0 0 0 0 0 0 0 0 0 0 0 0 0 0 0 0 0 0 0 0 0 0 0 0 0 0 0 0 0 0 0 0 0 0 0 0 0 0
9.500384536084084 -6.111487940470662 22.182862091599247 4.960190354780268 15.319966466063642 3.0317654754711705 -8.16664607750075 -2.994491253639479 -4.69767125961565 -590.6327650232805 -4.228153759652104 0.23453144806941695 22.073361971740113 1.797945121204879 -2.982620549266727 14.917961412750014 -263.27468632863213 -9.919976230622751 4.793818993656858 -6.683406682593084 5.083735172234449 8.719091606766963 -24.257818295710994 -4.524982963477593 4.526649086878029 -10.53323265597016 1.9584895867659897 -1.3473650435707256 -25.032485033674032 -0.9250330867381962 0.3875988676355995 16.044006164115633 22.428656283013524 -22.26684008498719 -8.807434551330427 -2.2100950669245076 13.062837208700637 46.64014114667805 147.4702558242971 -42.00801757571211 10.880918155587342 15.55083453305463 16.197403627206786 82.63766235844341 0 0 0 0 0 0 0 0 0 0 0 0 0 0 0 0 0 0 0 0 0 0 0 0 0 0 0 0 0 0 0 0 0 0 0 0 0 0 0 0 0 0 0 0 0 0 0 0 0 0 0 0 0 0 0 0
9.647827994228004 -5.662048226401955 17.537750826174516 7.8199933704131785 23.41406940345384 21.467422464742597 49.265842522399225 8.393158849214977 1.2307595989603692 150.0552096749396 16.72974710652363 -6.917416988088631 -2.626787530960902 13.61053826900972 -42.9057017189337 37.833298159491235 -711.5478277453487 13.360554667901239 7.62974082104434 -16.778060610838644 42.92713673565901 11.428323590144645 -38.16018327050655 -21.1580035838157 5.222800205017649 4.388474532580069 -2.929853465501179 -8.907221480481073 -120.14171997113904 -2.7723855212749173 -11.79620258114852 5.508582656815121 18.016247945889873 -34.89661894393679 -10.066420316061727 13.795813993078479 -40.034880942640626 -147.52029809786364 -476.2383879019751 79.08131325343794 -39.65694627490433 -82.70415619820008 8.429687006209644 8.256268789502434 36.596648786740424 0 0 0 0 0 0 0 0 0 0 0 0 0 0 0 0 0 0 0 0 0 0 0 0 0 0 0 0 0 0 0 0 0 0 0 0 0 0 0 0 0 0 0 0 0 0 0 0 0 0 0 0 0 0 0
8.731116164281685 -6.966805373366335 30.154779652673646 8.088120141267357 6.396209047725357 -2.925491572909138 -14.902266567534522 -6.94909324156193 -2.800309107169138 -355.450679241925 -3.5866960700899693 2.064430467096148 14.197784611516678 -2.2550222032997618 11.48709623824283 0.5571666341080395 26.588598016425166 -7.3197966600728295 11.193359592677254 -21.529478703770664 27.23019690149297 10.189993373606942 -30.561905181870358 -2.9478418384333764 -11.170246925531174 33.104358159012044 8.838989116670035 12.385724525164349 195.0855915510274 32.724306373139186 5.987408046232721 -82.85256081425108 -65.43122488557819 62.485969956997884 21.22498729675079 5.486590998092459 -19.6570056038423 -73.03235814360984 -249.09675869109128 63.26198770871657 -19.728474350189806 -54.952720742738926 -34.73928195978679 -119.94330628561553 -42.652563955985556 -6.596050950311048 0 0 0 0 0 0 0 0 0 0 0 0 0 0 0 0 0 0 0 0 0 0 0 0 0 0 0 0 0 0 0 0 0 0 0 0 0 0 0 0 0 0 0 0 0 0 0 0 0 0 0 0 0 0
2.532025227869462 3.0731122615601665 -7.711071375981096 3.232272143821085 -2.7637239987690094 -5.5760940641144074 -9.69490111398293 -0.04658897069189116 5.5879544988633025 702.8129843134047 -5.303192668031989 5.366571732000461 -11.926344829761359 -5.337138333690579 33.33790243103579 -22.101940551669053 415.7308275016218 -7.524121678121511 5.834094263762661 -11.446137671328128 8.94151730953297 -1.3101099290497098 16.61798524985651 0.4628334507466656 4.656814997152251 -3.447520384933008 -6.92738572908122 2.2345200599294874 26.105530685371093 -6.955259955608873 -16.70337569461352 -3.657337736739521 20.412661445941943 -41.67956735329821 -12.325907328700355 8.097873308787658 -20.772967765653647 -73.42604764375888 -236.05999121810993 19.921111292271224 -19.439767372280972 -35.71670165266706 11.604490874575738 55.38916713441459 0.10976845381067246 7.488488834502403 -17.74347880136001 0 0 0 0 0 0 0 0 0 0 0 0 0 0 0 0 0 0 0 0 0 0 0 0 0 0 0 0 0 0 0 0 0 0 0 0 0 0 0 0 0 0 0 0 0 0 0 0 0 0 0 0 0
5.16403740450615 2.948703846825924 -13.819209567211196 -1.3084975126311553 4.65929739352633 8.196026771808786 17.279429217677198 3.543204837501298 7.580697459422542 953.4952501242667 2.5629157562693 -12.748872113811926 18.58709155519705 4.172630628487958 -6.755228607860473 3.155029646031185 -92.314488078303 -0.2847697690061892 2.707107617689107 9.369474715392876 -30.811988638725424 -5.38556584188338 19.31954365768116 7.905295325154858 8.016827669064348 -20.296105844852974 -1.594085218623027 3.6150152449980686 28.80676163986084 -28.316078822951496 -18.479593278964423 24.03260281900874 29.18971453484487 -26.628970495116235 -11.977784183192488 0.2287108718276123 6.070223707695236 16.571390533297226 41.979528623685766 -17.302386261374977 -3.8051876852797717 -5.977370366764399 38.54124989309604 151.38894239947237 43.67275183426161 8.680835769751397 -4.716808982637086 3.864574798762889 0 0 0 0 0 0 0 0 0 0 0 0 0 0 0 0 0 0 0 0 0 0 0 0 0 0 0 0 0 0 0 0 0 0 0 0 0 0 0 0 0 0 0 0 0 0 0 0 0 0 0 0
6.128682738730254 -2.32276637398279 6.126606448781075 10.961525244097908 28.155075783637606 26.9107601063504 60.94606320622155 11.887111821225236 -2.635452941570451 -325.06719444486026 3.612200536424485 -2.711193363224176 0.4009477082618984 1.8050891247727296 -7.380198238434988 2.5343874692239896 -47.136563227397 -1.244544230065939 4.287756885028619 -3.9753587966722757 7.879623940945573 7.006087969195835 -16.341233877753382 -3.646118408477594 0.24361180599364474 -3.6447379700373235 7.872804420382005 -2.6206285820865567 -44.76287760384047 -17.74869969716206 -3.83927677301339 18.267250409722237 28.284852538341028 -47.14683874527559 -7.9904407297817714 -11.266383613767097 18.531436588110918 74.31395044353066 258.568726193099 -44.76445354902299 30.783892016129165 103.88821734674083 -22.399855997951033 -116.40119122782485 0.7488863318478618 2.1966191757890767 36.37943137993545 76.75145893759169 156.56816469999546 0 0 0 0 0 0 0 0 0 0 0 0 0 0 0 0 0 0 0 0 0 0 0 0 0 0 0 0 0 0 0 0 0 0 0 0 0 0 0 0 0 0 0 0 0 0 0 0 0 0 0
1.3617423263158877 2.366529449184741 -10.135740894443487 5.555500196471796 11.739207667180443 21.81866961893894 69.0617197093108 3.891712727839484 1.4777436489663003 189.9223242289904 13.69756576196384 -18.70551644336448 18.636878182125223 1.5980358398051244 -16.37727942805305 -7.016418736200398 75.84385191754149 11.13395617339887 -7.12751588811749 15.658832389863687 -23.261273546327423 -10.917559715315347 16.096574232064143 -9.408888223489729 22.043196352304818 -36.49589910777249 -37.07833440644272 -5.827498178303172 -103.12750993163405 -14.245390451169367 6.126926223318092 77.58218272649954 54.47527596402023 -44.74593743747498 -20.236086589947057 5.908285698639916 12.62849547137347 49.09809171437382 173.41050031394275 -25.662422248238553 11.599420768900869 77.54028812008993 -23.72121748436144 -115.36097876250635 10.443340546791855 -15.284544998538756 69.88913690152441 103.92746254985812 243.38524489258967 7.202566135943676 0 0 0 0 0 0 0 0 0 0 0 0 0 0 0 0 0 0 0 0 0 0 0 0 0 0 0 0 0 0 0 0 0 0 0 0 0 0 0 0 0 0 0 0 0 0 0 0 0 0
2.758636189309704 1.2869865164449763 0.27654882184078033 0.34682632855915996 -10.957353220092914 -13.34730077986019 -35.00770638364949 -4.696124337910918 1.0508855172274272 128.51204577713253 -5.040708215040427 6.6293331035959815 -7.642616484869475 -3.140879307860864 12.580749434264899 -6.459788548255685 139.70342738192102 -5.035458043229261 10.20062303369571 -11.097338907739847 1.2117235877162607 5.437833382401905 -14.216671659914793 1.7239442030261638 -0.06335865531050278 -7.681415544004856 14.17149294484604 4.1506776989415926 50.88262221636546 -7.0301908105083175 -32.666075197366574 19.063450934006 18.36667275645538 -6.7892258902576685 -15.23063580185171 10.903512773684568 8.438517487424813 30.944863913121626 106.81329642162173 -50.00164845400262 -4.734396852701739 1.2131359723646815 19.770957862978054 78.70039283425513 21.653284396267566 11.393147055062862 -13.920089635796462 -11.983908930642048 -35.1664639265946 -11.523307735840238 -90.61537719609511 0 0 0 0 0 0 0 0 0 0 0 0 0 0 0 0 0 0 0 0 0 0 0 0 0 0 0 0 0 0 0 0 0 0 0 0 0 0 0 0 0 0 0 0 0 0 0 0 0
6.471239223013212 2.6068339659601083 -14.613956264581411 -0.25617282813870257 14.080254061752136 9.881214732769283 12.717328471646878 10.541655074892777 1.2772153181373218 161.40913288432992 -3.2368140004248347 6.211203680408804 -5.627587436157798 8.232928337102074 -20.801284636748036 25.600901675688807 -470.15042025870974 -0.4899224371019484 -2.7338541317754617 9.050709493467355 -3.1444291240859403 -0.20791265312484164 15.379977290298747 10.035054126556373 0.5397745063246271 -19.623537425630403 3.9491334359798103 -1.433159363953357 -55.57184223161037 -57.970100350208504 -39.5461007548296 120.41018460398041 108.71286674954584 -107.39281586166018 -30.722202180849006 -7.097454118713564 22.80937248346226 83.98141855070814 289.9225458357963 -74.88764795950549 16.786820932955596 49.38675470182232 65.16215659303155 225.9608327135189 91.2394767230595 2.101901676094858 36.13255227929339 68.79190948549595 159.57971318090404 14.6767668155983 71.26142707288936 6.808423240685808 0 0 0 0 0 0 0 0 0 0 0 0 0 0 0 0 0 0 0 0 0 0 0 0 0 0 0 0 0 0 0 0 0 0 0 0 0 0 0 0 0 0 0 0 0 0 0 0
6.982316462387665 3.007363231196001 -15.264468536078676 4.678341157963895 18.588468011165972 15.376056093485053 37.58751289667068 8.691791089550566 1.4219360096467117 183.0551962584638 4.351928441826935 -3.9244867455632004 -10.884685861931096 -10.89849235435942 41.045231122560864 -42.30517367297077 778.8322405067822 -11.542925243826438 24.451306962057213 -14.179752115183213 -28.744063915028768 3.7056753930705764 -3.947866435793223 5.828125171378572 4.29459617728908 -15.532699894093762 3.298301458313799 1.6970335305914541 12.590344007101073 -6.211209555034127 2.274616182793718 30.773256153116748 22.97128698668878 -11.295774223019386 -17.41955361779201 0.3659657714488933 27.323642653876806 94.18107159555566 294.8234034371453 -59.65257164656052 6.798891416743193 58.781544978497635 -10.44792645862357 -34.678233368122314 -7.147096214390377 -2.2465259563362068 19.85781954496686 40.747487530521866 88.3574276126997 -2.6442353368151643 -7.236241911235602 -4.329233587246455 9.898395986043479 0 0 0 0 0 0 0 0 0 0 0 0 0 0 0 0 0 0 0 0 0 0 0 0 0 0 0 0 0 0 0 0 0 0 0 0 0 0 0 0 0 0 0 0 0 0 0
9.699070675922952 -7.952032316596763 31.03371985587396 13.149114606474376 19.03962643563719 15.452111638735293 38.252746914006224 1.997269971723083 3.191991541925576 394.2261809784555 16.056677358236925 -14.05574500193363 8.142454463626343 -2.9536923403942854 16.783061558543356 -28.147822247159837 499.73968338738615 9.251202844102215 5.409411077860708 -8.190728753812873 4.1336813766610465 -5.361717079302188 4.783412632178118 -0.5722914080474544 -4.05952449278208 12.481082479224451 -3.8802470878240216 -4.279260074645237 -57.55169354783507 -4.672608449550202 9.49040719729433 22.20078439048308 13.297433236964185 -8.971340177681917 -0.7669839756325518 -6.322460655741932 14.593608432657787 51.416789052700985 168.47970661169663 -6.275063941310109 2.668467070758243 35.0028390508304 -20.761802294605914 -105.37204037631145 -0.7688708378602556 2.706087904227795 10.580889987836521 21.877855731653366 29.826335301333128 -8.697538613483632 -38.32680596376363 -1.0657347440043452 -15.084557989146091 26.73071699255121 0 0 0 0 0 0 0 0 0 0 0 0 0 0 0 0 0 0 0 0 0 0 0 0 0 0 0 0 0 0 0 0 0 0 0 0 0 0 0 0 0 0 0 0 0 0
8.359831872984417 -2.650613212293485 11.04153545279409 7.789969019226669 12.330398629773702 9.423590300007465 20.03151449682518 3.714775811211351 1.1544783925610433 146.36184391346205 -2.664900161509378 2.0268746298680647 7.371625184038067 6.712768577537068 -14.83400007267464 20.790886321174114 -376.613319587696 0.4730718344644895 0.24311109401870112 -9.99542309833549 32.95431940855695 7.385228657690146 -18.623393035361303 -10.066482261975839 5.765262431041197 -5.912744982646206 -7.819550057065866 -5.647411206408252 -85.85417808967775 -15.333822676411483 -17.166026306148883 23.18202589449908 34.73346205699989 -51.8087852840914 -10.621586056422736 -3.2079056290048396 -1.5104803968720004 -5.933794770009199 -15.28288743678687 -9.144281924633397 3.7610614999676897 1.6906219039363104 9.707144757384489 41.29961943200306 2.264802735562643 10.422828394874475 -20.4451388947502 -18.373629608445384 -51.38686147814996 -12.795993456325288 -78.21270545562466 -6.059266804605931 -0.87489491363071 -4.849781778059544 -30.44165391464908 0 0 0 0 0 0 0 0 0 0 0 0 0 0 0 0 0 0 0 0 0 0 0 0 0 0 0 0 0 0 0 0 0 0 0 0 0 0 0 0 0 0 0 0 0
7.363566022500109 -4.858750288867087 20.316065911489634 8.291504940751445 13.15991352256453 8.438443230243145 12.912403165431648 2.191369297189979 -7.546561297830511 -949.3107469164851 3.3661773500584324 5.60946405142738 -6.121143854779279 1.4028562439898202 -14.198713638007662 6.776538188781118 -117.9633460653825 5.617311720901168 -1.8395310328563355 -2.2170275557252275 21.30122141247263 2.121735780232449 -0.7777396606450129 -6.444948198725321 10.213741887301678 -21.928451461356836 -13.825236651296033 -4.344536112486874 -85.61002123671007 -34.67852383865075 -28.131550085447245 91.27196179798828 85.98929732749681 -93.08638946506439 -25.602034347774804 -8.81815455532076 25.293767327342337 94.5769356025352 326.12270879731403 -75.68893231203795 21.468205246206725 78.69295521482752 23.43703224405364 67.4804607471767 48.69586444101449 -9.8054086203062 71.98019654977297 123.58179576912816 296.9311396678648 18.88076017927597 57.40593843530794 11.852051059729966 11.563287105428092 -15.177825108413964 -0.05703171673147711 -6.11663701425789 0 0 0 0 0 0 0 0 0 0 0 0 0 0 0 0 0 0 0 0 0 0 0 0 0 0 0 0 0 0 0 0 0 0 0 0 0 0 0 0 0 0 0 0
5.956157579248232 -2.9534226824660967 17.14245015964316 6.867356505101336 -2.9357744264926913 -9.317554475354836 -24.106100637872252 -5.434185712541646 -0.46217471864330273 -59.30100274567154 -4.542689275648406 6.035399774610907 -9.722584952068328 -9.26743638588563 46.03850682566952 -36.812020195384584 698.5651172950542 -5.793522842112022 2.3130670071855084 -4.184311375365706 -7.488286096420708 -8.303325864752747 29.291005650628016 12.908152517151242 -2.188163448406595 -15.201363348892073 4.996589760222597 -8.493008697477482 -136.42533080369486 -33.37218275874255 -19.257604941986887 96.05820265823056 61.66393884116759 -37.631999411857635 -18.28906667369639 -7.346049945650847 46.89549249827309 166.1485573474659 535.715303450397 -77.27816774458604 23.517519260988337 114.11402644125496 -4.7324125996500745 -48.55640566834844 28.50760893035212 -20.306980419695037 83.91337887426769 108.08443328778397 244.58416280217477 18.10952359560514 146.74400302510475 4.951717664785424 -2.572859234160713 22.03318818789711 0.8449416753548347 9.691865814918494 -17.819160447048368 0 0 0 0 0 0 0 0 0 0 0 0 0 0 0 0 0 0 0 0 0 0 0 0 0 0 0 0 0 0 0 0 0 0 0 0 0 0 0 0 0 0 0
7.294131490356868 -4.140126700461067 15.310110329387134 5.0645681922744865 7.6043365727927466 11.037626959056794 27.02858969218878 3.1559916231365204 6.489259207777919 814.6843881867078 10.465976407523112 -18.27801231568567 18.536464540663346 -4.763953863931423 14.087435568513333 -29.822948608574755 507.22757908366 5.9350148707884065 4.233691961796489 -3.1307097264440262 -16.205801905610947 -1.9723475603661775 -4.078330366307817 -5.302916393450763 8.777665713771784 -2.6629763362965537 -13.16716518225677 5.239254743839355 79.66179039845677 23.076567719513086 30.05424515377183 -69.31124941809819 -53.87361183330281 41.09029805704707 26.13578763261808 -4.379601333682229 -20.199264134600856 -69.24211561587171 -236.1254185985962 66.32961355966337 -4.8679838828715924 -57.65491056487099 -13.959282651126829 -38.36928482494342 -36.001303777133906 1.8794761744245962 -24.956881769091716 -46.174549414170286 -110.64507345769084 5.980280174952298 71.67611858185538 4.356919483202432 5.598772519378667 -11.685652482330823 10.763228702609503 12.184764855489359 -20.487607140747627 37.943890590890234 0 0 0 0 0 0 0 0 0 0 0 0 0 0 0 0 0 0 0 0 0 0 0 0 0 0 0 0 0 0 0 0 0 0 0 0 0 0 0 0 0 0
2.4247073638079524 4.849854435961422 -17.714812072040388 -0.8782753122754814 -6.027554412766274 1.8576780077105628 19.677046916174717 2.8943573450454423 5.632616846578388 702.342286419167 13.201451143505007 -6.327576183338573 -11.920511776480193 8.690522024520135 -33.280001680026864 13.772878624096732 -284.8139811480635 18.747637007218877 -1.7099864564766962 -3.0009736006161423 17.205901353050606 -5.265569436244615 9.969179927088398 -7.9447583776500394 9.142011970723694 -14.017424617199804 -16.92977653470275 -17.996317669891546 -260.49389253354326 -26.749974150022215 -8.266604732114446 74.38413384649259 70.54998904241057 -80.87129012462277 -29.575247632382588 2.940795719826783 -4.908541520911943 -22.4122092831809 -65.47504220980395 -12.399744689100359 -3.8679959876642283 18.541440993613996 12.098679402431227 48.39630383527346 26.510178471880387 10.070725646905963 -26.009858368378353 -28.67167535705577 -79.71546932976256 -16.185578099257064 -71.30819643657429 2.944297614359815 14.852089491572762 -3.6255676649992683 -17.12429948029799 -19.982036224147613 74.07025904555537 -193.50661365216902 -61.26140733090083 0 0 0 0 0 0 0 0 0 0 0 0 0 0 0 0 0 0 0 0 0 0 0 0 0 0 0 0 0 0 0 0 0 0 0 0 0 0 0 0 0
7.570557174309839 -5.824211756757801 23.579887278306195 4.589402032910841 7.024309671376312 -2.860945959906044 -17.878659519540633 -4.45631117637242 -1.6053963501503503 -205.74309176293744 4.440791119449365 -5.722085562298192 4.519572179539594 -15.244295182317778 50.58147227653881 -52.78914701676266 975.9124087586365 -8.522933265019851 11.468282582641635 -12.634727691244581 -14.772206282531794 3.289173092658416 -4.03208034766746 4.5397428529048245 3.9273229069245827 -14.268698897272284 5.675342455855285 6.0459081931270315 76.66111478740217 5.003438211062434 4.753473664838221 4.254412654474487 6.922895299471753 0.478833090717421 3.03662560336672 -17.751308278269093 38.95754704713252 144.40485278734968 460.89698013838694 -83.87253061541439 37.642986294178826 75.62115088154819 10.637574668528252 67.32778844860347 -6.898639573281603 -10.776565403453077 29.52529778544948 37.765754087259396 95.59451080963142 20.04459546372967 147.01661076151692 10.61607438278989 20.521053790052175 -13.421734025139582 8.877378648118347 -11.515301298133192 14.938581474582964 -23.294429713103476 -5.454178434914605 -0.6148766759819466 0 0 0 0 0 0 0 0 0 0 0 0 0 0 0 0 0 0 0 0 0 0 0 0 0 0 0 0 0 0 0 0 0 0 0 0 0 0 0 0
3.9996089858504984 5.556414179523422 -20.646766686641904 1.4148386912876996 0.16293790857457413 0.6848351963005492 8.670022884185764 2.5141029606712126 11.625450628194015 1457.1223566595063 5.988947390483201 -8.167529730941046 -5.754860132416942 1.9515243595635292 11.178243281948879 -14.84474519163781 243.09285327767893 2.435414241616164 5.866700614074037 -2.072096775478312 -17.605500195143478 -10.260475415386724 23.482339082306403 7.003748882906642 -3.2881998191120934 6.884654458270521 -3.37190238196679 -9.051583299626769 -130.745373159697 -21.056292189703797 15.419299196598786 27.322420485917903 33.45343316214964 -46.39294313636166 -7.695833064881045 -14.211132188974712 11.96809747733955 41.3657641851124 137.3775811852994 -24.341141799863212 12.121403080004457 35.77305695406138 -0.260094108985891 -10.274597850526552 1.540138270410637 14.20457951166209 -21.142583632587606 -11.164658246639336 -43.87284058147421 -17.21293568859425 -94.66547076732807 -1.725820710058077 4.264416999991094 0.852652907057422 -7.224107656788006 -6.983294514754901 22.97755967597915 -50.961295224536585 -13.037246567800256 -8.240908866942332 -503.0272467674783 0 0 0 0 0 0 0 0 0 0 0 0 0 0 0 0 0 0 0 0 0 0 0 0 0 0 0 0 0 0 0 0 0 0 0 0 0 0 0
6.1412722951878145 1.2611756494021442 -4.365056837490613 7.256941491819048 10.807299910461317 12.701901755680842 35.66567670535743 8.154416211250295 0.6703346251992564 84.21799418394545 3.9888493008171224 1.7197159849299748 -13.442421496781938 -7.227407550068424 17.76195228118838 -27.55419854747837 515.6704080304277 2.900285997189971 9.84752310670309 -16.87566851047759 18.48717610502211 10.889923589323786 -19.348293644060885 -4.426834612363898 14.109761577289948 -35.71760789924428 0.9948475913463 -0.8904323376687371 -38.93292339543878 -29.87093678234706 -48.42573297477741 69.13899156961702 78.6076257089554 -90.10865641312802 -39.36296325070558 13.460120887925523 5.170260128359004 21.47089313753749 88.07049321548709 -70.09759882048299 3.000682042181996 42.46277178050626 23.387542996734865 91.03489002100312 25.188957557709855 9.79899757146428 9.452990195261062 32.888521051605665 70.59763623508047 -10.428215726657008 -107.73928649159038 -5.047757469916568 8.697663734081551 -19.818111860998055 -10.09775298539932 6.869561701381485 -5.252463328157816 -3.192507861873036 -4.947961293658725 7.917376108752877 465.74953311762584 5.01756025459475 0 0 0 0 0 0 0 0 0 0 0 0 0 0 0 0 0 0 0 0 0 0 0 0 0 0 0 0 0 0 0 0 0 0 0 0 0 0
1.850030087024093 6.68813177050937 -27.4926279699819 -0.547085356403489 1.1413190049022057 13.826511979419115 51.63920403286441 4.23584915071237 9.175897406725433 1159.1785838597057 0.4988174721298104 -8.802068079115273 15.086483279867538 14.325803520651087 -34.971261946468985 36.39179180293379 -699.9298724825939 7.263821907612634 -2.6602238423967037 4.005272979816025 9.902160289061294 -1.0480929032225825 0.4065131041649712 -7.668641876345575 14.447763434324912 -18.362375229226735 -14.66127680655202 -7.008951212635756 -108.98795034572413 -20.665091020847598 -18.415988936653996 11.361213243429589 11.936163655639518 -20.12889324335774 -0.32258145920275183 -7.450945887973251 5.5266876324724326 21.229103976475272 74.35307906404661 -9.086452380254315 -1.3598014464833135 5.834484771795482 16.908211876730185 41.936167876996514 28.8735341559955 12.208635000122479 -9.668284726874461 1.7826077022423714 5.275124355063943 14.12228178339767 53.10943525347034 3.4961801152245053 -2.605570892211735 -20.52122653208678 65.43405953953861 2.498644209550008 -2.626528608407532 34.22342058961791 24.002797592318007 -0.9956959112241384 -63.47143122948871 8.753242519491595 8.830137476911268 0 0 0 0 0 0 0 0 0 0 0 0 0 0 0 0 0 0 0 0 0 0 0 0 0 0 0 0 0 0 0 0 0 0 0 0 0
7.932659824043606 -4.118400033456339 15.671860473324127 10.474187023782854 19.816195628206295 11.110079051890017 17.769315689346186 5.678784564604719 0.7540897327990903 98.39453456910675 -6.613225378285442 1.1693425989380994 9.412610106122141 -3.672846185508016 20.881845776592215 -8.292013185871877 174.34122333408442 -9.558206785273104 0.8415520380783681 -8.355785298571979 16.931704423436365 3.0456435634776273 -3.9626493702857495 -5.848088413441243 2.5933540714599177 1.2769053429654846 -2.017308041332022 3.562959247087277 51.1820867790938 3.4326361342788942 -1.9735982294565577 -33.032131730866844 -14.649256072686729 5.943275149242801 1.091634745982618 -4.064033610104963 10.35748249380876 46.04793817825159 152.10963061890934 -39.778205221373724 35.41363915678764 107.29416245730806 -33.87337089738344 -112.13470680092388 -36.08244699468587 -17.853853815552064 59.893044442961255 94.47230262802466 217.27279984900085 7.143144035350488 46.245839329977215 7.07426131945547 7.173303274330723 14.742715906510938 -4.1061317660200825 -6.367590537713438 -1.9053565083370931 9.25696312798814 -4.906803682011278 -6.506204466725016 -372.88790115770115 -6.1821637410893935 15.514076219484583 -23.38741946966023 0 0 0 0 0 0 0 0 0 0 0 0 0 0 0 0 0 0 0 0 0 0 0 0 0 0 0 0 0 0 0 0 0 0 0 0
7.030796647352343 -2.247500279315462 7.54261354523831 3.98558834257515 12.405465488610478 9.81498650807232 15.612311621557069 6.525046777017687 -6.745474473415773 -848.9931303606024 6.290144845633427 5.716377440083353 -19.654615796299055 -2.889264326368819 -4.531041285480967 -3.002359529435747 80.0552998271302 0.5944135067022271 18.140116648941863 -19.152574733765686 12.587722721635652 10.947346314110868 -28.03875397613743 3.6280025329076757 -9.776057365850743 15.02030418310959 17.558674172974836 6.762321023810424 102.9269801178097 13.20070155962284 -13.10235718995697 -6.36044616430029 -7.730688668960855 8.477801165611815 3.5651817002794015 12.261212919838428 -30.297895633919936 -109.32312309667047 -351.46786352912187 58.607849270723904 -25.378134952531948 -80.47721019412168 18.553739472840785 62.94690367157637 21.204786152851746 -0.9711895709521077 -20.409498783310227 -42.936417685072236 -90.53610110292448 2.358936934272693 33.008138962641006 -2.1143019355228976 -0.5473915432075893 -9.073053784847716 -16.366031635382928 24.788848239514042 -17.431851777776064 -21.87401890760364 -16.42457906339327 -0.17186112017611865 -77.69438028700812 0.05164088185852833 -13.98145410492684 16.530273642876534 -1.343368763259463 0 0 0 0 0 0 0 0 0 0 0 0 0 0 0 0 0 0 0 0 0 0 0 0 0 0 0 0 0 0 0 0 0 0 0
2.986439726793076 4.975599111781495 -20.082806598690055 4.058054598567056 9.749246309811173 16.465035435202008 45.13598223583641 9.875033682375214 3.7577634005482263 484.2474773659783 -10.366750791537143 2.6029682790199065 -0.14427750394055172 0.15654841147998777 8.871115320359209 4.278094652767663 -54.775630392276966 -14.113053516034755 16.619959866386697 -20.106698816291104 15.871974764123484 12.31949862070884 -29.803384890083514 -7.871365113573276 2.733625651037652 -4.65626863780648 6.4328849934253185 4.476352300254432 64.89302242380366 10.972747287175615 -7.79137164779915 -19.910598011501943 -13.532415883495764 11.964447822674906 -3.9729722473533746 -2.213008863156393 17.181336449576275 60.85777243999161 190.48758055537635 -46.956860443864095 16.899474970063196 60.96074739380524 -19.34219797653336 -62.148938691564176 -17.11937215593439 -2.090793105191227 15.21181529958361 33.98177537855153 67.44092718553533 -1.1276291316240972 18.14784192993357 0.13115926672438194 8.267666264245873 -0.44593100925743 -11.397672891786721 -15.559197052843407 28.59345998473647 -51.280125069781704 -6.257090018307788 -5.314689400749381 -284.10034813875944 -5.198896550015901 -8.587154729289669 5.495691845392519 15.570467640047536 129.0168337331877 0 0 0 0 0 0 0 0 0 0 0 0 0 0 0 0 0 0 0 0 0 0 0 0 0 0 0 0 0 0 0 0 0 0
3.4874598892718502 0.7198823172657809 2.3745772794988307 3.6705809698312653 -1.430319262079884 -3.9876154589507777 -10.050464442566383 -9.116041948762987 -8.578521208165704 -1079.9122731663067 -5.900433433077965 13.030663851936307 -4.707157686039027 0.5918372081485068 -8.470310385209272 11.882880785687286 -179.591865109561 7.227654311397886 -6.208166401289587 -5.939353759192686 45.96008954548417 15.510472081262932 -29.060397356581817 7.862885563553105 -13.772490845775005 19.937238637685624 25.65424632615384 3.9490589824542255 62.37508619452436 1.2544239182172525 -30.922644912350187 11.83539947897154 10.115112896115933 -5.844622081038746 -3.2625718746430215 3.4091430492277213 -0.27392625080734767 4.452500727765047 29.0048451421234 -22.198445290564056 0.11461830173490517 13.742533958607346 9.351775562906166 19.429645106080738 25.63493290140234 -1.8604354370824323 21.749345091114503 35.21909587406754 87.18779581431052 5.8327320570532315 11.461655317271642 0.9883334415287677 4.570846123062694 -16.89182722511442 -4.641940187102415 10.411265964330894 -7.464702558136794 -11.705484404553339 2.781555413947146 -0.01387452200889916 -42.29421156561584 4.398019955577261 -4.940630831913731 18.181590203589927 -25.185445187723662 -247.00366593491714 72.26022152029735 0 0 0 0 0 0 0 0 0 0 0 0 0 0 0 0 0 0 0 0 0 0 0 0 0 0 0 0 0 0 0 0 0
3.7464648548094015 -0.25085345734704445 -1.3456971872304777 3.5528080919391525 15.025709267846057 10.009355836327947 17.12524611030803 12.705321097868291 -1.176512538254432 -148.69436581178465 11.68890375312332 -0.7575231795677766 -25.44001184680439 -14.100635923031183 31.268899379455632 -49.242170641265 900.9626607461528 0.29360786883564494 11.959502603199432 -8.971983468896816 -18.275279914976018 0.3645252849966445 0.6248826480633973 -4.097978080646733 17.658101717790043 -34.98030699957774 -16.858907352820168 5.177263971953492 53.156983485374525 3.1505710199753754 0.549618008574666 50.73765997730099 49.01541612901781 -54.49677885196485 -13.2400366255327 5.107884714951467 -6.7642533916110015 -11.47815569708282 -18.02421269963787 -14.816328979475703 17.479674869718508 41.84892306234286 -0.5017654522828696 2.559868195628705 2.0378864215236225 -20.113705417430747 64.2121228892935 92.67734275535264 237.0620785048659 20.713397387837734 82.68719483508978 1.8322090704543776 9.573697735637834 -21.87353975729338 -15.154135559477396 17.97765573262986 -30.235020455919006 52.232128498738255 -5.922240816526029 7.085772842399871 414.42271624488683 -12.101212291070217 3.9352290992422567 16.70309455366062 -40.79221535663563 -454.68808404342616 210.85995734731483 -104.79861380572318 0 0 0 0 0 0 0 0 0 0 0 0 0 0 0 0 0 0 0 0 0 0 0 0 0 0 0 0 0 0 0 0
7.634328445572843 2.0377347081939874 -8.964051938848383 2.4203468046871106 9.932220980599999 1.634865378929927 -9.867185700502063 8.517381274202101 0.0037607813077054075 1.5483478386046814 -4.9848137754080515 3.426469413195125 -3.8699869031061374 -3.3369325191958783 8.278775615171323 -8.017976580073626 156.04089850036095 -10.598482067339546 4.570556634468179 6.698410346494473 -37.860746285091594 -4.8785546070668016 14.651944903307353 11.490321947713666 -1.7496320401081062 -18.278946052232534 6.1738812772790315 -4.3397667336311665 -81.41491841537166 -26.599749000464342 13.131051245705216 80.63278944561844 59.67875043033526 -49.69808399728287 -25.189269907101153 1.2068013198753391 28.508373155193674 88.53009840836437 273.4834059716369 -32.6560780403865 -18.107388417101063 -16.468053155828077 24.541523874014466 80.966789799071 25.837450073715694 15.503457028117353 -27.05217224278618 -23.84539403844342 -69.19047240916586 -1.0614443780878435 15.687287954208028 -1.6020251116515878 -3.5988708018205937 -3.790833953568983 18.03977184230458 5.194407934213935 17.122518807543134 -54.99553316344804 -18.39355304181675 7.563650590525654 439.4929179480473 0.7330372568078545 -3.079037255021973 20.446818532681867 -20.254779802695364 -226.97556100169348 94.25971546131953 -59.062131933603084 5.787219700287226 0 0 0 0 0 0 0 0 0 0 0 0 0 0 0 0 0 0 0 0 0 0 0 0 0 0 0 0 0 0 0
4.799823702649061 -2.114345298711622 7.785864771419025 7.48540896493896 18.60348274227297 16.08521964067834 35.506756046643 5.2633149009956615 -8.280614704105922 -1039.3157991451596 2.8638097559497524 4.807744757871264 -1.15651282004732 6.868478575531252 -37.86292030212622 34.45820846861568 -610.5910196941506 6.194240381515721 -0.3832128816612812 -8.95172227562006 44.120735024686546 13.254720494658734 -38.627206444215005 -10.93923671103574 -8.195055755144569 28.565378274126235 9.191074637494808 2.4399039813014616 53.19478331791059 16.677297336156077 -4.908875619700766 -57.532561942193674 -36.45318327123866 13.951880291631612 6.078902833375587 21.87514092070184 -63.12489061119327 -223.97590014914203 -708.6502593497976 116.62469130557126 -48.92988141165239 -112.90776361906154 -11.586300490946549 -59.45892815249893 4.105024237176867 -1.024516865162008 -12.521022119992464 -7.693481860829378 -5.419853490701077 5.757221338821782 14.972775416531334 12.322486664881358 14.20943139139145 -16.124520667210952 21.0127036983996 -7.322793699410575 25.679578632423777 -67.62686555726654 -32.920158764775714 1.514575393472569 74.79569866314816 9.391404147428473 13.435442185801426 -43.64883926648354 59.86938346484848 625.9928739882837 -233.8641546452368 86.29829852969951 27.28665214871806 -39.30738735515536 0 0 0 0 0 0 0 0 0 0 0 0 0 0 0 0 0 0 0 0 0 0 0 0 0 0 0 0 0 0
9.977154596261212 -6.857164215656033 21.921354865440357 9.023232518113907 24.862422967389044 23.15665206943678 54.81697626215354 9.621656031868158 4.5614184275083325 574.8116423243882 14.463414054344447 -20.057666846869537 10.403698447077623 -11.26678051646329 34.27687033850383 -56.047493069922986 991.1214479395967 4.0199738348800995 3.5436494815016975 -0.9587388715789009 -27.24958094958634 -11.357112191421276 17.465889729313364 -5.641498812756492 13.938662843860062 -16.347318841797083 -25.595980165222755 -4.826026748098445 -65.3927087542016 13.268231707124329 44.507222336671404 -38.22277273062085 -38.13186017422733 30.44074494711247 15.125781867009993 -13.606119920308146 15.75038039359978 60.1905009027995 189.93734696855972 -13.110367367822448 33.45713575683479 81.09950245368779 -56.215314191938155 -210.70500063228818 -66.7929833750137 0.6284321367030197 5.021656456332462 10.308958192831973 8.920148712333976 3.0610875421785 34.94092747283905 7.571951718986401 11.518785801218538 -9.764292623739408 45.08144457200111 -15.990497348136962 29.77743122936395 -45.343187096814866 -10.81838648620538 -4.6628692475184454 -244.01814401761007 1.4409518193805226 2.4699910452106417 -12.156367380806824 50.218253693178454 464.1432817994422 -101.4849490366067 14.242360483607428 26.2233213130941 -25.765004059869412 -15.211541864160093 0 0 0 0 0 0 0 0 0 0 0 0 0 0 0 0 0 0 0 0 0 0 0 0 0 0 0 0 0
1.8357014820743844 -0.3304592430877811 8.764095908142814 4.007247963402454 -7.974203140258566 -9.906827759464854 -25.369442882485675 -2.4745270452842174 -0.1257003314310463 -22.994656607291525 4.745816919806364 5.7167394361174155 -26.370857594732442 -13.953174331551999 39.83830787988573 -50.6253011443972 947.2688639867694 6.5508685328622445 7.244374559133545 -13.286577406069167 5.663817604900967 -2.8439590416770884 16.74975487812148 4.752653496206481 -2.9927954064463007 9.631985321811689 0.36434138843701813 16.167935325053797 231.50786268015344 24.345120019630343 -4.427248548001802 -21.110046273817037 -17.464753442987533 18.13445166718079 14.240687565671715 -0.9703690949667081 -10.369090352533506 -29.746470089389312 -90.553541186158 29.417687166328534 -6.69278306737673 -30.370468753814805 -0.040310167104244954 -6.831643845747753 6.517612380902184 -15.48363677172479 39.14722999501621 47.408325959711924 124.92002636307282 20.59574558170706 121.92594422935916 3.414818630858062 9.052981308730804 -11.876696387324778 -8.666034805732089 8.885862109954953 -39.91219181292943 94.81458976935048 19.772915494446863 -3.02315778582761 -188.08151974861815 4.215320073685087 12.458714177109716 -26.097586359758566 -0.07163763199980622 38.866655759414606 -84.01542721031547 81.92254686563211 2.008322349922047 -19.000971216377543 -9.983287438681497 18.014061894034604 0 0 0 0 0 0 0 0 0 0 0 0 0 0 0 0 0 0 0 0 0 0 0 0 0 0 0 0
9.45976615377252 -1.4004335183023402 3.560649064237018 6.262799922412538 9.045511995822912 13.944643541092098 42.69697245272785 6.690074062293276 5.601922490309322 699.61724118337 21.082516842712252 -13.068342139571362 -10.316367200443668 1.5003688676653297 -5.367266598416334 -19.96880135254069 319.78061255475404 20.268444306578104 -5.051930150370437 4.48112294496212 -8.003034294832132 -16.55331271262119 24.67617732197827 -15.726862743773939 16.863620137011694 -23.55265728024721 -34.43197509276735 -18.74850402892504 -273.4458732795985 -12.552147950361341 33.034456971024326 83.05907962078932 47.559279951193 -30.536813702236316 -8.603245155742691 -12.943069441067713 31.786487112271963 112.19929666951073 366.7804445494017 -39.86173314218291 15.90919501063903 49.773237049967776 -4.170702431925566 -36.77467772093434 3.344718626048108 11.331208020622306 -13.278778245493932 -9.599148157338627 -43.36210881467256 -8.544597344713408 -20.529219927793488 10.238872356761405 -0.00017936299655207932 19.56286741358612 17.979886020769598 -14.265518695053137 19.931430205319458 -15.753048209743177 -13.77529906581059 -16.48065141871434 -984.4073556997238 -10.629654274009859 19.242042782484127 4.9795805159343995 -83.57392025003044 -833.2458720325925 209.25292312071684 -56.68487193871563 -24.53108139345958 49.98216528294118 20.646436218853623 10.081368221403995 -15.57915985014169 0 0 0 0 0 0 0 0 0 0 0 0 0 0 0 0 0 0 0 0 0 0 0 0 0 0 0
6.715858270493027 -2.8613120485575863 14.75264082250613 8.619354065637806 3.2968393858579836 5.186946653798436 12.834690256985724 -0.39558746876583006 -2.0640523774567665 -250.6025329712766 -15.695776479414029 7.003175916242806 23.586238385846933 16.9043121879515 -45.937995710235825 64.91628998294348 -1178.5521797131112 -2.264306872935788 -15.751834543159159 5.287678235315013 36.703137411194064 0.22644402686669274 -4.53956779432718 -5.933242452922396 -8.474047721892015 15.408936023356253 5.766488631386692 -8.344776676012405 -117.59239409376474 -29.533047531889355 -33.09570277151243 9.850775466409598 24.472300767225118 -33.202058126476274 -17.67803248719336 9.67146724926396 -5.147029415104326 -27.259932551344278 -97.21458564482293 -6.121643717997329 -3.972951264209466 -1.4677833947040586 27.01822614855647 104.15597202124856 29.019314197454012 1.3830346361099721 -6.914668930360074 -25.26964094048892 -57.50989244064866 -10.830100969299412 -73.84765370414588 -17.901991446827303 -15.284354613200996 8.707662069176978 -18.26428542019434 13.166339722994602 -9.379260018118636 -19.781822298587144 6.482968203489959 12.748110342358515 733.9607687535109 15.376170545511126 -15.695636091740884 -2.277666757970681 51.215078451020325 542.6630775906672 -188.6612712820516 84.14044974154685 14.633785241843423 -28.976114097259394 -6.141276639221099 -0.23221026866780292 11.22160849072527 44.54327224355866 0 0 0 0 0 0 0 0 0 0 0 0 0 0 0 0 0 0 0 0 0 0 0 0 0 0
4.708159660091162 0.6626401588600856 1.3005840853738349 4.483934624199664 1.771039395575035 -1.8287088147337034 -9.863047742715258 -1.5022157386630601 -2.058083273907534 -254.08423256367848 -18.017141245030057 14.033639346048746 2.103950409812416 -1.1279625219006073 11.253866271835179 8.28142843392455 -106.47959463179835 -12.455399225156626 6.881975849708583 -9.26904205291806 14.677865674161463 6.193427904055616 -9.566539268794408 2.7114863013493635 -5.702447071416942 14.015218620134583 8.150290064918362 11.211360275115723 162.53904025381777 7.866600022639721 -14.098079789898872 -46.38245743301604 -36.51540430342871 39.73112557241616 10.41415971376253 -9.098893479783776 30.325154416323773 115.74533728513296 379.8693494874291 -64.52280249972013 36.56342014900197 106.52680370279305 -40.12556910909642 -155.30452299010628 -36.83196839738273 -16.4738886383647 68.81627270584733 109.56976322663546 253.52917420930285 -1.4417307779767037 -40.22171212017037 -6.226756822017107 9.190605540893703 -13.77093717348108 -63.094197316950776 3.5697261490029937 -15.02280086451725 8.053715980515367 -3.577131520421216 8.788208874141922 517.8410906584119 5.577789484639343 -8.500442070409553 -16.63478882566566 56.3110851012242 570.3015541692062 -179.8964375599007 73.98272054441773 35.3973169393478 -58.51255502724251 -9.833467773174908 -0.9611792589833286 -5.14869973510757 -81.01336016386185 72.00337938595396 0 0 0 0 0 0 0 0 0 0 0 0 0 0 0 0 0 0 0 0 0 0 0 0 0
6.796241231227391 -0.7069628763308513 -2.353952952963874 3.1500827713654633 18.945273137632206 20.965366564875474 53.296395555403365 3.9235885899349014 2.466153954865825 314.6409667202543 2.5268499088081247 -9.230714370428188 24.316966294569323 15.490423033066225 -44.35808747576111 44.80394444066464 -849.7977630389387 -0.8972148172021348 0.660581256962375 -3.2192201246001733 16.54401695981466 6.942471509622559 -26.692382986524542 -14.683870230175076 6.4662664431212455 0.018451365140521148 -1.144896507070781 -12.418658907205383 -169.13938159048007 -12.81906601482582 2.951713927963307 -55.02681169411177 -24.809152147887406 -8.454892258720886 11.282599937717576 -12.387865140212805 -6.312003455880946 -25.127561040258065 -85.30040074075897 19.955303953825382 -7.815628627519449 -43.05106115513324 16.96585750854904 54.62827582349557 -0.11141811779510569 39.34438500020385 -90.47442991323274 -96.36285227073013 -244.32824217804622 -3.952938131723032 -33.626071054087085 -8.531767782007925 -21.191174178131767 -10.256579835377899 67.95918200372361 -15.872744500891743 11.618947284205671 56.07047521596305 44.17331199660174 12.08250524376781 781.2407062693612 11.674524460020415 2.0500698480625807 -9.859486378506594 66.21601022707796 605.0627788754969 -133.6209805187407 33.07609766699737 24.011855026376782 -27.908018656671693 -30.323398723423967 19.691625535433754 41.6453513489605 340.4417659381886 -376.1919134870811 -49.37049597898781 0 0 0 0 0 0 0 0 0 0 0 0 0 0 0 0 0 0 0 0 0 0 0 0
9.97801217253182 -3.792512520861208 10.133231640617275 6.600630030704226 18.310833400529383 16.69969330183111 40.66063010086978 12.33782447232666 2.406024951343241 299.64240222484443 19.229939027980006 -8.890013720151437 -13.337090862645407 2.2526012742314414 -10.038323097078592 -6.70280562037734 85.39527533766865 10.207667768740052 9.626423029654129 -1.1390634588684687 -18.198669019093852 -6.948641594475459 9.891504598893032 -10.898906968873225 19.706912316010666 -35.66179717362417 -24.8252731114667 -9.422619317118407 -154.3656909080605 -19.58289383444869 1.2848834218237766 87.50612011694497 59.716044087946116 -46.01767722067418 -16.790542907492295 -0.10236611476955737 17.563988085412564 66.3342558969913 223.96946753163644 -27.056104241550905 1.1276923343026608 34.377465036109996 4.383091661367926 -7.196478891326642 20.75029762777814 -5.206907671600696 30.857430127746106 44.94887967320498 105.23159669427181 6.609099106681105 36.150226061160375 -5.633396656016746 -4.197209585884418 -4.272679534070992 -13.800069026901019 20.450755144172042 -38.865197934081635 54.71658964456745 5.942565952590101 10.731909797049187 600.4616897582719 5.492844710409107 1.6780591873216686 0.9290459186373567 0.067126495547285 -13.689526250520561 -6.47043266374433 21.6818051079423 6.760783364419673 8.795973827662328 -3.407378885786935 33.903979407839415 36.383716583686365 444.4624245082027 -461.394924183897 -65.19819535392 -29.31384906846504 0 0 0 0 0 0 0 0 0 0 0 0 0 0 0 0 0 0 0 0 0 0 0
9.939702595458547 -4.770297035479453 14.45299708279677 4.109577574814938 13.261456613504263 11.334240516647688 22.952529842036448 8.90081031936174 4.918359521266924 615.5792538294534 10.827506671343073 -1.9336450846831195 -18.2101077873333 -4.371900480993524 24.346265867936516 -36.338031737598 636.9964920743835 20.967451574036684 -11.862452310510967 9.309122347860013 -3.1460024940530245 -19.685416870543687 52.888882456145396 0.9907915150375359 14.002473912041651 -10.847857083128913 -43.06998860290264 7.578964418180455 91.11506294337796 -15.9211553634931 -23.03936501229403 11.05714283750307 17.635311059396898 -21.87250729167986 -3.5121645189257507 1.7708904601214916 -15.841705550145203 -45.42300633551313 -121.79438855124997 -19.22997227453232 19.2607321857069 13.791113274702315 20.49565285392417 108.06323292175529 5.0720862692258475 6.764833272555932 -32.68723026467743 -55.6189291453195 -132.52636412432705 -27.9753951996556 -172.2102703262366 -8.667060096410122 6.264602615880269 -1.9400877077885554 -63.323358197399855 -14.367510914212822 39.73703495390654 -112.43920284964022 -35.29913853860104 11.45485763386999 712.4403179797272 -1.935765333291462 -16.662705618548316 7.963105729143749 35.00999455573756 326.11223786492695 -56.3699309306551 -1.3883974728506896 14.117365488316388 -3.0432279601700074 -3.5921262603189614 -14.337838020754116 -22.17297367338228 -207.74473166064203 241.43308463446544 50.25805861404244 -55.817198682837535 28.063902950614175 0 0 0 0 0 0 0 0 0 0 0 0 0 0 0 0 0 0 0 0 0 0
6.991971187102102 -4.551973032003266 22.38932899170956 8.546145883916104 0.07878819037564533 -4.623888727436704 -8.362696483360974 -0.9339778438103057 0.3535216907088805 39.335764821729974 9.508738933612808 3.514382868933721 -25.067487784129625 -9.70393142335917 36.44194728029394 -45.710866654452765 830.3792874610348 15.330993651942448 -13.512445727428053 5.620597069497856 3.4234881803356765 -15.85534701759545 41.41589905625749 -2.0670191093255124 7.624928071391592 -3.531235041033697 -33.290442540262646 -8.345712841323227 -108.08587862590797 12.900484727331431 24.136179804346625 4.379641655438899 -12.46514230593085 10.132167420444974 8.21427639514352 3.3137642099109463 -16.60626061198824 -51.777409240877965 -144.52166956894658 40.44951576089408 -10.183446097312785 -7.967460946899742 -37.10517123401502 -158.84958949457695 -28.422151688779522 -4.596178961697742 -1.2285595910150842 -14.891280192334541 -30.30238575641647 -9.410443684119414 -67.3660356314729 -1.9898887790997701 11.766107967883647 -16.052603386101904 -3.7588951974963827 -7.699467983512683 26.282579426020078 -82.40774854618026 -29.674081759173685 10.426737324268142 623.4108377049279 3.394054278886247 -16.121045913430986 2.0751706307879054 60.62775961670009 557.8497718738444 -107.75683397262024 14.242321654899397 10.029810647051558 7.418550990982682 -24.468039592766505 14.53566853646332 50.802015537291304 471.01882735266213 -537.3106161271809 -81.85744831172187 -39.260141644864476 -46.89684296853366 -104.48152696684927 0 0 0 0 0 0 0 0 0 0 0 0 0 0 0 0 0 0 0 0 0
5.7729715106156165 2.140910621929102 -9.425902589538847 3.5725522231757645 7.619819794886181 13.90694084417699 35.72250614532798 12.285025475678594 5.145073490509913 654.904781775311 -9.303663984391838 8.959563118550296 -7.080645857922807 12.48570613239208 -35.25092545614114 42.27523326023532 -768.6517075607219 1.4149433207570006 -2.484821141638829 -4.376139204464711 34.974973514861134 8.23222966540891 -9.98238952323004 -0.5987170379156233 -4.577538909679173 5.533070460574232 11.752167161031897 -0.6344296099199633 -27.187595135703308 -42.08572544594077 -39.20905983820945 51.280004896942295 75.38843287794333 -92.0654897027292 -38.20808200227544 9.510452389914661 -0.8632732432342418 -16.31476472730443 -73.98254668222802 -13.554672368527848 -10.951784727726254 -0.2069210307849083 28.754927368082306 107.46833598268282 51.2877997724073 1.3657595469520745 24.4836572217728 53.33911649669951 116.92221538442669 5.979498295948044 48.08181924625404 3.9532681227242183 20.023070361428854 2.042491514155026 23.711615325111257 -34.13662387492174 30.084796301078658 26.2048370459263 30.73781878163526 -17.019413831535466 -933.6546137651341 23.925983636826388 55.059921024260035 -82.85144513176105 -24.253675162461718 -84.48101857963668 -234.79957297087168 204.81682094396487 -0.10506788360673625 -21.815545388828852 58.83698212703783 -26.618963022109725 -127.34530946693295 -1098.1452351734697 1318.195510432357 235.5458474011113 -36.20232707722725 113.77909171217996 199.54123627274151 -86.89107163734906 0 0 0 0 0 0 0 0 0 0 0 0 0 0 0 0 0 0 0 0
5.864501663630664 -3.9648746581611545 16.133986703454692 3.166243157122409 4.042461151252061 0.06570306772603018 -1.8915167835501752 1.451129223581031 -3.149532559113662 -397.0177832315461 4.825960002191164 4.936085329412928 -16.998501209294957 -10.617142695553806 24.081346745213548 -33.01932300390312 620.977217068535 9.273503671502858 -3.516442385093491 -9.524666835248542 27.85600449314693 10.732561064113167 -27.419613530265753 -12.742664052330541 15.622786577224337 -20.999412823561194 -11.128982115193505 1.0580603361833258 14.31011321394661 13.30647889039685 -16.16831955153141 -24.745002366340547 -9.496514186502838 -12.631487228002129 1.046343377171504 13.165893776968133 -39.93397484749901 -132.56962219957666 -407.09789923198366 40.50188001079714 -9.627322520589392 -38.34473530687727 -7.6237779772368786 -15.712425205367051 -21.7195942580082 7.688958457798788 -27.547789079489636 -26.206203483549743 -52.91139112058648 5.317370692749888 5.176456424708364 5.9674791076765255 9.646177510390181 -26.64460860536681 27.10034211846519 4.128485183432231 0.3105941893625661 5.937759713251902 -5.319660468468242 -3.925649388993971 -255.9738469255925 7.218465198676819 16.706336374425916 -22.442185974354608 -2.55147339109083 18.240208129374473 -63.83279759468442 43.496827925706555 4.171461792009524 -27.776409783424402 -8.1988292624067 -3.435308170020576 -13.357509936857369 -198.38977745681422 204.58687485950415 28.2919188212371 13.060147414005906 19.292455567347023 33.47899263545379 19.654728127315142 -3.076128255042013 0 0 0 0 0 0 0 0 0 0 0 0 0 0 0 0 0 0 0
8.203488513315433 1.7821338226077996 -8.948971018701233 7.014730684143665 15.002791217185816 18.115330509622748 44.41149184184359 8.213169355251745 4.914290379116699 623.6590726321236 -7.12086824733656 -0.5438205374945646 13.52217176938322 13.571409576414542 -32.51569658704403 42.59399102734146 -772.7599207512598 -1.6746473869479122 2.310763154269606 -10.718061519930004 40.12078403244756 18.941781133100065 -45.73992418208089 -0.018725298334660856 -16.3392562410574 21.366449774761172 38.82644525630375 -6.378112203249391 -91.8037397228755 -33.050641809800894 -26.981426524909864 18.98792549747004 36.72303739140879 -45.6454407991627 -18.900021038635458 -5.290059818924585 24.205012234356687 82.70741809831077 267.927871249806 -62.669313615742986 7.559371249730834 43.327698720463474 21.100704760645094 67.70622119488058 34.891636232677286 13.032125888030604 -1.2815369634336342 20.91611125489503 36.4984964884243 -6.564590114582386 -50.91025820230126 6.138465536226374 6.204565438873704 2.9532347619835964 18.743834060408 -2.1243590883093013 -2.0535622676298737 34.511724292840846 12.411477491639664 -21.932154526119174 -1347.1781270773467 13.265545292441077 42.84241483947905 -38.717975125257176 -85.53301414593004 -712.7665332042577 3.13011257510556 88.16960630148134 -33.95467499832163 24.824578462875888 44.149284133876044 2.788063080823335 -43.4931981529008 -315.4432745987521 395.8811072725613 68.17980214412074 4.611685649183656 43.401604212531936 90.05926863865501 -22.01023502102231 -7.203979631259012 78.99310502324563 0 0 0 0 0 0 0 0 0 0 0 0 0 0 0 0 0 0
9.773493511085277 -5.272935368563946 17.491678955732652 6.833003462329901 15.990405699310255 13.219426622213607 31.274735837715376 0.8050618729357524 4.177976529694115 523.927630620122 5.581800308299907 -12.89889561830183 31.013241542607723 16.383237735397273 -44.74796708352769 51.29728524234593 -958.1123568033382 -1.9954046973199526 4.176712092323077 -6.860919730864161 16.073285670872156 7.5710723749764455 -34.27236909470862 -9.579735240179375 -3.787861140502253 7.031471617902003 16.414372330057073 -14.424147301678545 -199.20250483497622 -18.689365413375253 -6.99095843841285 -3.4547439569361087 3.746529389632692 -14.31662306526147 2.944004971487587 -8.645635836859357 2.735946272593032 3.6670694733337124 2.30250874919008 13.496334223017728 -8.004874604974452 -25.77844895692774 19.412025104918442 57.53882680219813 25.04643034291425 14.697106914152233 -26.732899447723756 -28.001658800030253 -75.8321474166642 7.599737460719836 63.27738112589197 6.326422762429575 -2.051992827025984 1.2354514980143607 55.20689325571568 -12.120923793629716 12.785970360697757 15.811544201119336 9.791042272534437 -5.3203241520239 -286.444266215321 2.804467625754107 0.4472053010278547 -21.675834583033147 67.90858933778371 657.4026775561038 -168.5947326419296 37.96061010925833 22.818332611905326 -38.81823754076777 -16.200642395993675 1.9001980646351821 21.704933065317956 147.47166782089198 -186.2330429641067 -25.195230203970073 27.228241300128868 1.756393102251848 22.00049522897412 -10.580562755588979 -11.28859428050261 98.15760563664901 -10.663043005155531 0 0 0 0 0 0 0 0 0 0 0 0 0 0 0 0 0
3.213099216359839 -1.1860430058696054 8.858081884288904 3.3641557784195832 1.9454609085085668 -2.5571125370515624 -16.889326163192486 -0.5898046741935268 -11.481247000431651 -1445.5702379816062 1.657633914522144 6.855779162107715 -8.539638305117094 -3.973093183875375 -13.2396791314324 4.731780128810017 -54.838192443416666 4.446735408769857 -0.6657390179081109 -6.685069591061016 21.830638467009532 8.162617906387903 -31.496897935350113 -8.947003716263506 -9.242165334768675 14.69798214573263 20.747222697085462 6.364169798437953 103.86102748083215 28.983275483956714 -7.529947898580332 -13.847639256098361 -30.156380403320544 54.19178297722167 3.2989972990068415 22.333489546666968 -18.457361039122354 -64.19516121576535 -196.96731318310708 33.61796493175093 -32.42740125768853 -71.88110033093588 -1.473591215953033 -9.07841828643037 3.5851912956318515 -8.91602308031081 0.2357792829277514 -14.430343579525735 -16.189948146624765 3.073103803872509 9.049512469195545 -1.9537391314164552 -1.3123885747084323 -0.34836559227361796 -12.240621277207229 6.470755652431114 -9.0681845270118 5.644280987992891 -8.461010356417582 11.715219883694562 699.0050238772876 -6.20169016286669 -10.921388098065453 12.1149203404722 10.73445788533482 57.95832607914422 54.256776042546264 -45.73853327693786 -4.4138044816307005 22.360051989519295 -13.844661728310205 14.726859490610472 44.9809995908855 423.4429984269121 -477.9217875484471 -70.58377207014685 -26.94976204337867 -33.239173640138645 -75.19658990662202 13.088193845293063 -0.031568466604950274 8.958954026261972 -8.188726889774491 -32.110456760679966 0 0 0 0 0 0 0 0 0 0 0 0 0 0 0 0
9.14320824222019 -7.352554264319423 31.589886681585078 7.583330232223822 2.652069164344302 -2.1892817755542637 -14.33070478577234 1.5091210287254144 -0.5761416122965555 -74.34253150078139 -1.1903234163963274 3.7019243066679057 -1.5822393879320202 -4.739878751925435 14.602014661231486 -11.574011544018065 229.2036008673386 -0.036624031766170795 0.27648927158560355 -5.0304058187169325 9.06391504601053 1.382786277669802 1.3224749853593458 -3.8684096365044014 12.186999091541267 -30.244005574097823 -1.3773685283021226 -0.2138494059450693 -22.323103378691627 -18.12647963652054 -33.16054807767935 43.215847806802714 31.14511195222374 -23.210074510237035 -12.94932953626364 6.1875001274734736 14.017684630264828 51.06729325189753 163.4845250468586 -31.89788179216767 1.8451082000250745 29.048107047715867 3.2979582633010303 0.1466732544468261 7.231389464231037 7.167042104917238 11.429610407530262 27.963189224853924 57.099234106064515 12.480671884973361 58.449294315703256 4.36524163930825 2.0028960626743437 -8.135070673633818 64.60333007366201 -6.752364709980187 -12.534363782992584 88.24787673398166 36.780586137117986 3.154083308653334 245.22810484161528 13.934444874316593 31.392862587479506 -38.92515025444618 9.50970994997144 113.33526905565898 -89.27938085080257 64.1131619941736 11.9928683131802 -19.117121413703806 0.5693378304328587 14.80433581340495 -17.912252044551863 -120.68661574245473 167.3777815372431 43.34640343320653 -21.483207940063664 49.17908492075475 75.534357287435 -19.030812701165083 -9.720920405860877 102.35585737999325 -2.1791230532487678 2.3007872126843036 13.186343218462484 0 0 0 0 0 0 0 0 0 0 0 0 0 0 0
7.392297043354212 -4.32947241988132 21.311632911148315 7.215200336382532 2.139774971546304 -4.6116194181921655 -17.73212334860749 -1.9236773839046455 0.003121888186406352 -8.233257387195994 1.475486808330778 8.47108402781401 -9.613552945340848 6.781028729470278 -13.337540926257015 19.350073214026203 -340.93933914728893 9.01951624535089 -1.883424224848497 -9.567931638868963 34.986554709118415 -6.3347006893567475 20.3645960705733 -0.017210929548735265 -6.357560461842529 23.044045689979903 -13.569049580291987 0.8714386570319297 12.299674215945194 -10.398892039062664 -12.14435381679003 35.365365913798634 52.27286011160733 -67.1336398550259 -17.762149068370043 -0.6961394209883123 -4.258289236846993 -16.113534729385123 -48.9377278745339 -0.4378945111258279 6.103759499106988 30.039617331380022 -7.959071166566225 -25.634014680103782 9.95823145301715 -21.311059625197462 58.77485769749244 70.04695728927001 166.30580279712433 -10.93778793805533 -67.51364979121524 -2.815942548561347 9.771240806575726 19.876755315356203 -61.23757048086027 -11.182256619308948 -14.954585359127437 55.59806338626032 17.472731992714486 -14.256637732717 -825.6581978206624 5.622111972512712 31.86815092167581 -56.13317307995503 -23.246879743784728 -133.4974865984236 -112.59666229774771 133.58874887374932 -23.68825294292951 9.787023176718385 23.661522158915893 32.098814303834644 -16.661765857265102 -44.618799440864706 118.80227724590925 31.15703510809567 -25.93765421291765 43.13434099662219 65.64896407317391 -1.323632008594096 -3.2932291241525427 84.97763980780945 3.196999428639548 -25.524990704233005 -3.022860617755727 7.18565004718557 0 0 0 0 0 0 0 0 0 0 0 0 0 0
3.307529696464943 0.4517800653790598 3.066106701681983 2.1315559724962125 -3.084616084145324 -7.723516475341034 -25.714267825172627 -0.292701067795738 -7.576700936077277 -957.5221851718094 -1.0859586325338322 15.079541982873867 -21.26361142886828 2.4566630675444525 -21.080975990412057 19.667709569361495 -332.92371809872253 9.220238127581961 -4.250333120964955 -4.980221497587317 37.17263846468896 8.099246718745556 -16.985064965348446 -3.5539416427501553 -2.008136015840618 -2.369910206104448 9.473979371334764 -3.622091708905953 -54.79261708330806 -11.433934221998372 -34.793757504557476 58.6337920423613 45.51136909117329 -34.84524300615252 -21.264437815083017 10.308690849984268 4.750173800205402 17.203343764484718 72.01696117393148 -39.52174540752328 -15.242310280536184 -8.612285196689225 26.970486901987073 82.02210855401255 47.738659161958395 9.45022138228845 -8.20543434781917 -13.678162861921178 -25.09946113432751 3.5810261202053475 -17.38315755106679 7.734504362808548 11.427077006196646 -17.44784252464929 63.21845566670384 -4.495483709202615 5.035700750927458 21.672464791250196 19.7315005737111 -5.513112090169853 -328.41037591725257 18.7250373848896 26.080632687052756 -25.51881921084197 -29.89773071756579 -219.91769101598612 -53.495112073189425 79.90446474973363 -21.641630335077906 17.08844137936421 18.477863134421234 13.131613890145399 -6.798712342642272 -8.458023720287823 49.5826150749466 -1.471115742682212 -8.400462234274874 -10.141309155923768 -3.954291672763854 15.841849082490697 -9.61909672529114 98.2066749491218 6.3285066031589 20.576747080243734 27.523477516925404 27.256737205355392 -17.27804649202421 0 0 0 0 0 0 0 0 0 0 0 0 0
3.473861628190639 -0.7707671246506789 4.591258643586244 1.757211756120534 1.566018947364182 2.789139143278497 2.571808453059158 -2.475791649896002 -3.1828802997378585 -395.88822794442456 -7.81610310364633 1.993196374605267 14.909784467610955 4.168337747927174 -17.483863971496085 21.91178470342109 -394.4812775913257 4.094613532617984 -12.738583620029143 11.128689193356202 18.007979815070605 13.645464906344364 -30.252978091269235 6.366533700799163 -5.432433603051184 -0.9325045930093765 27.52448950230848 2.859339094364043 41.105689747786855 -7.474564891212555 -40.820466600262925 -23.995181871615138 -22.53679973676053 21.346681608542244 7.325532690484213 2.2478514029625583 -3.512014140767771 -1.8754911480707577 22.802397661295096 -28.278618500676316 6.282559687567408 12.949143414174667 17.474388718781686 47.12913388166329 28.832580003841873 11.357469537698067 -10.018579878652691 -6.025745374066867 -8.116280221402336 9.832976253681604 11.386245762291608 8.93674483863203 -1.7872951818051046 -21.586882133176633 51.48615070755079 10.095813878837781 0.9491385228035778 -18.294118132389173 -3.2820114133563036 2.300951281129412 100.01865268571824 3.7923051989619303 -10.263843869436283 18.28677077510372 25.111731197310633 223.75070209533135 -3.0989988143192964 -36.816768510979884 15.54646658640164 -14.631391570403215 -9.528081811281256 -17.500291954007494 16.918256616913645 98.66081560095827 -136.47846102468318 -39.6494447723826 21.68756942093649 -37.79040581998416 -53.07565313183247 34.85656827667944 3.2534047382735247 -61.76950248089432 4.365595849906166 27.556736256438597 -3.6055503619350198 -4.86341705243205 14.351095276761363 -48.453234632590394 0 0 0 0 0 0 0 0 0 0 0 0
8.161946378826729 -6.346130515352602 24.25570996163698 8.814807323978684 16.53738193321022 11.419542785636125 21.745691818596207 1.8113807284486727 -2.55767501537548 -323.21520902720636 5.7953730335143065 -4.024134684608951 9.455011239118376 4.930526190182908 -15.81607984408112 13.309062697724364 -246.6683223754141 5.043204717543142 -3.397078716698351 -6.575380571116076 28.257047795003203 -2.409051249336942 -1.5767631382241647 -15.759817715795236 8.67434513283966 -7.55094959240675 -20.45327050289239 -9.33044175328843 -133.01415417683728 -8.1116838902758 -2.5426447915921653 33.24554790559783 29.426456458920292 -36.263173421082804 -14.342478150897936 3.8672305738250055 -7.115483761232588 -24.17221264176745 -62.866556594713124 -6.288182615877334 3.579637700438046 40.0136197223161 -14.968660132008264 -62.86347581815046 3.80328762198792 -12.863686677845436 40.959242523187584 64.55520272162798 152.23094397050826 1.1348821849013255 -3.724541628363961 10.242853071538574 5.154552518189668 13.445502118991318 -7.275449993865287 -19.545292245356308 41.878889235195295 -105.64111512747202 -28.02148101313455 -5.781748815923157 -338.16308533431237 -0.18984841964307186 3.298051737698911 -18.13911777868779 25.385523214194045 262.0786321790126 -92.52357963102499 34.97543983623947 11.08634964462458 -16.274373865136866 -9.952716665489564 -16.039027437027553 -26.511057035957954 -303.05317288783334 305.4037120384488 53.75157056720446 -26.50883658758691 22.118685954599712 18.726044037670277 -14.424716080054127 -5.415055338929416 26.159026286768594 2.8375154755405436 33.30500020871947 3.0160656959802994 17.373766194599348 -32.46779281274541 84.76848471835753 -19.265232846999638 0 0 0 0 0 0 0 0 0 0 0
2.3358771960070897 7.265605128309802 -30.232637880428662 -1.7632229954891199 5.68820457765754 3.94204540355738 9.958636208184958 11.991389742983134 4.818487527681059 610.9985218832502 -1.6453302089577857 1.4139437317005037 -18.815965322723876 -15.089575958308654 43.91865034224026 -51.73850614273531 941.3355612089883 -6.670869338056013 4.044077311298746 4.038047364486838 -37.62453458249713 1.1469862298436233 11.023423250941523 7.925552738752981 15.172636912365366 -36.23148701324166 -12.48065642402122 0.9444393936244091 -0.5870973907931325 3.939954699411043 20.050882823668754 20.758968817077903 21.328168621603563 -27.129634471046515 -17.51348741324081 17.498358458459208 -21.041264086493477 -74.93809397997293 -244.95182971900255 13.702988044353306 -26.202688067191833 -64.55621852395956 15.293920707291049 84.48171059460603 1.1939871352908566 16.3518511409536 -41.76925103821824 -44.91235531258809 -108.93633779459351 -3.6258952849137813 -19.635439947550353 7.632643259909196 25.219932801041903 -27.066698973435404 34.39274760646943 -3.7704608541095164 8.08494613969984 7.539178202088926 1.5564950510665376 -16.609539782835487 -998.7671396196416 14.480521972627251 35.82426976858934 -39.433403569516486 -54.504937398080195 -417.5885368681743 -60.715687627518335 102.24620821173751 -17.05521902623252 -4.717777885061778 33.521370860235194 -9.816724229964485 -74.32472397206152 -669.861952078183 808.1811738208893 141.9220945235306 3.8632425545138798 88.53408954180499 152.51307382918955 -16.88036101645782 5.690260345752496 -60.83954148373755 7.706684560639948 -18.975283453474134 -25.909101969262025 -24.928999981309897 28.012556980448487 -66.60105479999375 12.475611070030347 -77.76731262978718 0 0 0 0 0 0 0 0 0 0
8.66267218389509 -4.133487332145925 12.70200858637307 7.483085678355759 23.42671689563195 20.58627254785509 40.90770653616764 4.070306279474712 -4.833391287644909 -601.0671592001305 -1.2974458854595454 -8.510525901157315 27.992178016809845 1.316153232915914 -14.892690356982154 16.908248795712588 -291.8302140841864 -14.204130539545021 18.257261390635666 -21.045995684784263 10.88582460427481 18.65817441603591 -65.675819940926 -11.570283842303164 -15.104146534973832 33.59956331799473 31.97442782870036 8.70179941189236 155.11317268733782 53.046028603680796 35.650632033195336 -119.9804540113271 -111.83646015097146 124.1180249201974 37.81776984984815 -12.945049894645306 21.091657499084704 68.60841534088927 183.2681608869007 7.5132707760919155 15.62796269835232 4.409854991915554 -35.46428816961788 -112.94875592476497 -53.53941510451849 -19.911075865205937 18.530456780180653 -5.048327826704755 -4.026915208561835 14.516006558953254 143.44078693397492 -7.129741918495999 -0.9909325607108226 2.8053214286886243 -15.434630792351543 6.353862882279338 -20.936968537655734 43.38600805042805 18.832882965800103 5.862129038116402 364.580827594516 5.403279800085782 -18.091090114217877 -2.077110928637274 50.32082573693414 526.0629598884551 -172.25758775370815 63.88745503567297 10.801302421752723 -33.46655403001099 5.222069347974514 -13.198338393617668 3.045135970084498 -55.89676444029342 96.86712554565601 22.723456125216085 25.541783644211375 26.31259817707394 83.23262285406842 -35.50868614219738 -13.846824701181323 113.36650870271244 -9.637956999895955 13.990728806359972 -9.878955770894137 27.81548781105711 -60.23789225837276 169.03198222134426 -17.096673679529328 13.835432147531861 -56.379187339306505 0 0 0 0 0 0 0 0 0
9.917516480626006 -4.78045312906701 13.245811923417506 7.670126965004485 29.822848342041052 21.596320621946866 37.795303578291204 12.977212328757247 -1.4279607975415995 -179.39266159648648 5.17799395257872 -0.4406965943048782 -0.06296870720127146 6.732516891473379 -22.179891469158463 25.846446427156025 -471.19008850465394 -5.79129799337306 12.699648337340427 -14.011286817167095 18.517141617023842 9.959477069428427 -17.10899403765864 -6.202187141591107 3.5436199238721686 -9.471354464946746 1.138840597318517 -3.646594513400416 -66.95966502839806 -25.94333369871815 -18.050903466910672 58.509766272825566 75.07693980774208 -94.22972032496958 -33.939962406675285 2.172241863834811 1.8378077151785779 2.155449973597414 3.0358369872178823 -37.06323687545958 11.244414193573752 51.46349956822144 9.860035491895408 47.69306511327001 19.308974692334875 -1.7599964817171703 28.36710955842213 58.73515255215473 121.12087108197537 -11.07361089180229 -61.106339811939094 -3.2252542454603947 0.6552693721868463 21.714341839536228 -31.07857633492312 -23.4452246826778 21.584985741453664 -3.9818903859174455 19.49720825111367 -11.222512456772614 -608.3822073846495 2.675313763488453 20.959766336551226 -24.471785242692548 -47.60989592535914 -397.3443311665444 -6.627066930509699 59.77939119526523 -12.728330611246516 -0.009290017483084334 34.772401586692695 -24.01310821102623 -108.13297243497628 -981.3948682404522 1134.1450262430806 203.65096000519554 -30.196099679383682 120.47688613962474 189.87495748910857 -47.578511071802275 -8.827720891695122 78.62432014904184 0.9788158521635957 8.007508120790336 7.333215205186349 14.485200174743804 -28.530761950132927 76.32242001621655 -16.343217065899974 -14.733876973723302 -8.276239426852548 -5.365650985449719 0 0 0 0 0 0 0 0
6.049540971554099 -1.890371251928801 5.939059128542437 2.000683428030686 12.111412964861834 4.152244408445762 -3.5276013815607543 4.563441327216179 -4.030012178467198 -507.81096401332627 4.409538066730374 -1.400070313609031 -4.767467205739061 -8.026314902654882 18.001393706539652 -27.07903006278529 487.7543326139375 5.968899516846392 -6.296875661513308 11.724673279840568 -17.626147522247994 -5.44678039346439 26.228278821026798 8.775947663289411 5.282836757458934 -16.042467592773672 -3.6200806106819394 3.8071531663652127 49.62745597196142 5.0540166393717385 -1.6676525708877392 -1.0850286488445358 -13.331192530779193 13.551878359357666 13.017205991709442 -7.025671167244811 -2.300763450739222 2.873191988327445 28.10675596288586 -2.02431145627809 12.474905692753726 27.21395260221659 -9.208331972935245 -43.871944033318336 -5.345567768303755 1.8029387517816247 9.261053054780987 20.59063422425554 44.18235836613576 7.129653081153681 21.020689626633878 8.072023879953552 -4.288836712122327 -7.621822868169183 22.75391969019646 12.17206584847819 -12.847529037193544 4.319647175643608 -4.831127216089932 3.0978945965284117 158.19749496944215 -6.307050011110528 -9.460995934836621 25.732389465564324 -13.658730136593217 -168.22470329928268 109.60193374678146 -72.4881464966034 1.176587724234862 0.4809141872913658 -1.0927482338387513 -12.454531585037884 -1.058195408983722 -35.81193514688811 17.19398535625251 -4.668000157391765 26.5643225034779 -4.934729797898783 5.380456298806024 8.040355601417783 0.7469853108413584 -18.666376815013727 10.913399253686105 37.58024314850296 0.9105734470026814 -2.258725596153511 0.3059839593392386 -3.230661567399287 -4.104718840836888 -16.231942050626294 -8.505896138767591 -3.314264543055799 -1.0500049606231734 0 0 0 0 0 0 0
2.7595908725309704 5.889586773543091 -23.41282778909288 -3.4740089942783765 -4.664731896460191 0.6484708543213911 4.640065405537937 8.958445923670682 8.185498632012854 1029.2250394391756 5.615157862140089 -6.226260527870445 -18.7720875448911 -7.227463499731863 24.150421503975743 -39.86594544979213 696.9887948990711 8.85644924466473 4.07604996198549 9.992165988530054 -40.070119871623106 -10.851556358071 39.58397764239457 12.45510456065661 11.519203780745222 -32.128359407291214 -6.583298977713044 2.8773431121607844 15.061608694866418 -24.33937881562062 -18.472283800636465 63.43443351403858 52.27597660171959 -46.01174303364175 -23.725414556282313 7.532920780871388 7.7621135633254745 37.32407473663929 144.58728943476692 -51.12345748204775 15.386516342735828 76.02811212971433 3.064048599536431 -3.656844092909754 25.277530859307383 -3.258829011717161 34.05825350102597 53.09229875488008 116.46939770483918 -7.0282114482901115 -51.7846741285866 -2.9506925423961494 5.340772271928783 -2.1359462167645926 -26.95614830674587 21.54545626129391 -29.490781693625774 18.919125919568838 -3.3802270041768594 -2.8671088791528767 -236.26940173559476 13.809340345469824 22.05001628751869 -30.263013357808532 -21.714836130776554 -134.75223402682784 -84.34814600740721 98.879723241212 -3.272303889461548 -2.0618449423729803 22.207549497799057 37.26737034200288 10.691432059306113 236.00456867918365 -176.08250693736605 -30.963503670727924 10.309991355350638 16.634622001138965 49.75534375601134 16.835911373666626 12.507389323172596 -74.75413690769261 8.47412876388749 -52.432782867424535 -12.918866079473545 -17.802362778199758 40.959735299966525 -107.27113872196712 8.633114962532673 -19.77075005477827 18.086703016716097 18.02974577720172 60.98165968329161 234.04354937673227 0 0 0 0 0 0
3.7544856692447883 4.262310243879654 -18.494423979382354 3.743961039174115 12.56530588343114 15.348307691825315 41.952409532630746 6.46187385733089 4.34124719002031 556.4714574477526 -11.130999113926894 -2.6845071897676647 21.422897111108558 6.112285339548999 -10.617799978041909 19.617451042381877 -365.5896444655705 -11.935400066921325 2.943836616989504 -2.4774943615747604 2.806558368112338 7.402368015265674 -11.022702038102025 8.525037683680734 -14.301149161978714 25.549519522591595 19.574428272793856 3.236686741132582 54.671729876501686 0.7839448164831335 10.616945189631178 -47.43269079766028 -28.220978214813513 19.67087708184619 12.460951710062034 -7.1834212951585155 3.7314004372242557 3.5636106674827475 -14.507870427156645 25.909889681121363 -27.755855465874003 -93.72982590097561 35.410215350886695 136.77831355408938 15.75261891938717 28.93256124984455 -78.36229693136421 -90.90646612445074 -217.75734797841417 13.939845650289126 98.3349151507379 7.1569743500511365 -10.448486323705797 -10.177389796061297 88.02271303829968 -0.9051793630912002 9.828827823878063 19.33584946025139 13.803476317962735 0.482755478939108 46.07489429949442 -7.595767405361576 -14.566436554433526 40.086182772521795 -3.134684829665818 -102.91236847890545 141.32800796329843 -117.16365438249342 -10.15378712185155 31.9675212479115 3.3334354099146744 -10.28237904304243 34.954307941353576 327.0737934838303 -381.4848455230215 -65.6867519736862 47.54391560602441 -59.40929524414645 -75.44330166698006 1.3381380801085694 4.479807938270584 -27.492710822932636 -6.84612605823261 -1.767589371003401 -4.207383459869131 -9.14650214133899 -1.2354124723218138 31.18007294447429 10.424585307968151 48.29337593860233 -34.61026405636226 -10.53571339523193 -52.391503794534806 -204.98086215300796 3.219796426340759 0 0 0 0 0
1.586785015952172 5.607149580388448 -19.81576875659752 -1.1778249753391647 -0.0946083432994751 2.2080901480653896 10.061441171638474 -9.078065718837927 -3.787235202186583 -479.52425838817646 4.5779155458474 -6.762790153207436 20.441722825538946 11.62932779272907 -50.992411441113425 45.774937066368935 -841.712075260285 -4.907811206109793 15.327990262748735 -15.533888569038186 18.59462459044262 24.435365894407433 -67.36814969635213 -5.893755690638278 -3.203773527711535 -7.61465551531941 31.034207304910925 -14.68286831852786 -208.43649922434642 -5.336256289445508 12.1542432412353 81.2775464051412 64.36724674751082 -56.685877445591174 -19.753106247814998 -10.607561264060505 36.22148115662795 119.97037974203134 372.08481521686343 -49.259541100559176 1.9915230337315002 31.892758129849557 7.104104105790117 1.0032273504037281 25.39950177105446 10.015525876100197 15.296562717359826 45.50460371947499 90.82117351874051 9.053417331512923 54.40805315340262 10.064901068735834 2.053419254978686 2.5574192676734278 51.901130040047505 -2.863677163675135 -25.012168459561423 128.16898305072255 57.207621838077564 -23.41472311174035 -1377.0667318471035 0.1194937638121365 40.89110104252861 6.141292750390116 -170.4270737927873 -1622.8772099574687 349.61966667849225 -49.03834795208728 -75.87029353111252 90.48002938791264 56.022504007425255 27.126584035295416 -24.49437921897853 -47.24452314888564 138.54558378171998 37.79338328179325 29.054217612056878 64.2982334254244 148.9438381508037 -13.566326237550902 -6.950169491116293 116.92867643308827 6.735828703153603 -20.459499455704023 5.785070136420236 13.336507186982116 -4.888241944918054 -12.400360697875193 6.252426798295038 -35.4901972143669 -5.955669994349357 -12.70520753871747 -29.703936462559675 -154.97858092075444 10.968778363461741 -19.727700782699877 0 0 0 0
6.095675050910988 1.845328595776925 -5.308384222109806 6.215958404937259 6.385406837498431 9.488684472645412 27.00328085852643 -1.0195725907915563 3.4564275147635763 434.76209621982883 -0.8820612312740908 -4.774682808290294 14.418957076588779 9.811256207255397 -21.09006320266282 26.458328856458735 -489.55410247525197 0.33068961360185867 5.0214823415057115 -4.717469904416728 10.70500899282955 0.3689180615082486 -4.550497341739222 3.053652556723789 -11.449675013231337 22.76422875519485 11.856699532657572 2.0534898574501446 28.577376526051836 -16.627250152855837 -15.168777897118792 0.40923933230361076 13.874678804235277 -21.964479250847514 -3.9875694980678897 -17.975031296177665 29.441131864929577 104.06291189458412 331.89238700593336 -55.359065617687456 41.03032747250072 119.06505247337304 -25.349917980599592 -95.32947018687572 -20.485089144944222 -7.400622689004763 36.705043017039756 61.04991230886242 123.83652191866308 -16.476749312746676 -78.78162114787906 -17.851153050619956 -7.639014166470478 16.873918191715106 -74.86441177596679 5.761691530186653 -10.63073883192644 4.690528211543427 7.870211299016403 -4.967054718763318 -313.524128500419 0.3833344175599809 -1.0708261351565636 -3.0039509224248224 -14.01360500065253 -98.56977568191607 -27.899177825663454 49.36750862595535 8.293639070814525 -33.39523818936302 6.677191294655709 -0.017873971939626365 -36.01726670873488 -350.2055966209448 413.15755964388023 65.19153244279569 11.82406079850082 49.309063116014556 98.43007118536411 -8.136099901728276 -5.325905046524445 47.20280589029646 -5.162937741145046 -16.439041319637784 -5.968388999924747 1.6659452465236342 0.3808456525048509 7.9688654332414925 -0.8730702166037219 1.5612224581240415 -0.42508550454009697 -11.69402994695337 13.782273116927126 96.51325303725231 -29.070307939716283 4.203934027061126 70.4829560754296 0 0 0
7.984431719451554 -1.882379610729287 5.484502177331376 3.5295841482609633 11.992599316927276 10.199460267266103 17.395720971313008 1.5681978575652566 -1.4021123275839908 -175.35699998251175 2.983520879238064 -5.2700593504867115 15.505025489396246 10.235176630730498 -32.514943357036756 29.12835306127349 -561.0864903088304 7.62371294326328 -14.871551057948105 18.74767062880759 -5.136226042840022 -8.648308946618888 15.569295477496933 -1.8431213876370665 4.071862514909392 -13.55601833002401 -9.134522155071693 -7.704827887567957 -129.3504467898993 -41.47407712886534 -22.237873973392862 72.01822796820792 58.179687955516115 -54.07294909504503 -20.16176446845155 4.731726927793936 1.8005440813961457 7.392412508976756 34.15785756872329 -18.382655109625173 13.186590613711285 45.230887825433335 9.369884320553938 29.90694726547191 19.623563895337938 -1.3341217651600772 21.13605433649707 33.96961240893488 69.26746891107985 -8.376864973934966 -51.74949105022512 0.4703747474998936 -6.90567696352155 19.47381562144503 -29.046202586720383 7.4707343120218175 -10.24948197831383 -6.412144945793926 -2.33098521284605 -8.245916049270045 -522.8504758931003 -0.4867767000712302 11.005474996446331 4.303406364179452 -70.35989494431637 -649.5328548112406 116.16829602641982 -13.772096615914304 -17.19138276850189 16.745416303079143 32.636438732185475 0.5535420981520875 -32.521569477787835 -234.68751474553096 349.71619237368935 70.58033707237315 25.796740132701345 71.67900644892191 156.4749394187558 -27.130697534745302 -4.760427473595351 68.40223069558938 -4.594128734297287 -35.46207650813706 0.6611022135259148 5.7558754829456 -17.35232542707481 49.335073036502685 2.184859271927836 -10.771986093667511 -34.10743595612509 5.072503313087161 -13.19468501692889 -102.03726215895932 23.048727677725058 2.9470972590054583 -93.33512302217251 -69.03270853124927 0 0
6.857485243412558 -3.0515893416277047 14.291866582290814 3.442618647227705 1.2694463530866011 -4.234057469869807 -13.320235065518549 -1.1918018913081152 -1.0840234387970256 -146.08170355292717 16.06785890878396 -2.705945267337529 -24.207298775580902 -15.62109570796012 44.77273895122484 -69.99633808599893 1262.4820337651443 16.077975043201814 -5.100690211231482 10.831786436989557 -31.24332665341814 -19.329944462654705 62.52259857893629 15.126534578332606 7.598930680646312 -18.442248645874088 -23.76505479466617 -0.4796722128782438 -22.51933117029268 -14.218383443259079 6.493652674573257 66.20504317120061 47.7210971072995 -41.073189032625415 -8.31940536872673 -5.305214410230127 6.342700113566008 23.092075970562036 81.34866942398983 -5.3463504574495815 -0.06230511024562979 2.559547625509004 17.7498827488401 59.57714822690311 20.731190681099235 -0.845942413352633 3.1221436971893644 -0.0026565753749894228 4.590005747587016 -1.0954181802083927 -12.570504626229523 -5.248230437265985 4.727269256082973 -20.004592336779453 -30.452859169320007 20.57851778550495 1.3652707736476088 -85.30577694174805 -40.26352843190381 19.16293643137676 1091.459689861206 -4.874812386320205 -32.11081223767684 50.96532238118833 7.69331156797874 -0.4553346233224167 117.17176861773245 -92.47004097466136 12.359166883655014 5.439993818656068 -19.049941137685465 12.087290945987373 53.83212249538138 503.74189183647934 -559.2708201138257 -89.43276559799466 3.9636007682221885 -41.1663504515846 -61.672285034866704 -7.386414084847703 -8.14737157428976 84.74218440856346 0.34061556725894526 25.651167625740463 16.162505960819054 17.988450001569838 -29.844571160621793 78.46212797486864 -4.300403012601862 22.12048116063324 5.119822342474027 -11.721911341748749 -1.3630171537892544 38.349694111312395 -12.539753714556294 -8.404914283691841 77.38260887026055 92.17279786012826 -58.640920981131316 0
3.043213474518767 2.8999138646530462 -11.934830818988882 -0.9526039476235812 0.4308249884758544 -0.9365457693361086 -1.5362461565587813 8.904566167913089 7.156390602127187 900.5610036529985 5.320049474760378 -4.313530665729892 -19.37630372015609 -16.248870719691816 57.1911879242685 -73.61331600191058 1312.6581176026525 12.12304690318726 -20.19946729346549 28.558778555853884 -47.86865826241344 -22.451406035819254 70.22143291271715 15.848594114646898 16.244494573342685 -38.20080629843892 -35.89728962257751 2.7396808989948473 15.80763087605685 -13.772662840372377 4.740784149677403 55.09616640985277 24.229146065514257 -9.910949116340653 -3.2472024183023915 0.7729938778210657 -2.760126552581096 -4.705492745783507 -0.832388866179183 -7.347199539293456 5.87448607910814 7.985216089758016 11.010350323258185 57.001399099614545 3.8151892515691292 5.242262820036979 -23.952354280018117 -40.67995194416056 -89.77966248269405 3.2624819169491692 27.613180200478382 12.062439508065864 17.503895688266805 -15.116393326006893 38.498352738564066 -7.020070466889521 35.22153464505248 -82.62188165423609 -31.57166703918566 -5.494568447339551 -320.3733860608445 -4.616550428880324 10.395302929238946 6.737650457154607 -32.75313360667283 -354.65842586128883 137.34522617184413 -66.20759562178743 -10.108568488537774 22.958705525765303 2.0009351737587604 10.090020965449654 12.256685607770006 149.67909296362788 -147.09778828661425 -15.518103421052633 3.397747457300471 -5.409488269389751 -0.46102892588442224 -14.197166817207393 0.131169174311367 26.556164779855763 -2.2799164569128827 -22.4298423721716 5.515464040917209 1.5039024185226584 -11.727663627824768 35.079822234258216 -0.5982852810423331 11.096507783421218 -28.251983578994416 16.65425539819929 -15.194575191021523 -118.51047783740175 54.52796191911485 9.996888476177473 -171.6915051907456 -5.960103178281093 -58.2422830634832 25.06493002392948

U:
1 0.9322871629104343 0.9540283659925074 0.21878373075774074 0.7342646615168485 1.1482830834539364 1.1785540005940012 1.118211990390723 0.3562228423426202 1.411036256561322 0.6127827553635851 0.2698673439424976 0.6164127262105144 1.1160326319779659 1.4563176280525978 1.2455120969983469 0.34556414931810164 0.6023343468712101 0.16405348923204846 0.9222600183119982 1.4095732967187875 1.4955257396011585 0.6465233536721097 1.348637458888581 0.3750636510992989 1.3411312155419244 0.2958639988734698 1.298249974332643 0.5973997209994509 1.0244549424473002 0.20066392925394283 1.2462387612329624 1.165071003355509 0.7720213685912728 1.4839616322885993 0.795727275033933 1.3992167117208985 0.8022177696612951 0.23268181184623696 0.16062949833427234 1.22600941968758 1.159292479581402 0.9684483423108868 0.6287194260996286 0.3135363093046737 0.6451732228624879 1.2445579052212203 1.204339464213068 1.3056844489474764 1.095746618224178 1.4350042326387265 0.9298982791470167 1.3087516886851596 1.1800499190806986 1.4029730937149574 0.21818979165478689 0.9987475623010783 1.279524815339909 0.6302306537653807 1.1930610266644923 0.3113692043334938 0.4804227086904151 0.6037341238711181 0.8807809751612145 0.7201190167553677 1.1237781795396533 1.420541411159179 1.4894481461028177 0.524264306614375 0.531527615030571 0.23971912937484643 0.26967971260308543 1.3074257868324202 0.5095756901876253 0.8701225859032663 0.7517977359510304 0.27944911344362905 0.7934191649334748 0.848527103825337 0.6149780687898505 0.3777913524601537 0.3675519637407234 0.7650109770837843 0.2963077863923162 1.2252925432930513 1.1614284204486103 0.7760090953094856 0.20370498476221507 0.38265110223097465 0.16149269483137849 0.8284253452108854 0.9431917891848374 0.16410734531480153 0.38361905695660925 1.1932152793677508 1.3342309123130163 0.2277815398763866 1.3150968868224229 0.21275028649497849 0.28634389092772494
0 1 4.342900746124604 1.8857828943273203 10.530445340401368 10.51265390338977 9.09321060216364 17.852539742346547 15.80608921202079 14.63940806892606 4.586895617144892 2.909653730281315 15.277389462265704 9.769248022976187 16.948806271368575 13.010446556258286 18.44470041232774 8.038710797768958 7.179208367999624 11.543175802700654 11.861058133194637 16.056944642374447 0.6763710168962636 14.348565227566421 1.7410742336096778 8.638014315302451 2.714430033146546 6.057739232699152 3.8612790840224633 3.57886421086654 8.944298445667535 12.04636971975847 5.221732948303102 18.435981266592876 8.938283041724025 2.9984673049593544 14.56488010328427 11.32769436256349 8.466606007905908 11.70023212553118 12.246140605949424 15.36379470547976 6.946633780734211 10.592774457289169 1.5022039182654625 5.494283636376878 7.157531131379236 5.3385805772057395 3.2209834909714794 3.2226875019906673 14.908985354698652 17.76798536397966 11.554348053190068 10.98758991823096 6.8998465980103685 11.771172511951303 16.652568306083467 -1.0987397928714424 5.6222503129679895 1.5586683766275224 4.310698460802292 7.196966463058454 9.900465593117831 1.3531887532439928 3.7442866993926387 9.656397183545554 11.804555216996786 5.331920622598599 5.1644950129204705 16.972066247240786 11.665177972807598 18.54174258912482 1.347092425472574 12.965795011340632 14.968117613250627 0.8110879055346011 17.963947814780326 12.190340268677925 11.992523549073137 19.04569649573871 11.235438400557655 3.8165464872792505 16.19398942309902 14.43852349103516 13.170063018753384 14.342470280056391 16.65782390055567 3.0204035154994524 10.452927512953078 4.032783805495661 8.042180718517061 16.478574957058466 5.820026023719374 17.373998580456444 15.729186404970672 9.686043272097367 19.48815255641519 2.531854043388546 19.642865195815272 17.73821733204997
0 0 1 0.2988477436362041 2.6273867052197013 2.8198285397700418 2.4632603950427634 4.9518204958130685 4.26816996480717 4.142559772955461 0.9209135140927848 0.5868357471093808 3.849508538788618 2.7320489807461064 4.473998394018532 3.420031950216554 4.653152535518168 1.8768811519654005 1.704579159765023 3.1995374375551955 3.0852346538676136 4.5318075019173545 0.11111309404856556 3.8516273793094347 0.33869667615206345 2.183151650805444 0.3597304177291618 1.8146702416996716 1.0085667847876754 0.9800169331613549 2.061525455832254 3.4540310472664895 1.151457355442653 4.679444673921774 2.602555949806871 0.6064935667126103 3.8193337652715544 3.126709569800918 2.12488471035587 3.16745732660877 3.1580198929022636 4.2239723186693965 1.6874039125123481 2.9425636597553324 0.044039995465825425 1.2389178029838426 1.6440631394489826 1.3189817520989984 0.950141621271845 0.7552008284272176 3.8695001286906248 4.588336216507509 3.1457070927503556 3.0856301435052713 1.8669717343356376 3.1862057962383887 4.301592868865968 -0.15016506248069536 1.5643898862503836 0.3960803583089797 1.0189767842870185 1.6606721818697179 2.4209961545715672 0.4053679631060692 0.793748120041178 2.752126774261076 3.3742145755515414 1.3617284807505117 1.2326652940934628 4.523180479891883 3.023426959314799 4.6549643208307225 0.1737617311673779 3.438950399801678 4.090816872293253 -0.03752492386176964 4.488100930598565 3.3764694284745262 2.910132186216028 5.156667904549459 2.9253224092992522 0.9876830501397237 4.144069580569018 3.8831283234294403 3.4901010968479995 4.0731518210191 4.197820881472178 0.3966498700299796 2.721348043503744 0.8710895266768016 1.9705939208119876 4.162557927246529 1.5717481252666705 4.485497648091626 4.01410124442173 2.4381068943102826 5.126204445872269 0.48319798661684404 4.931251299184719 4.466127523038682
0 0 0 1 -1.5194528310938449 -1.9725825133264312 -2.1479557991175846 -3.7487363451970537 -2.5246543298022885 -3.4338459091981304 0.3538127033227609 0.26404951259997944 -2.018645147502511 -1.6166906215681633 -3.5196087675286583 -2.2727419592396676 -3.261347529323612 -1.2056845026534067 -0.6004810463482291 -2.0120258540078786 -2.382797498670798 -3.1112467245991775 0.7993840489211401 -2.5734531855710245 0.22259584194791762 -0.9551938196709323 0.31121584329968005 -1.1188503847498783 -0.38543068840334127 -0.41450232957389727 -0.39010746313262956 -2.6511902104252636 -1.0850713751816985 -2.659546841828402 -1.5401707909668496 0.19491121161008376 -2.8087415239089006 -1.4244710001503453 -0.4154703228461215 -2.2017268184649748 -1.8256028385117036 -3.228557061041324 -1.4010590655834627 -1.9392079945676997 0.4510128854551958 -0.9155178811345486 -1.5216140893645134 -0.9109180131330203 -0.7937827540666463 0.25677228461665014 -3.2773791030688173 -3.1543697923751384 -2.707314127228962 -2.066852919312947 -1.454578636772261 -1.999183999982925 -2.5971649287317793 0.603645993987885 -1.2839832048157345 0.023749130987326866 -0.5079228767266751 -0.5066293086987458 -1.3887459584531991 0.5626044800795268 0.32022439559789156 -2.3069384040868144 -2.330573820668987 -1.477019014234844 -0.5845168717652041 -3.0993148650068614 -1.6477005393194957 -2.985481217686441 -0.24002311491262182 -1.7940092387039883 -2.26758926152475 0.27824660436426046 -2.6465874527487525 -2.41828273633241 -1.9018747561174152 -3.046019806655019 -1.1043414300844427 -0.32116340249984454 -2.294288924611608 -2.1100022050727554 -2.520700186260494 -2.86367594772742 -2.9335127522288085 0.4475702966854429 -0.9343086297328184 0.34326593581373477 -1.4917012041212439 -2.6834289618891995 -0.8388525701027867 -3.1004692297010994 -3.1892513844320307 -1.4160455655114252 -3.0192736872301755 -0.5308063826530605 -2.365188774824556 -2.452547838016686
0 0 0 0 1 0.03392673916645003 1.6052460205390124 1.4213329170706737 1.2201739651587762 1.8402052346160533 0.001953084057016097 -0.1952795606977612 1.5867584027511767 1.3891530903357476 0.40523792337067327 0.2606058571761778 0.9117916358747126 1.2690877646352219 0.9188661585990427 1.3593841604017463 0.06319479314115177 1.029828210687258 0.22108331650203566 0.2582806680735135 0.22689889528019233 -0.09505315331077374 -0.1385144323314656 0.9177763197446528 0.6641441481623664 0.18685764723569506 1.0609099987021848 0.6503004181894273 0.4691387121571622 1.4588332144554421 0.35974754009998877 0.595927978671555 0.23976851791855705 0.18156886143643666 0.6198704087186289 1.0865136568321367 0.9104947723450101 0.5134402702358264 0.4133859257614428 1.6173419951936334 0.8818587554000187 0.9657574949822929 0.251456748853296 -0.2717224421998723 -0.06680428787945332 -0.16712938926768692 1.4358897050643884 1.175200993692856 1.1362628842528046 1.4892445413920683 0.08739253576281962 1.0616583296630797 1.0782024398798102 0.7230718213047116 0.8954915003083866 0.7573630726644881 1.4017707040994283 0.4810580647238269 1.1804047049912723 0.3024186173641042 0.1823730635411776 0.34808907134010836 0.5113825558524145 1.1867112104194177 0.23902433994744374 1.3401050318066359 0.7664577270972842 1.1797587302203016 -0.4055109279463886 1.6749959655026159 1.3403624156885696 0.03303134289369881 1.6563109394345996 0.5967857860916576 0.5920886395421682 0.9812477537312488 0.01857374775267332 -0.06040775473769823 0.7515139273600608 0.6208577714692836 0.5193387401670847 0.7908753259405946 0.8021929767963458 0.8888931488404253 1.0981581808386993 0.9699399790484394 1.0306259105056028 1.6004852501654159 0.8352190112008248 1.7839224911925522 0.6095076261616076 -0.0764579090740149 1.7862683741896905 -0.25306982567213876 1.6461480380705096 1.0833340645511187
0 0 0 0 0 1 -2.9923941406971903 -1.4523138943347218 0.6951330813895279 -2.7689131562939386 1.2239470926969054 2.298267039804694 -1.4591059613323405 -1.8162087374377973 -1.4314094611459194 -0.31058548696796573 -0.05009271811787198 -1.104567033263603 -0.9899159334741842 -1.671178050426914 -1.1310668446731138 -2.8160368267685585 0.35534664735472793 0.6162651989788637 1.4847620442804277 -1.102202833377476 0.36708952038460246 -1.9547478543792538 -0.607472767178042 -1.0673824427468839 0.4562124068357797 -0.7929398743252022 -1.571707206049106 -1.6244923342439723 -0.04824050126050516 -0.7181088565718183 0.617721716960603 0.4821075490911207 1.3125274192883456 1.1981143161857437 -2.734572928419763 0.524633322435963 0.13883708100033226 -1.564151871095786 -1.4898684259857107 -1.6892713739801242 -1.0409498258411227 -0.2312652278649652 -0.12039664264836131 -0.9573258644275134 -3.5320428232649648 -0.08750019952079788 -3.3066925497309705 -2.5117650930039725 -1.9269685596826425 0.3519632688748428 -1.516229403810119 -2.3285234165796713 -1.7328675476724889 -2.1034254446762906 -2.009628512828932 1.0069712140902767 -1.9330104791695235 -1.4195159244657145 0.06628014577777705 -1.2058449089116416 -0.25492246644858635 -3.565896148809125 -0.6790675962374757 0.15341122804894028 -0.029812501534667288 0.2970734743249235 -1.0160495031745531 -1.0318974385419462 -1.830789654129571 0.33807611093685586 -0.5613168554419885 0.621409515244509 -0.7285621683452208 1.0488442043160953 1.6090741352122262 1.65984425873528 0.43773406363021455 2.1960624113195837 -0.36079342318474195 -0.46432783076004025 -1.1998634096610161 -1.6944557808461904 0.5733315815367668 0.7301335329087258 -1.664032204359062 -1.21081686984729 -0.8841887170432077 -0.38047001487910553 -0.717579562053404 -0.47297982520913145 -0.12206717319562731 -0.3346962748679231 -0.1571838665414955 0.14013504374456479
0 0 0 0 0 0 1 0.6171149750650905 -0.12317159217278928 0.8754271900173631 -0.6124352894610399 -0.6402374944337912 0.07393381999180354 0.5158731932939215 0.6038996684790547 0.29546546295535 -0.5779688682240366 0.05751458227879154 -0.016147109838397615 0.4532720099806341 0.22480050580600777 1.248434856726163 -0.021908821493055994 0.10084523514484343 -0.6557324202243237 0.27860255829750863 -0.3348160413988598 0.8524500781198809 0.2663501404065041 0.3729361982503454 -0.3082009505185236 0.5518023765810673 0.11152689985127813 0.17716378426021923 0.6395705193745634 0.0884275250617449 -0.020504040559349904 0.0346038374661915 -0.32663095805810705 -0.2936240744182709 0.9573111159576863 -0.02197338182440428 0.0011354065563982819 0.4400458445248533 0.045230498423523606 0.263726557425956 -0.031743005646966846 0.2258640804041211 0.32819846516039825 0.450362755588224 0.8878329797641559 0.046722120431499224 0.7829758560072111 0.949333039601781 0.823808729881195 -0.29000545686057777 0.20469846894905191 0.7827763374962885 0.4940049694406753 0.5922064489128701 0.31232725971140174 -0.32376669242262357 0.47434586844628324 0.4588808220663608 -0.08262107056277548 0.4337042835298127 0.27398945549551185 0.8658981369364446 0.0851155405148055 -0.19790717832474125 -0.08689353787086435 -0.4019329562696736 0.2607285181816402 0.0826762830981297 0.7474808542976747 -0.27643211551939045 -0.39296970165904654 -0.25515455115950103 -0.07492021146476155 -0.31817442518952155 -0.3246977299158107 -0.5541620185937479 -0.19839143006125462 -0.5338252328405236 0.09518199972403299 0.3937365804951232 -0.0844199011160418 0.06374017677041127 -0.3412778535773413 -0.3229129555269233 0.3761519013679436 0.38165762073561615 -0.09369418315107707 -0.3444646970851907 -0.04485533988084058 0.11246183576559092 -0.2190634661185687 -0.10138380570261538 -0.1266394386126674 -0.3881793839550896
0 0 0 0 0 0 0 1 -0.03976425747565559 0.2889151571301097 -0.33211882101666934 -1.1264107616755958 0.7571738245513576 0.021865422099018723 2.484478720535093 0.9366998983702721 2.0577822939976116 0.33050051900964483 0.8706303394284333 0.009798654860292974 1.9585003296530588 1.8170008342008814 -1.548467572775126 0.5203241619276772 -1.0635109823454625 1.983109476433735 0.7985316638165179 -0.5498934346641597 -0.37112306180681753 0.8032808537778761 -1.1231829897128285 0.5364925107745049 0.8639716321161917 1.2970200153603701 -0.49925480356887353 -0.6733151376551295 1.0477512328150487 0.4702007881089773 -1.423572285587371 -0.6730564631732744 1.26867952478234 1.1208140415164172 0.43513669444032893 -0.12519232013471648 0.3401026595750102 1.0545641227507077 1.2908854553658975 1.3209690991141552 -0.1142303002293011 0.32120940301661716 1.9422079073948122 0.9095858149683835 1.8899063722886416 0.16679176659840778 2.015111902065354 -0.2355072778731591 1.6453659985108007 -0.6598642909387189 0.8845289113970817 -0.48712139870471916 0.13140935943094806 -0.43927425571075274 0.8068883434756317 -0.24284696235981212 -0.5267294654643714 1.811943408581489 -0.09890593610302996 0.790671963633956 0.91882178797351 0.3960579104109107 1.0199394473024854 1.6808440270050549 1.5481273398605924 -0.40295678394736645 0.6123006558888231 -0.3550403616048267 1.2045197321124486 0.6099076535882171 1.7394185804849545 0.1401782930869179 0.5305241486708303 -0.19812330501270956 0.9070333829277226 -0.19806678334655226 1.2018537462572567 0.2438295984918446 3.0592263885209947 0.7680062449717069 -0.6720549835720675 -1.359628168413906 0.6437899118418198 0.44878138306630644 1.0194170999814354 0.4558335041742884 2.4642105082955617 1.5308054830576476 0.5353135473151536 0.5700211436699767 -0.07512139679310051 1.135669746779743
0 0 0 0 0 0 0 0 1 -125.3210597801034 -185.85619104190684 -99.86785086758739 -266.5649570908347 8.101000609711821 11.369409894828262 -24.061484631886387 -504.96655007757585 -128.99101257645978 -136.62667859983145 -185.9182160544308 -120.47541077976628 239.2407759756438 -134.75611182133952 -2.0763155476921127 -147.0040155551698 123.47710003037842 -169.03981955142734 129.23749814795664 27.796897962812686 131.62732375186255 -260.65127376555193 -29.498059946428118 -333.1675012547443 -277.227847933355 269.2755388113811 -85.08764403937545 51.006538345082355 -10.48397061522135 -269.05760864264346 -251.2118097468655 -79.90868166759563 -73.69589143483948 71.20749767696701 -4.576866446091373 -34.96103951075354 -55.201020074528714 -291.8063609199806 165.90942063045196 144.9725877557728 28.30350616673952 -143.70411961120942 -4.085605821546032 -102.58719493803551 78.16548467138867 353.5796570383027 -288.00766765650957 -103.38270120677484 106.25884430341921 -7.5153409811844 -42.04105324665193 -132.44582876004242 -24.700704693465486 -148.5803319245661 -22.16926317764485 -144.70009196198788 100.59802802398185 -39.24822601906156 -73.98564081417913 -23.93279646021587 -342.66048381634545 -4.53157331379206 -109.86307772574793 155.42852750713647 -280.8936871355636 -45.53816028149505 -251.86548226170126 -296.5093687176038 -168.29587198955358 -69.50605027428718 -206.28767647675534 -49.35038552038229 -93.28881371223443 -99.07833176338748 -93.70901682819513 21.533476891517765 -95.62437243733258 -128.99135638429343 -127.02915238901353 -162.34698158219547 -110.57628992843176 -98.44350196631042 -25.7638399812909 -57.72201105133898 -406.7615451935494 -94.7543737225932 46.60392534494339 -217.70910998523567 -161.51705586521723 -437.72276046602536 -377.32312314287685
0 0 0 0 0 0 0 0 0 1 1.4809241503112924 0.8043909234689318 2.1307750293025185 -0.07555436997099335 -0.1063969131756155 0.1925507497925145 4.027960541383771 1.026592206095317 1.0865752828861799 1.4897845427198357 0.9499209786631799 -1.924938982395828 1.0774678283953678 0.022037696818777364 1.1794060595637321 -1.006314030550377 1.3484756565784635 -1.0312622878990134 -0.2118431776006632 -1.0580699592886844 2.0928600470968 0.2369412082634824 2.6582165006299334 2.2108462845457835 -2.1552235763544023 0.6797264501918958 -0.41862822752187134 0.08622890769171614 2.1657425263851975 2.0282905181968998 0.6344903697421911 0.5826013540619838 -0.5640761603775515 0.035785085043480526 0.2712555419784372 0.43833574923292995 2.3156789023932483 -1.3363828857665199 -1.161242349918345 -0.22880489916666016 1.1294064842844402 0.03509176896587294 0.8049813381124928 -0.6214106331807696 -2.8452607531679797 2.3051416988940128 0.8068803620175691 -0.8543406391178223 0.054304904618964873 0.3338446373520524 1.0608691174270437 0.19919886698377132 1.1918700036435863 0.17388811313999958 1.158211826512721 -0.8199742605618912 0.3180942759766032 0.5770904670139425 0.1859742786230797 2.7522878038565737 0.03587717877457368 0.8758505858744846 -1.2572605183505228 2.2523030452633055 0.3631786590380741 2.0181271304197206 2.359677004440817 1.3519804277646261 0.5463961483716462 1.6555786195201014 0.39731793617349065 0.752807631075221 0.7898204901739013 0.7534998931966657 -0.17890398799525215 0.769533372195935 1.0102003096684211 1.0102953462626987 1.2937485193286609 0.8955098667669332 0.7828528356869576 0.2025927419790027 0.4600464804725236 3.259470339292807 0.7419056802807041 -0.3857587877827503 1.7432336106714001 1.2782166832584956 3.514680472573856 3.0185685761476204
0 0 0 0 0 0 0 0 0 0 1 0.978392332168979 2.780012873207721 -2.2321570592872493 1.4784866223992867 1.5104487219425389 5.070217974791576 0.4497052532975934 0.694395346917757 1.0873974977893777 1.8352903850404396 -1.7982459320250292 -0.07677928480617179 1.308656330987069 0.011617719910525848 -0.856168163341805 2.796422616620957 -1.2091257693845434 0.5691340951267342 -1.0275030215727978 2.5325643207813893 0.830110442538048 4.000848398150338 3.7684812815942212 -4.231650372714421 0.804122718216434 -0.2945662014891638 0.4648517780875156 2.2944790258959378 2.2270853346964734 2.1413415932318793 0.03224748582519868 0.012914185849688942 -1.0825850717657326 0.059935136929230234 0.9281083183730325 2.7351399041496505 -0.5413888871858803 -1.3014751220545642 -0.012708936383833193 2.47551705341702 0.48772967655716837 1.5317914938628432 -0.53479999715874 -1.757193434317435 2.729723432800438 0.2822280853419029 -2.249567882981561 -0.40684750701450306 -0.33296564438165144 1.4764157294443603 0.5634250390237999 2.4403329507491422 -0.4271002924168802 1.6207265602747094 -0.833084238763579 0.9399227480244811 1.2979126900726294 1.476461997667865 3.97221545499021 0.5683271930038722 1.7739044052548665 -0.08139914987361155 2.9016237748965534 0.7645450804198747 3.0490906111550906 3.329466753887718 2.034051875828404 1.3600599486388503 1.3432462724766578 0.6781519689166086 0.31714578599533705 1.2190000038203253 -0.7071347493944515 0.9595241720629627 1.3380065517150683 2.1662665936183982 2.597306185218337 -0.4029042555471564 -0.3661984777249835 2.1448542872224214 0.8858965962846815 1.0037606165449742 4.682915969961277 0.9607847298460037 0.7788623352748734 1.7893537785559346 1.0515638538350376 4.625411459765711 4.316394947815034
0 0 0 0 0 0 0 0 0 0 0 1 2.1377440098409233 -3.093026250131321 1.0056236587775462 0.5230771658815562 3.475754139560575 -0.829241966533208 1.5531139588991698 0.5746567164352143 0.5916876908359221 -1.5578744086525784 -1.5266836890970026 0.7429396055327491 -0.9793706255533862 -2.7065397670967215 2.5960408322168265 -1.2296707060070344 1.6661841427306625 -1.4448275555377572 2.1166757966296506 1.522530288271364 4.036568862994614 2.744088319635219 -4.914759732220148 1.0856598719158543 -2.6419876278604586 0.24869043616239384 1.8817367899550408 4.175947428975382 2.5303239669427042 -0.2819147361147288 0.8516698096373209 -0.7086735212403328 0.6976074457698815 1.5876006193284669 1.7246256706298047 -0.40308311454856627 -0.24354186273142747 -0.9278378593753721 2.30810822717498 0.6056008547524032 1.0963246611008068 1.2401723777475815 -1.0298958009378465 1.9712955681158202 -1.3346970906217797 -1.3820233982840744 1.0805163639322384 0.5215045171931838 3.468190780932944 -0.4529109155939024 3.857991862560692 -1.0513931642428742 0.8203828975100157 -1.0489643283784653 0.727866715247593 0.996063838243791 2.1715992231976964 4.026623081651497 0.4844493863460166 2.0077533652255264 -0.4086570832974273 3.8174296202796145 0.9935178371498845 2.062081745080263 1.2063304730746334 3.0334172519689426 0.6825027724741553 0.821085959928153 0.1083155117237966 1.1909680376416607 0.6194715064284089 -1.3721294608211485 1.280678150623472 2.1825684542365362 1.4165707877171168 2.6122356611134148 -1.0458196073001023 0.7073525297584928 2.026605344625628 -0.4313569905381585 2.085057603476666 4.535003617871385 -0.09653968691046803 -0.19009046823976453 1.8021384965066802 -1.3214201994383767 4.416464023203165 3.1385379265057303
0 0 0 0 0 0 0 0 0 0 0 0 1 -1.3015023614394592 0.9590685681544511 0.41590232534179905 2.271625949134016 0.05800846183105429 0.944352014198981 0.3405013825052965 0.8373156377057609 -0.5090145111475511 -0.6936268236827812 -0.04113113879796643 -0.6105022166621399 -0.6870278199804123 1.1659647948562708 -0.9828250785289601 0.2331161530868887 -0.6014487078430947 0.3416144224317086 0.18494554781959507 1.7927927857678463 1.1181567577315852 -1.9771110326393633 0.1738335289703624 -0.7716118006230457 0.22034202272230088 0.2288392317915693 1.4415962394220907 1.042607054686342 -0.025447447305566657 0.2543898438316104 -0.5228185204503347 0.33742880240836176 0.6816326239248198 0.9526669423823245 0.10310151513493852 -0.12527039415609545 -0.27968882762938985 1.2847069905435096 0.48579858496882783 0.6049220245439706 0.295055003458003 -0.07568259545122387 0.4278468295435121 0.13760652017496702 -0.81870213540597 0.5010047649568735 0.05130637931780579 1.3695823231824802 -0.17765846454673392 1.7140772749497164 -0.604721849180219 0.20669549278564348 -0.05367911963126812 -0.18682623320035277 0.2425030376097881 1.0005078045645999 1.601464869385531 0.3900165542511498 1.0282771728123932 -0.034454304518085024 0.7807737246457006 0.17019619174865272 0.4756662899085224 0.8869513603614331 0.9015512530371199 0.7106981940207316 0.53000590997324 0.30792785241327236 0.35868551943829674 0.41411670654350985 -0.37779854516284694 0.44880906207291443 0.3286496305481411 1.3588831381320592 0.883070823114158 -0.5447563026726269 0.12085394498663302 0.8608460925194474 0.019725342048823778 1.0231661471937923 1.4702795042380221 0.9069267943830261 0.29110684819603955 0.6362273244845685 -0.22710197597898313 1.4874254322442204 1.4674993227827076
0 0 0 0 0 0 0 0 0 0 0 0 0 1 2.7574323297981977 -1.3484425261495583 6.487028144470937 -0.08184414759813038 0.15379503540625378 0.32610881321367763 3.6426133466392865 2.30981409078846 -3.2494064122078434 -3.2410915620302783 -1.3508782128616212 4.895196663100068 1.1185437474992805 0.35606200720359255 0.4355367959254369 3.224873680724922 -6.654241113947508 -2.7961026870895522 3.5229464004085274 3.4373043144006563 -0.72204527395657 3.00737782035162 2.4251041367881268 2.5768702866239916 -7.0655630961235 -3.909364420355193 -3.853785886402772 2.405406752913195 -3.139327239652797 2.1381015374671675 5.273491466740602 -3.05868654469069 -0.0673174989543923 1.7513762592978233 2.0310117839412736 -0.09256747116148824 4.42532645867197 1.3559209436781505 8.565596147440326 1.483286435142247 6.696815873493607 5.520566246203908 6.4820264831655034 1.810068077054786 6.147918506325832 4.234803731154819 2.4609694618031894 -1.5355739130122155 0.7561955798647633 0.6912855424457588 -0.20359689371564524 9.808990788145131 -0.11084961521746926 2.9547533520865503 4.577628456339715 1.5514263166733633 0.7431129754868521 5.853671409991363 2.4885264683497055 -2.7432649337002037 -4.668645708296485 -7.334558266636306 6.81521070488566 0.9432177098827312 4.42152686238273 0.5671999441628731 -3.270884000799303 1.903463382620302 -1.1610027586013336 -2.367613312835073 9.522275361820322 2.736969051806027 10.076602322812532 1.4441590876066548 1.7362850232621083 -6.848253071908273 -0.8068402144658918 2.8286319439682766 5.465512765210835 3.267609663078868 5.549809436545713 3.7077560382916546 2.15986084359636 2.179128203065922 -10.37355992053245 0.3398119833352996
0 0 0 0 0 0 0 0 0 0 0 0 0 0 1 0.7555529168514945 -0.3582788628088677 0.5207887818375575 0.24276460358469307 -0.19587793823043456 0.25129221919595296 0.8413291393537561 0.17442962114576016 0.36749590102377955 -0.6956033196243548 -0.04380760366584838 -0.3030165148980185 -0.11791538075530696 -0.47769890715341196 -0.1671356821038047 0.918110752453815 0.54085191154332 0.4436593644407947 0.33967750338176633 -0.04234591713846151 0.19504779380892082 0.4041828751055522 -0.6516538775531299 0.3555932765868901 -0.5873968086917689 1.0100789545444002 0.14408534311556867 0.5132711557448882 -0.09783333114208774 -0.34562836377048806 0.35418129684755334 1.2514683834386295 0.5231614825669302 -0.027851270972043884 0.2844980121066554 1.2913940258941359 0.05995479739078125 0.13197888842143218 -0.043732056744785607 0.22490021409075198 -0.9596973646123842 0.5975216660499846 -0.42637629903697133 -0.5092339626263925 -0.013196514185157285 -0.1252457991679578 -0.15231344050897586 0.40529340758282867 -0.4300279531984513 -0.13825908920389532 -0.8921105033373218 -0.15225726267885686 0.8915859554122623 -0.02988002787120848 -0.7052962219832252 0.20970067682814506 -0.49659119337250734 0.6982231072984703 0.1407003977878263 0.8287498924501684 0.8699726568201931 -0.34031417195893393 -0.3165472470827335 0.5096301257331486 -0.5670545561032118 0.3958532776046129 -1.1223862949347487 0.6326060405221215 -0.318945449706784 -0.30294334678769297 -0.16818541005189078 0.20709293710476373 0.5450558708117133 0.00498743692898947 0.00415876781645365 0.4356784555218943 0.692940065017677 -0.6985927779370897 -0.03680202787493459 0.22278575537410514 0.7072265963517808 -0.16058017188997353 0.2983665663818047 1.130296043188809 -0.10509571983625723
0 0 0 0 0 0 0 0 0 0 0 0 0 0 0 1 16.058538578349257 5.218487936531843 -3.3616704226622183 8.092295133626768 3.3806612561787173 -3.0279258996716965 5.678914572938234 -10.313840681303788 -0.18820723293449387 7.1892774503258 0.6556374273679975 -4.7684384126172406 -7.790093193350245 -0.9650058999029336 -10.412158705613896 -12.43740276825693 -0.4990300785351453 0.7051534898744566 10.899009579615191 -3.645679826522626 7.652298075920166 8.179384327223984 -6.047694034347513 -1.5410391013461593 -11.49330062650564 5.96031479369911 -7.831423529774527 -3.000161345635854 -4.280686661756616 -8.138347333242525 -7.634463714936105 -2.767855820923853 -1.634564462640596 2.7752965238355167 -5.886632651975188 5.543662588511584 -0.8414696140951081 -8.542260455884284 -0.02871650807512925 4.845984901841666 10.431546101611616 -2.630846578577865 4.239275243547471 1.3017673335057551 -2.9977966806751293 3.8854886131282087 -1.0980480770511496 -0.5639539307207887 3.2466975173959542 8.55509967196446 -5.143482717915982 -11.176319440124388 -3.1367438385975173 9.40911226776519 0.3893040339455508 -0.6646281357609461 -8.568120332303382 -15.048127252660809 -7.304642067100404 -8.292971841605832 12.08421072823712 -7.293463071255149 -1.4745941001953522 7.210051992473699 4.759478480175427 2.2790777970026013 0.42375178353425336 12.230114304663617 0.9484768981692624 -5.438667057110575 5.988486509309284 -12.80727813185544 6.386231247826924 -3.1873487028023075 -2.353090957599399 7.843770577380283 -0.3699389983812496 -2.5707969385854326 9.637380410739748 -1.0926170123057675 -1.5353455956846167 7.121274347981276 -9.474002817200725 3.5686245039602396
0 0 0 0 0 0 0 0 0 0 0 0 0 0 0 0 1 0.2555608553084163 -0.18561670814708475 0.45266080081007054 0.2459868675766162 -0.1828403553641661 0.21727807919792208 -0.6163926657679216 0.0031649088892008255 0.45020940948167737 0.07666474804274619 -0.2698599562110727 -0.3942769876858021 -0.001372427323303992 -0.7100656109848438 -0.7470001864540737 0.03634882158685683 0.08477535159172946 0.5527700653428309 -0.15080519025772918 0.40930893799802676 0.49218751445520637 -0.4580813020009718 -0.10603046668024542 -0.7263676146892002 0.3329232926024221 -0.4937279102165395 -0.12380691314703063 -0.11489618588837767 -0.497286604572981 -0.460281617346074 -0.16156304794162218 -0.05389282551141976 0.1255804557364396 -0.3079092266824038 0.3165902463601541 0.08964451830789694 -0.42824823354186936 0.07414839042355625 0.3716839732687508 0.6269043690239549 -0.0985363980353943 0.33977482291486283 0.134469817153196 -0.10867802599480937 0.17594844681352492 -0.05089560299872726 -0.005502105425941626 0.16992950414349736 0.6343323880894989 -0.2782852206365583 -0.5927509384378614 -0.09330909257736471 0.5552755046270744 0.01238329503129564 0.08790326310985075 -0.46396908260819014 -0.8526876259038013 -0.5247560527541236 -0.6078897338000591 0.762360448230446 -0.3478771998689687 -0.022844903906239843 0.4157383669678322 0.1822944745647499 0.2185091565051614 -0.03078705424111135 0.6147968271904735 0.21165318866810084 -0.24287938616188437 0.47510280432603363 -0.6872592944662173 0.3556249427441178 -0.2790871386820159 -0.17690638350201954 0.4176163920117219 0.0997908787968061 -0.07136272016455755 0.5985126475758973 -0.036239199727998064 -0.039662773463750634 0.39631618175828465 -0.708844975249407 0.20273670929518198
0 0 0 0 0 0 0 0 0 0 0 0 0 0 0 0 0 1 1.34089674440633 0.4244204383979932 -0.8146702613780772 0.29823896307992687 1.4051971926501126 -1.3696936269123576 -0.995423084120791 -1.3302726996391339 -0.7323656231207026 -0.6968644724811075 -1.0693363204342188 -1.6117620618001887 1.0472739651128733 -0.7233249246245244 -0.18092382419322028 -0.3795879523398845 0.5714322350319636 -0.3718445222081761 -0.4846632980360688 -0.11332360165233285 0.7946491798538994 0.9620369858110736 0.09338319065143574 1.2088642653744386 0.6087527537803868 -0.04729164936847336 -0.8556501394569301 0.4101915498171174 0.2998765209050155 0.4838517952365499 -0.2291699914381822 -0.2823198614321784 0.8037908122331905 0.9825290965701676 -1.737019628756826 -0.49164000375570416 -0.17299494167767984 -1.2823478547108793 0.7866045092663134 -0.4261112170003758 0.5815987751062889 0.4644862687788578 1.3383258231464668 0.6476079326878228 1.522868257923667 -1.5722372773888633 0.0478808189499279 -1.5348479024515245 -1.2100038191680624 -0.8511738654559661 -0.9112261160558031 0.5361071354967959 0.22820866809247195 -1.3089896120733397 -0.9289885951387956 -0.010495581161746982 1.532109796560413 0.6784085592026353 -0.4321756665920087 -1.4081853854645423 -0.6383062687681588 0.06513019061543611 1.2300549695151233 -1.2942377887544307 1.3818024584794373 1.9982771386145946 -1.5566402501448957 -0.8470882998960287 -0.3953291175917476 -0.5934774271133334 1.2537098518846186 2.1115368209555707 0.9949207955282894 1.2193160674863388 -0.9502182945803701 -0.32174476426671733 0.26332421834534897 -0.27726721463402454 0.15972090585358004 -0.09483751441118597 1.9296699149099878 -0.211625347190556
0 0 0 0 0 0 0 0 0 0 0 0 0 0 0 0 0 0 1 0.9235972966557121 1.8826525084852563 -1.6905588561702696 -2.2646827707944093 0.20960721608737365 0.7158921774841838 -1.0713778427562175 -0.057956702184171295 -1.5090775678043848 0.6533794219526642 -0.030020019724214028 1.3957658765316454 -2.5624664581972194 4.50978648573293 3.451356893358917 -3.184646205996946 4.747542420732883 -3.195757386442889 -2.3518478037581714 0.6362897578010563 -0.5094053005235336 -0.9496920213017875 -2.2769505621993527 -2.706951225977051 1.6279385473496712 3.7628766056389287 -0.3397083108955227 1.4014329467159399 -1.66571446507506 0.33887520963203516 0.4586042214151762 3.392610747058415 -1.93235741128571 2.2854261530761852 3.0314163300849724 -2.1056429649555546 -0.8314820784514443 1.6505949564381832 1.5360375297515974 1.4649126284590515 3.105170492068441 2.7572530995949904 -2.4559082987179486 2.4012006378937913 1.2055299252837735 -0.7441355734379126 -2.8889719725509715 -1.1374103865487428 2.94055096147415 0.8209902508970598 -1.555966881734516 -3.6385701897696565 0.7257715528238311 -1.2029793224114136 -0.01824999548252074 -3.495264770529379 -1.321589525436826 -1.079288101048104 -1.0919705955680261 1.6143222218179691 -3.132836243983612 -1.9929876056278444 -0.4933182397366916 -2.519488973659082 -4.255534639847972 1.5496375804572282 2.450831184877241 2.2026776253268285 1.0978060936270404 -0.4493439673167452 -0.8154979382962915 -1.9030745315086413 -0.06827471632952799 -1.2379725323581023 3.5189766437978305 -0.2603725067039912 -0.6987048970207961 0.15856720516385006 0.26958625084633986 -0.22060445825013938 -0.8639289118071153
0 0 0 0 0 0 0 0 0 0 0 0 0 0 0 0 0 0 0 1 2.296482531326031 -1.5120211370019376 -2.9308801300236076 0.704025655454366 0.8351660751071583 -0.2969697665635146 0.09285860609368321 -1.1216153741726822 0.6368550172435563 0.7828757027732465 0.5666717126197569 -2.491191161097639 4.544809739059439 3.575444360004355 -2.7450329504680737 4.496825468954022 -2.598943133705854 -2.298727743694017 -0.2853659229934545 -1.4189692952362907 -1.7341044349269077 -2.4423176636124375 -2.8544750657960054 1.8553018596935233 3.8904673749144103 -1.1116500530074833 0.9035038540748394 -1.7677403688596782 0.1008444520114266 0.5207118620170643 2.5645592085995412 -1.671272976839473 3.4634986184150507 2.741389786525218 -1.9404905449301983 -0.19186399332694462 1.6163994738731242 1.798970719915063 1.0933587457405913 2.836770310729573 2.1366834843207965 -2.6417103325605487 1.5838233144645257 1.7185415176230152 -0.5218630469611335 -1.818065238250575 -0.44298339956499744 3.0758297774672902 0.8668358034749003 -1.5116574286648954 -3.613029042531605 1.1466578430165153 -1.0765190333670145 -0.1260152892158114 -4.201663956083691 -1.8738803693030093 -0.5886089854997223 -0.3124157555391546 1.8106841519937478 -3.2770304363214087 -2.2819340731405546 -0.12449691331886231 -2.56841055896218 -5.03212840513724 2.271510628978042 2.8167146834222323 2.5196340899482736 1.1872843976835226 -0.48932701708937554 -2.061757656000576 -2.5647901180877444 -0.08595346936647087 -1.1580129357910405 4.086672329814981 -0.4670862755203247 -0.11903003104882791 0.5127069276282946 0.6830297343642056 -1.288490130904992 -1.0620089938703339
0 0 0 0 0 0 0 0 0 0 0 0 0 0 0 0 0 0 0 0 1 -0.8514977476302575 -1.3578856234156846 0.8228127235130699 1.0385763993404191 -0.02414378707565812 0.3903369260222808 -0.37704069242233773 0.8298294538408335 0.8837592934078967 1.296568836886866 -0.5688661124387775 2.38763306799329 2.28434504552118 -2.133632370982759 2.8622453737356723 -1.4206343621021986 -1.5250037352794348 0.732402479379078 -0.5577458554935598 -0.139376658607665 -1.5448278031690343 -1.2650924428201846 0.6587803745282824 1.9597234151006702 -0.10728070184597299 1.1544475101282596 -0.716889047146117 -0.35429269251152135 0.1335497978219589 1.5883721785777412 -1.4600325022638443 1.4636905449162538 1.699075322509822 -1.535167771397023 0.6899151333134494 0.5598511689516182 0.42552693376633854 0.31550262407664154 0.8432208313833247 1.1588759162341984 -1.5971976282470588 0.2871514808813539 1.140901506754028 -0.6193170023734735 -1.6902356307683641 0.11340143797746888 1.7539067004814275 1.104735498245555 -0.9985334628663645 -1.7320745241038378 0.8887995791869017 -0.28404438163151824 0.4712811964878241 -2.3545485237280697 -0.008081039087301341 -0.40125167120048405 0.480360763364516 1.3692187210180375 -1.6638631054573179 -1.3575640461938883 -0.2906007068195022 -1.9238096424962596 -2.79873502713996 0.9654116426507389 1.7875661127977216 1.5256480419063665 1.1394433333240879 -0.9157392039948506 -1.5980976961167945 -0.8790060544215952 -0.7695051918371292 -0.0068720506081825 2.681980476474503 -0.2682078828302814 -0.1736429145086806 -0.05553448956737267 0.16383714969440558 -0.5843224351821601 -0.22448478912489084
0 0 0 0 0 0 0 0 0 0 0 0 0 0 0 0 0 0 0 0 0 1 2.5210109034765837 -2.195265082899939 -2.740517019314971 -0.21036707763053653 -1.919380013310993 -0.10248394726326103 -1.9384279770536825 -2.296367784780443 -3.80254051327775 -1.9340685272450133 -5.330342351200215 -3.9299177409933255 3.3132815586678896 -5.150191217254913 2.674542703433846 3.8051622086087176 -1.5252963146051504 -0.32485420704150897 0.18667635424439083 2.2973069802707022 0.8070264146179433 -0.9241196662497568 -2.946215493279051 0.16659923789326544 -4.215663922964082 0.7286396404677302 1.9886247933443175 1.4616067948853735 -2.3448617290990548 2.0169273723666685 -2.954670139209117 -3.35010127542861 2.875792998463771 -2.856185729800297 0.3796435584487031 -1.3914315607731222 -0.7908887374012353 -0.10289690393725873 -1.9483908903485692 4.253032314216415 -0.02413053764253579 -2.4744394391491777 1.5657500991761262 3.4930349231771327 -1.873872108182327 -2.8754087804565893 -2.279592472642782 -0.2537258677572951 2.027911499232144 -1.5752459626803303 0.6393916293182318 -3.539555481228258 3.953945530697109 -1.607537664290081 1.4217912188791937 -4.050116898176523 -2.567251004544298 4.185257611869738 2.657841637718387 -0.6815447822779299 2.5257039738373814 5.271067868537476 -1.5139348457717072 -3.703180580758911 -2.666247330229984 -2.9113243421083017 1.4555580688275633 3.247731695177927 0.3946372158166399 1.9516211889844162 -0.08406635775038339 -7.267640539464599 1.1108828910854347 0.5674704150501995 -0.09729493856575759 -0.2229665942140739 -0.20503248908945929 -0.21550057559772293
0 0 0 0 0 0 0 0 0 0 0 0 0 0 0 0 0 0 0 0 0 0 1 -0.798193367950617 -0.9405422730176816 -0.3808743361218781 -0.34489536379242736 -0.23513408809938338 -0.4094841539610017 -0.7587320077308204 -1.006119210319054 -0.7102946234616049 -1.286862105700779 -1.0320776923907695 0.7029490421507864 -1.2282245416746567 0.5412435753157387 1.0149028540888998 -0.17455855965777453 -0.20224806106962379 0.4655573794104386 0.4956948478240148 -0.2112919290888542 -0.07341089883483512 -0.5106153542874584 0.15851922303737392 -1.384587387631857 0.06711044586694688 0.8728541613402139 0.7906055235978292 -0.10416188252583616 0.138087312591222 -0.7199339044905139 -0.8263681426140407 1.0015378817073182 -0.8860470218985285 0.03426489097306621 -0.1595762159388636 -0.050512451877020144 0.5305603730216318 -0.31596087502008735 1.4024207084490685 0.3498663550111645 -0.5099156761382063 0.7521344607650177 1.024943476114347 -1.1027930019374683 -0.34799206427851626 -0.37650444692275203 -0.44728547643019817 0.3149621458488932 -0.5147959489899512 0.17756772093550877 -1.2375304885851546 1.366411905628708 -0.578021814662945 0.5557465288176149 -1.6668410370377615 -0.9292741043103834 1.2564463614771448 0.8187444704114129 -0.23230044317906798 0.3472211282519655 1.301024534221186 -0.1954934269020768 -1.1502441369387526 -0.6584062257727674 -0.6890527051638815 0.6252401261608561 1.107000280385479 0.11547945332947039 0.8728310854362932 -0.16354013435321732 -2.418512815833404 0.08483198969594712 -0.01419837447884986 0.039035184111630684 -0.10994363581974224 -0.2866392184796231 0.15288206311855515
0 0 0 0 0 0 0 0 0 0 0 0 0 0 0 0 0 0 0 0 0 0 0 1 1.6471901657282055 1.5669942506430243 0.8412867018195243 0.12398108182521093 0.5782353044924128 1.6970376782070669 0.7359025300738551 0.5549630239576643 0.0785417215653666 1.074354087189817 -0.46054001057104943 0.549843703235891 0.4239037906250857 -0.026903169113885968 0.6347736591584417 0.24546732542670005 0.21163145147400328 -0.4253034675113692 0.03346952675926466 -0.25718098418889745 0.1377400831251763 0.2349140630298084 0.8487213109052016 0.39394431185420054 -1.0279238672315678 0.19311538043728937 -0.9060271144107591 -0.5581818219017235 -0.32300462047632617 0.35447229445767364 -1.6730230357211557 1.5424689734528605 0.2650529469682879 -0.8363535718644869 -0.11579019639576967 -1.1680807844266203 -0.4184417762948346 -0.5056166260536163 -1.3032372290166312 0.8809435322546025 -1.1162965720353373 -0.7528090554883325 0.9251548637680194 -0.7559040460069577 0.7566539274760373 0.27250353389587384 0.0010147333202174436 0.6161565626061898 0.12897240519074998 -0.5069178996292163 -1.6392677071269872 0.8478748877353469 -0.3079566147807645 1.2038557710719318 1.133280734094648 -0.5653466604507138 -0.3133179164118155 0.11021052866711768 -1.4402466474591495 -0.24239408148826302 -0.17419707120351258 0.8108606823496082 0.5785312604192027 0.19097430177858224 -1.4635815845163973 -1.2208038904011191 0.20175816790709789 -1.6687166093588923 0.978228829636495 1.3473982489023377 0.6583706086434458 -0.7082291197662804 -0.5405613717790638 0.14298573718249566 -0.43372504802614764 0.036127611470353024
0 0 0 0 0 0 0 0 0 0 0 0 0 0 0 0 0 0 0 0 0 0 0 0 1 2.7911939863711828 2.5193692413264874 -0.766128544389288 -1.3624233005313418 2.099985484497349 -1.110118359462096 6.455897350029544 -4.100872114195731 -4.103527929178752 1.4228752964859483 -4.956426797155828 3.608046315422728 -0.4070249415446028 -2.3917786664382175 -2.9880292330064466 6.253611061071235 -3.393903751698822 3.566486216335167 4.650486064389431 0.4762800679831047 0.5169583540251117 -2.174993204914209 -0.34693509732145045 1.760445715985729 3.3141459344852513 -3.433501910104678 -0.14002729184954 0.9043123922819101 -2.020363620086567 0.8026952495082246 -3.1985982207713306 -0.743448615222272 -2.5716822175210168 -5.466035046945896 -3.039342939202528 -5.495914256779603 3.281497244289206 -4.7086210004716635 -1.5411790514582087 -1.081783968581034 1.6584006595513896 0.18352072075005849 2.1226492393940037 2.823450689253357 -5.267982731304323 7.1619170038542945 1.524677716857782 7.067865395087014 -1.8253582322899795 0.3668723262066843 -3.9001231952403 -0.047698130102330615 6.8334278928372365 3.3143087544401832 4.4192898645239955 2.6114849911840556 0.9128979316816287 -2.747756027129977 0.3058771049045503 0.34422580034387895 -7.985575137098622 0.1594589090463583 0.9413874193953309 -1.9683140358983766 0.6059859791389874 -0.19588076512762087 -2.1533611213844126 8.368022479240917 -7.797381958519505 2.1163701053268458 -2.617604926208092 2.079911633936004 -1.1318127848673085 -0.12492505330423291 -2.3040837488168378
0 0 0 0 0 0 0 0 0 0 0 0 0 0 0 0 0 0 0 0 0 0 0 0 0 1 0.6854217022405682 -0.4899826246573207 -1.4533103417898319 0.8087175885266569 -2.2024352446874356 -0.48438183302005866 -3.4080717278977444 -2.84705060956109 1.2687237062817003 -4.4998824864407245 1.751095969691802 1.5011559180901042 -1.4762503611256115 -1.453542310203324 0.654244046148256 1.3335869684650519 1.7091589987680662 1.5285934516120099 -0.26940469705732845 1.1868981701210046 -2.577346770894296 -0.34327157334021 1.2588648634120823 1.058027451959361 -3.1664132761113564 1.068674037567249 -0.6313754775602121 -3.2112400596308377 0.8960024825798121 -2.152943342051051 -0.7000844597097697 -1.7014867205721491 -1.8193936433164106 -0.739032725262605 -2.2388472933742847 2.480998627088497 -1.1470479277971066 -1.0399000377024579 -0.11794487397274993 2.4562949223135635 -0.984075923200173 -0.9000935944617307 -0.3475529985731122 -2.382274738786292 2.208927615591434 0.05309700937636248 2.288696796781253 -1.670534034353819 1.4194679247508477 -0.7401590106645158 0.7690663101209615 0.06492932951752517 0.2719919790649412 2.6516604205686973 2.57111985865065 0.4727903143298311 0.6941541010222467 3.0062914268696788 -0.6241975960275532 -3.343625329770343 -1.176590594597282 -0.7580604927395307 0.9147399582087188 1.4574977512784533 0.03698277794683364 -0.9496248623211475 2.042322076631112 -3.9759714984004395 1.560031282312484 -0.022403765875334665 1.3560012908617278 -0.08076036724341165 -0.1575562962704778 -0.6599630199401555
0 0 0 0 0 0 0 0 0 0 0 0 0 0 0 0 0 0 0 0 0 0 0 0 0 0 1 -0.19516946606552413 0.05389560043169732 0.5153787005694349 0.3878061792353004 1.689544035444623 0.22065615756907012 -0.3738981799289011 -0.4389071800696639 -0.07153045437131846 0.05905838870224822 -0.5413413579799503 -0.13181899339827582 -0.7233120254857022 2.201199626428032 -0.9321978847502631 0.23970662779384344 1.7957842496026184 0.9924834321496289 0.11403477375529265 -0.4467155842206905 -0.32193862514894067 0.7614362870710079 0.9669459241226877 0.5835636028280425 -0.5529863327867415 1.1399374798141448 0.3351043009740043 0.3304485641199603 -0.6023619694487762 -0.15439943808512588 -0.09936601089304775 -0.780036426233565 0.3028058189070645 -0.2695727567902941 0.5035055723801054 -0.17316289320872907 -0.14381321069206085 0.00707949689129626 0.015069538966852175 -0.4936003274742826 1.7792203581510306 1.3974112050192484 -1.600120754433458 1.3342750068257203 0.5102179951320492 1.6381375473233084 0.18549384533152438 0.19183568146540478 -1.1391257810876996 -0.0746312876898585 1.8191186135524084 1.0528146779075582 0.7502282541761846 0.5197366639738976 0.12190563590961577 -1.187069950948663 -0.7244902338189212 0.8799894868762844 -1.3040774200693785 0.7467915072205109 0.9113243540338448 -0.17543892496795316 0.04489981785654164 -0.0702473467227467 0.030936490517213665 2.0134405753700286 -1.000409179810045 0.08437161787859003 -0.6447891059198988 0.9209668187903985 -0.5844854675619611 -0.06479912354916863 -0.5298397160876551
0 0 0 0 0 0 0 0 0 0 0 0 0 0 0 0 0 0 0 0 0 0 0 0 0 0 0 1 -13.162578800660548 20.72424888319194 -28.638434819448946 -122.39195526605893 -23.040763147645183 6.424627107230473 0.21765332697854636 -28.855597607098826 -16.387221287555636 45.818700567811476 14.508591696549017 2.057910585440332 -58.597599055065935 99.882787615502 -22.076366587678432 -16.052314405507865 8.981511320374084 39.03670151042639 -55.39116402239999 -2.309358770086895 3.93807435181993 -8.13254113895682 -15.721389029498614 21.292250984571538 -25.147264495218664 -49.059269831558964 8.098332235006055 10.495303910708028 4.915182167473806 -7.946699495036072 55.861947067612064 44.492545227494674 45.557094592351014 23.490058128129647 52.397575077886174 8.407412076441716 10.020489164119708 42.47999010484321 -50.359947847356814 -44.8328896476526 -23.642288002910206 4.797324380143789 -51.10800327148857 -4.9606325863309735 -41.84567108656458 -30.184376435413746 30.645591523882587 46.019747434382175 33.56943887535469 -111.85225936063013 -28.825928542347185 6.09574094613205 37.158506614809134 -3.984008621049291 36.44380019781627 79.50829482512472 -0.9411957384068925 48.450054050179055 -12.18153595003336 -27.70854204397459 60.66473713073733 26.769929294446364 9.75763805573232 2.533393000481418 -60.389814518292305 31.468093472712205 17.900544951220525 31.479465074380467 16.553810882071797 11.061002209904064 -15.951745300781715 16.147646508191585
0 0 0 0 0 0 0 0 0 0 0 0 0 0 0 0 0 0 0 0 0 0 0 0 0 0 0 0 1 -1.52501457239155 2.2554418324486867 9.258594803782932 1.7534842146667107 -0.4779279318321441 -0.08702799001587115 2.2184962391770124 1.2015870054270885 -3.4805795035634826 -1.057588327394494 -0.24242169044258902 4.477708472308299 -7.510986632704781 1.6884746043754042 1.2772010410444403 -0.6697097661703652 -2.928232984443878 4.139306633555879 0.17726612430841754 -0.2902967711024412 0.6133229881924744 1.2604051902512365 -1.6134867023673913 1.9364533018713017 3.699449476568828 -0.5892199013420907 -0.7649025080822028 -0.3572925419207799 0.5782636444682023 -4.252667822183533 -3.3143879074813425 -3.375002197029502 -1.7618797088089242 -3.9535635530296585 -0.6483718580538685 -0.7700281139880631 -3.2380209074084783 3.8390211123595597 3.483554067218442 1.8568179796898414 -0.43486456378697 3.8862210675702924 0.3922550103117907 3.24014963632547 2.3743320249512085 -2.3191749613031187 -3.4199800873397104 -2.505758776045662 8.533567541777705 2.2506720584674675 -0.38959272363684616 -2.765394652405644 0.17672920213729335 -2.758286225890608 -6.007150639168223 0.06684047533074311 -3.645199006043335 0.9952602228172911 2.147639841273087 -4.5384361680569825 -2.100894498757927 -0.6877016296492898 -0.2240279252667707 4.656350995028098 -2.276770111392629 -1.3240454412239606 -2.28573861031425 -1.2093652899707596 -0.8212291227085302 1.1889001552732639 -1.2454397600841003
0 0 0 0 0 0 0 0 0 0 0 0 0 0 0 0 0 0 0 0 0 0 0 0 0 0 0 0 0 1 -1.6613871204816517 -4.383567670599232 -0.07915611115475735 0.3376278756759494 0.23710365763591765 -1.00693286077405 -0.47931729361183567 1.607476143096643 0.0018485249911364971 0.4181907812675649 -2.7776319958270994 3.5088030841445903 -0.6350739879941063 -0.6830174125993553 0.3950028781209461 1.447038352010859 -0.9287215044405218 -0.12580274722121085 -0.030401445587579897 -0.2731355985909963 -0.5665374262425639 0.6411699877230064 -0.30724467738459343 -1.524892545893903 0.4570434137377445 0.6868394125860803 0.2555289198589421 -0.19889739483671728 2.488694128948933 1.7541975291614602 1.5961553586756512 0.5918030647481122 1.9382683795466438 0.6254483594213077 0.5173813028308092 2.0693442612751363 -1.7859718006892216 -1.7487982152928134 -1.3364212010549552 0.8041322221696031 -2.0875628631549703 -0.4586426108502569 -1.448005448356871 -1.4585543586320802 0.7334425809768971 1.65271470867073 1.0043735724501581 -4.170889661420226 -1.1152958478522783 -0.7471534026621242 0.8748195018010447 0.7542717908074017 1.1670207102727888 2.5477185373500637 0.6429143967298925 2.0198631585087417 -0.35505545028806085 -0.7535171033135836 2.029072046484635 0.6964761279302008 0.6484757928372582 0.6156734078716638 -2.9048001029879886 1.8149593107755777 0.6091981433799116 0.8832915977906552 0.5546480588770832 1.092695329159562 -0.9707636657324666 0.774284643380103
0 0 0 0 0 0 0 0 0 0 0 0 0 0 0 0 0 0 0 0 0 0 0 0 0 0 0 0 0 0 1 1.0406670518467964 0.45621045923813863 0.4792561832921704 -0.5127356104678275 1.0571800506418934 -0.16676143124369225 -0.5229523831691336 0.5795891184539134 -0.436113645545798 1.215114856835427 -0.5492678810833017 0.10932056703702865 0.45977032078754787 0.09876191426189267 -0.16812457045686466 0.06529410570783274 0.007000022742128997 0.04524714324976876 0.35810447149056746 1.135617608001565 -0.5614358845363239 0.2566465521812548 0.649460400786775 -0.14842066903499967 -0.009271213389091143 0.28329277181387846 0.06088153167384774 -0.3465086755921697 0.27385581217740107 0.26025037366117443 -0.203162326692774 -0.10769689148218989 0.07303764464986816 0.1731641858459589 -0.752713837602113 0.04178080835344846 1.2297744740289398 0.9379305194280634 -0.5579377884555327 0.39000171121490107 0.1353831692695006 0.6254994089238176 0.5139399134359655 0.3077454051507503 0.1325656716733658 0.08902135920455402 0.7362223183959912 0.565118582420904 0.15041650228797296 -0.12395639334286838 -0.7606058863500571 -0.49924678967065256 -0.686927123601839 0.2906105343153086 -0.09706872159554226 0.45120529879866017 0.6291958367087014 -0.07932145479749068 -0.15237603915989084 0.05722701199418538 0.05179568480527204 0.82481343216034 0.022998841710956085 -0.2099107740752484 0.0797928807046101 0.07905182403875019 -0.21526314159320814 0.13623335426034794 -0.17504094156892236
0 0 0 0 0 0 0 0 0 0 0 0 0 0 0 0 0 0 0 0 0 0 0 0 0 0 0 0 0 0 0 1 -0.8124825258486852 -1.547516520296765 -0.22649349945687963 -1.4152732862347792 0.5315185158437956 0.15956192739659747 -1.1455856777032107 -1.4240429367913399 0.4014097044679992 -1.035212714448421 1.3726491001419507 1.6225767226733432 0.24974713289301612 -0.5398538360614744 -0.102371282800741 -0.09364835192470182 0.8377036937185313 -0.4524149675777602 -1.3201467046851982 0.471335483939177 0.7685968208372208 -0.46237367295684356 0.7655309471506201 -0.6860539917700683 -0.2812417851297586 -0.597829563012331 -2.2141291304094075 -0.7425486014003836 -0.9273531117585737 0.06650544792151307 -1.1044248003082524 -1.045371575047062 -0.25141339755447956 -0.045880264757715915 0.957235750251037 0.43433734697178494 0.4998977186901299 -1.1555624548908296 1.919307392972557 0.35745339139411453 2.0312589004356956 1.2735326812388756 -1.108154757392084 -1.0702012439428106 -0.6134379585112362 2.9952868471940066 1.13892430046734 1.526412767633512 0.30623862620577125 -0.4159594885281177 -0.36869439449878905 -0.09269867278609338 -0.8623887960056087 -1.8723017949964882 0.4993378319139953 0.48578578191942395 -0.25456500553111927 -0.41816423076538173 0.3361896402393847 -1.3090372795979583 3.2348016534358757 -1.2108750637218166 1.0325619668134811 0.8402033752718654 0.2868332885197399 -0.2813631951737561 -0.257405193489094 -1.1188687352172342
0 0 0 0 0 0 0 0 0 0 0 0 0 0 0 0 0 0 0 0 0 0 0 0 0 0 0 0 0 0 0 0 1 2.281738614228806 0.9851816507661233 2.518287608286631 -0.7901580283706054 -0.631348815557484 2.024247798216211 2.6028304422201476 0.7436576629770494 1.5066205112837703 -2.8402486274130045 -2.570329823731876 -1.0718093707742502 0.5301649295339069 -0.452420988769742 0.2579626385436393 -1.3996086040295006 1.6868320983278833 2.701719369153345 -1.5490175673353377 -1.293575355675934 1.2987987728782047 -1.6360652663318882 1.1042310692396207 0.2217255956414332 1.4810027790438083 3.8091652503390394 1.093528455120456 0.42681594580310567 0.008014773957463453 0.9674697176398046 2.371181896852243 0.39428654579271494 0.8216938495335352 -1.535382003145202 -0.15056998333589486 -0.851780105706932 1.4231262156612448 -2.6911749088572665 0.0037938026823157336 -3.1763541303311777 -2.876722635866782 2.39373668597558 0.6069917161594081 0.5981536873742253 -4.8345343208495555 -1.5707983669065846 -2.2294997310957596 -0.46875079645868956 1.571968479532052 0.3162849238945275 -0.34859126151537334 2.13778240902844 3.0031784924643175 -0.7817573839613975 -1.3671641268071197 -0.38787141858088137 0.4326415219373344 -1.3644482304216807 2.903735340712278 -5.223347610631628 0.8386212806707504 -2.3073994305947987 -2.6093198924941015 -0.11359990674667193 0.327243924199636 0.300844696169755 2.580262079196468
0 0 0 0 0 0 0 0 0 0 0 0 0 0 0 0 0 0 0 0 0 0 0 0 0 0 0 0 0 0 0 0 0 1 0.2642882535208389 0.7290062188542753 -0.8621813811534411 0.3049364408139123 1.0106168018140862 2.1579236182887924 0.09839180564258743 -0.02450372488530601 -1.213870491861679 -2.568849783250088 -1.5980729834056513 0.269728790603642 0.5250878343390863 -0.46135779278116923 -0.9339099538123363 0.766194340817675 -1.0227235777581145 -1.0338134559324093 -1.7074350356498615 0.297408964429568 -2.1382308932694656 0.5742993321671737 -0.3074336402595687 -0.32358091553078644 1.0886862818372156 -1.0221046565658942 -0.5210237357185574 -0.542572021500317 -0.8294146225036438 1.606395768943987 -0.6192626646206355 -0.5234091648811353 0.9429191353520898 -1.60085808868003 -1.2570378715909374 0.31727770519650755 -2.144948949314566 -1.1675297606592683 -2.2587167391094196 -1.0064054739142239 -0.6395417421314072 1.2464249330543626 -0.41773801521237974 -1.9350868132702845 -0.7949573820114476 -0.9845474432693762 -0.2404472970636037 0.6719369866028456 -0.41176295207765035 0.4080629688554893 -0.6418708755982251 1.355563739444153 -1.419400818669452 -1.4441590396503 -1.514157385468454 -0.45854177208016467 -1.0013732631522168 -0.37060710165135463 -2.5077148230774564 0.36877029414029877 -1.467403065170246 -2.042526600099365 -1.4877486640223194 -0.057090803369403836 0.5960380087208289 1.1302385121327825
0 0 0 0 0 0 0 0 0 0 0 0 0 0 0 0 0 0 0 0 0 0 0 0 0 0 0 0 0 0 0 0 0 0 1 1.2048659084183972 1.6133621448571096 -1.5000150368175498 0.5768597034326344 -3.8977123094600463 2.4750487549333475 4.833606866150159 -0.9114802742348942 5.864787601246034 3.5997578515129462 0.28844949846313284 -5.256604018355939 2.4688265513083807 1.2498622702087132 0.8162290436378252 9.911155747264452 0.498981789273302 3.844389851739932 0.756908226572289 6.078094794654815 -0.007032622666494477 1.0408241031532208 4.914631695224288 3.412281215805088 6.515784023960518 2.217762265326425 2.7702213210051836 4.764006997084352 -0.754220534692084 4.534926781097806 6.11043221584004 -7.388486155059997 6.681361893229444 3.0757647780396495 0.12747397121096624 3.6739246181806733 5.6022834023777675 3.24841619487124 -1.2598510691444946 10.140475280838196 -4.101252293298714 3.5224284249966393 -3.8375621891025316 0.01191252138138415 0.7563137940143403 0.7298683394567637 1.1721363593895284 3.076688186224546 -1.0483924106518474 7.83444477554213 0.521749500355386 3.529956035310892 2.808547373203443 6.027771307898549 3.3862352698668916 0.8254909229148548 8.279321050933461 0.562062054533669 -1.778034692643708 0.6081275048579236 2.9944001634148822 7.029545426114645 0.2916065101279565 -1.9569774088032443 2.1991774565308555
0 0 0 0 0 0 0 0 0 0 0 0 0 0 0 0 0 0 0 0 0 0 0 0 0 0 0 0 0 0 0 0 0 0 0 1 2.0707627624937004 -1.162108060470013 -0.026092181790669973 -3.525537029616204 2.2537472381717096 0.9668820415493645 0.6710430223009651 4.408157674967519 3.4197355107319845 1.142524981376455 -1.7262547778631459 1.6172124160391446 1.942177741582241 0.4919066634237797 6.952601026726631 0.35769948562404746 2.9394772241000853 0.7229697865038203 5.211465222212463 -1.6022157943193696 0.8404946086478695 1.4929802781229173 0.5536426089373186 4.188860568993463 1.2010044736734151 2.6611059128063963 3.1407179477020017 -1.9599393773378027 2.166414250572714 2.8840720622713065 -4.647975663372031 5.432147786118985 2.8986681641188548 -1.6931381813032311 2.8103011038755548 2.226742454894476 4.3201273499702815 -0.2965092291599793 6.533236235622767 -2.696075143542016 3.1564792560553094 -1.7772503914336601 0.6144243161132481 0.6220623807422863 0.6986493565926454 -0.5826790830109146 1.1462017365097035 -0.8453549000007943 5.306161286044518 -1.7044790434378743 2.489015620864183 3.9494933438293063 3.8532087187084016 1.9332503051194059 2.0735174113076456 4.841823617154027 1.3851723889718588 -1.272638976257795 1.265846042318197 2.8009074187667737 3.852336032776452 0.04687793822879486 -0.7700705334311765 -0.24294686027199577
0 0 0 0 0 0 0 0 0 0 0 0 0 0 0 0 0 0 0 0 0 0 0 0 0 0 0 0 0 0 0 0 0 0 0 0 1 -3.9906944536371958 6.123136516259743 -4.553708981225852 15.144902384169356 8.401287424099946 1.600877186469486 10.7408863761222 5.679153597081921 7.388566902220103 -4.033236257120086 -0.5506898143475387 3.356211442011445 12.995449521192327 19.823240433238702 -10.388425417124317 4.060202974231694 -2.8008128317550622 8.013171651235591 -3.2463448992918105 -2.1340257233171216 1.8311496304740216 2.87048404728314 13.077831732382911 -0.9946063275152826 9.473941731835158 4.773629498127471 2.69317011918187 13.157707718851302 13.290593118581862 -18.59226769434308 19.038624670146884 5.760457116207352 -6.94186518941472 5.918151741824004 5.150939496882522 9.549536507086547 -7.110794213832212 30.033857066188954 2.5913488041177017 7.561971411711203 -18.07452273142707 -1.918107314186072 -5.210202781396766 -0.4467340926598528 4.386562500337004 3.8186193621205455 -2.173259814005106 17.616611657983476 -5.254958213456155 -5.690756416748811 7.76294795907189 5.9891823952644225 12.017251864014023 2.0562643936514933 25.312755197052642 -4.2742148288911945 -14.457635652443674 -7.597002282917853 -0.9872552593059605 12.549255083291177 -1.861839272293984 -0.6547060430674116 10.196880216065672
0 0 0 0 0 0 0 0 0 0 0 0 0 0 0 0 0 0 0 0 0 0 0 0 0 0 0 0 0 0 0 0 0 0 0 0 0 1 -4.955618620148581 -1.0566731009834227 -8.704462833877908 -2.6390318511497144 -0.7429898020299275 -3.695660235318281 -1.7364736002322945 -5.226084349497778 -1.2312675471010899 3.8013234955577437 -1.444234006210968 -9.937242870636453 -7.785207458655314 9.320138297078259 -0.43282788357332436 1.6057432199358794 -1.2905198663771682 2.963567358728714 1.2096397573190358 2.664700021039104 -1.7512868085999902 -4.457562153112582 3.540277019885107 -4.782789488026885 -0.15701694520351134 -3.128957541248599 -6.391850020088448 -6.649678586327592 9.338735647536524 -8.751767222737145 -1.0098434318264924 4.931104645025115 -1.0585009547714934 0.8387915371600868 -4.717017710710842 5.015629328703474 -14.44232939336822 -3.6308668795806263 -2.0878129013702167 12.23188312109689 0.7307871430320314 6.039039503341624 0.9865670121934725 -4.3652680717182815 0.31434890432182255 -0.3963866928084053 -9.780460695488365 3.079911535559689 6.768580031487687 -3.334055991937102 0.2577663931715369 -6.739759880827222 -0.6956341462523917 -14.234782058697709 4.6509859697617655 9.417585329218829 6.321084146168104 5.840283672485298 -4.369281502909538 1.8248553162611945 -2.0825079054699347 -4.769311120750358
0 0 0 0 0 0 0 0 0 0 0 0 0 0 0 0 0 0 0 0 0 0 0 0 0 0 0 0 0 0 0 0 0 0 0 0 0 0 1 0.7537605264971671 1.3792147674446815 -0.07471595373340886 0.17609418111615974 0.27570071518517864 0.13945978807137566 1.0982629512737139 0.9479769794868884 -1.2131156943404748 0.2216983122816979 1.9291287363607288 0.7142886293833923 -2.006226850795737 -0.19531188004601244 -0.25045154377385465 -0.193376995960958 -0.8221125448487502 -0.17422746696411087 -1.1916459557592436 0.21407692757914867 0.18354238412890303 -1.0425124178675296 0.7833700639727571 -0.34106825337277297 0.5614010902131026 0.7216280832209261 0.7722668266903461 -1.311926869142635 1.1108485301008184 -0.17215621410765314 -1.0151667182662785 -0.14832811205554905 -0.8578010139788124 0.8013391679440897 -0.9218256362841896 1.8806056909162858 0.897902562865323 0.022039697665917127 -2.137790315690313 -0.02646680761075049 -1.4689789302886804 -0.22914626441883346 0.9277657319823499 -0.5098808784373262 0.35425804371327596 1.5475727712985328 -0.6728103430781581 -1.6227232236268418 0.5066188994043915 -0.5960937867678551 1.0715584612126974 0.2173923553575902 2.213223213383986 -1.03740285275378 -1.6532881380755329 -1.2078981383520888 -1.7629028173813 0.20313148816109974 -0.42655310063520635 0.8242806286144821 0.42036219375017864
0 0 0 0 0 0 0 0 0 0 0 0 0 0 0 0 0 0 0 0 0 0 0 0 0 0 0 0 0 0 0 0 0 0 0 0 0 0 0 1 -0.024156791472083487 -1.153675521691825 0.65150088892421 -0.43180326105567374 -0.27724229711383097 1.0110625388441299 1.9637034817806693 -1.0795868585428547 0.25059249202950545 -0.04148517262062809 -0.8057360263181474 -0.5411027474544661 -0.5825056529410979 -0.1301047739373297 -0.3288169643728875 -1.476127161835208 -0.13014554077629764 -1.7328941166846732 -0.586394043203277 -1.0696884500645831 -0.7863502163776308 0.1753789542202837 -0.7364247166603513 -0.49536628433889746 -1.1531283615191623 -1.1942615412880542 0.41749665041275935 -0.48902107832046865 -0.6793852412100447 -0.844031599081295 -0.5281914967998452 -1.5971415634670603 0.4515326069063845 0.1202040241718733 -0.6069906552632793 0.5415285834470327 -0.4699214650396377 0.05729835792762496 0.15305417380929465 -0.8121695660388034 0.2748327005577765 0.1829095346821156 -0.8483289897650849 0.6908500810445214 -0.26620123134424234 -1.0170424869124595 -1.054691697104853 0.11311263205059563 -0.8120626299755317 -0.01421456927987928 0.729284738693569 -0.5105456247800172 -0.26561552052650933 -0.25901865395524043 0.15686601571955266 -1.3339246616449532 -1.0553831743394781 -0.34072702556784235 0.9969912376951924 -0.9150043746011183
0 0 0 0 0 0 0 0 0 0 0 0 0 0 0 0 0 0 0 0 0 0 0 0 0 0 0 0 0 0 0 0 0 0 0 0 0 0 0 0 1 -2.4986883329362266 -0.253731548758119 -1.5520997909391008 0.4522545515601697 0.5207336851364366 0.9431894936910208 0.0012358939825799528 0.6338407180684775 0.4561912865511761 -0.8310552622285167 -0.8756312570846043 -0.8692055722595885 0.6865155747292083 0.8144466971067168 -0.5594397674508003 0.32466709944283506 -2.0314287938202122 -1.8351813890044544 -0.46777658246844245 -1.110336314587666 0.9875822472311873 0.15572154416943254 -0.695250814481189 -1.6496756230169138 -1.9876776798937912 1.0242898491758416 -0.7144257719309868 0.0005649245731749649 -1.867948001529848 -0.44902881649519927 -0.796870604666401 0.23947272765859107 0.2185788093576674 -2.0073325567442106 -0.32283022437433956 0.13885677873478852 1.2376119539242991 1.094802229360227 1.4608075022381244 -0.44476040478703704 -0.38465867752188504 -1.3832322513233672 -0.2758715825006123 -0.7649787695293903 -1.3243446859722872 0.4592820557951916 0.6418089616210938 -1.8050499340563582 -1.3879210771975166 0.07524722148985188 -1.1224111016332534 0.024568616271489013 -0.17608472913666484 0.013616165398124686 0.6029368871294385 -1.7973440173944384 -0.20169115085389774 0.8105219486182674 -0.5277793013865352
0 0 0 0 0 0 0 0 0 0 0 0 0 0 0 0 0 0 0 0 0 0 0 0 0 0 0 0 0 0 0 0 0 0 0 0 0 0 0 0 0 1 0.5850956580273704 0.7778835594559368 -0.2923457289249333 0.41296338879359584 -0.1409009431423042 -0.060448750036578444 0.04674844086036326 -0.11349656030066023 0.6835196862321576 0.32672278506207986 0.24261129859482597 -0.3570766948399248 -0.1597409930770402 -0.19785843580025606 -0.4559555647796249 0.6001897442028855 0.5585984967417327 0.3603972571973402 0.665795099791848 -0.1855578626579453 -0.14661879600096409 0.2701772225856166 0.7879669406941185 0.716271738925788 -0.7222124228991134 0.574366372392725 0.3456124303742163 0.49098255225833287 0.3586260977669022 -0.04541591370978819 0.3211447523721993 -0.18064450460462214 1.5558827603772285 0.5406583112848827 0.2451943633073058 -0.926505821027312 -0.7498441356923069 -0.736722424979478 0.520500634773242 -0.04134149378230514 0.6234625532591738 0.3219293892257335 0.2977762605979923 0.12715507094219358 -0.544678909328331 -0.03320398656682859 0.9526268070661292 1.0030754708063725 0.42105228217281077 0.44640958460756364 0.004853053769997307 -0.2202158014645852 0.06045334268659451 -0.2691293378612122 0.6216728889061138 -0.17339812113481687 -0.284888820448541 0.2972206326178668
0 0 0 0 0 0 0 0 0 0 0 0 0 0 0 0 0 0 0 0 0 0 0 0 0 0 0 0 0 0 0 0 0 0 0 0 0 0 0 0 0 0 1 -3.489628733501673 -4.759450172488598 -2.5639791486863737 -1.1544038466371043 2.491645403990419 -3.4129402678741743 -1.3075293303756739 -4.390021688949921 5.059673833561157 1.1374544260783164 1.58848226420182 -5.894306873391793 4.732020346437092 0.03234249425504204 3.714071678972832 2.4655984627472494 -2.4073018732467832 4.248457466658291 -4.863973503167228 -0.9553590267607434 0.5544251731065112 1.893733897964086 1.6193200078251555 4.469582247419774 0.10675235722490048 -3.262455788654269 3.781952924353659 -0.13953255624391225 -5.356287441228359 -1.1830762858035804 -1.7659318034234488 -5.460493415009665 3.208500408552615 -1.026258250417183 3.083190117342898 -0.7953820474531667 -1.3881170957981774 2.0360223753469806 -5.255859729042461 -0.7306168340488524 0.6590647701687691 -6.886571783164466 6.03588945094197 -0.7320653334784403 -0.9202897627374519 -0.46986980299650805 -3.5041905773080826 0.41559277175669485 -7.014976109711164 -0.8964480811340413 9.135810938826095 1.8729363694657426 2.3981001946834164 -3.3588982462060595 3.896607520538253 -2.403008007718342 -3.3919943721994734
0 0 0 0 0 0 0 0 0 0 0 0 0 0 0 0 0 0 0 0 0 0 0 0 0 0 0 0 0 0 0 0 0 0 0 0 0 0 0 0 0 0 0 1 0.9422825801649309 0.6061741083085758 0.564580260854913 -0.8171763995519721 0.6853221070970379 0.37267343651032364 0.847028879140141 -1.1440682093339343 -0.049241604034285374 -0.4900857819276866 1.2156470590838495 -1.267063782580079 -0.0720043379667072 -0.8939483923347893 -0.5658717882834357 0.3533258611522425 -1.2117548244809468 0.9483554581939901 -0.058084777412868285 -0.08011184572574345 -0.27135721801888246 -0.11150069717108678 -0.9319538135895189 0.14408589409672942 0.36098346187123664 -1.086670072061038 -0.04106894596415258 0.8579765392138603 0.5182899681245847 0.4747422785892924 1.2938596374296245 -0.7619028454021004 0.10493703654412598 -0.7937127766413137 0.311483177373146 -0.03159031912051006 -0.33899880004590854 1.294680929047297 0.09699316417133295 -0.00016065145244684723 1.7423626794392915 -1.4199507179263569 -0.0675736063733587 0.3240071789015068 0.1650255895950677 0.697236914431474 -0.10808912032339739 1.7235321398431829 0.2147135935137769 -2.0722785109003072 -0.418437394738609 -0.8056497953283406 0.8002213983658344 -0.7868330235000544 0.5761412886014909 0.5744315259200607
0 0 0 0 0 0 0 0 0 0 0 0 0 0 0 0 0 0 0 0 0 0 0 0 0 0 0 0 0 0 0 0 0 0 0 0 0 0 0 0 0 0 0 0 1 0.8450335997845586 -0.30732530396710694 0.3461464812294705 0.6706026849945647 -0.3965348680532204 0.7872688803733673 -0.21167331153315821 -0.39896805444020256 0.05095521009664788 1.5465453563031446 -0.2105950222181096 -0.6548227234430752 -0.31415794620812065 -0.7741578882781835 0.6482238455363039 0.7249698065307563 1.097866100832866 0.904719859940502 0.047991851237359155 -0.052240331591933295 -0.8746118939512746 -0.6667723182402131 -0.45996319191510276 2.008406642978597 -0.03992834879684603 0.4268317454868143 1.009899892795829 0.08833908508917053 0.44371370044585395 1.2878087106383496 0.10616488691915209 1.1114868910927918 0.13599390952316506 -0.7669114571150895 1.1370457581974074 -0.1550644592238698 0.05834507508882506 0.40657490677353386 -0.3046179726453524 -0.015146890901113336 -0.9940399173008311 0.6335005002544772 0.6537557835635356 0.6530258744171051 0.9254152376792381 0.588365579447038 -0.2507772946769708 0.2758581970284487 -0.7133572386248145 -0.0054186854823369745 1.2473954820057944 -0.23196105673270007 -0.9670885954530628 0.048612810554818635 1.1390507102299205
0 0 0 0 0 0 0 0 0 0 0 0 0 0 0 0 0 0 0 0 0 0 0 0 0 0 0 0 0 0 0 0 0 0 0 0 0 0 0 0 0 0 0 0 0 1 2.5447464004471607 -3.4298368714715792 1.4242494827775567 0.8994582973971161 6.095561606721834 -5.87753139093108 -4.0494171423125085 -1.034642564864446 2.7090458566778333 -7.984069479743461 7.701234496232435 -4.101139195664548 0.24014443298480814 0.7294548603371952 -8.446619178290124 2.2271896954934935 0.08777294310003987 -3.7843828141179494 -5.881938006973936 0.19504865423867218 -3.800522020956918 1.4135602250706167 -7.541673104845655 -4.747239895335262 -2.7783133768745096 3.2031261671971643 -0.2952107411111492 0.8991143700235783 2.4591106142854144 -2.29767786022769 -2.6492162643067303 -6.666456349444361 6.914070173780337 -1.2690921550535306 -2.2345690787129993 7.630979479243199 0.33973744303846626 3.0294996793495477 10.938492206550627 -3.9174493916801767 -2.273690169371072 -1.6875556277318922 -2.8895391495871783 -0.4661618674400208 -0.6215694007802802 12.96246215510539 -1.2495231545295336 -7.990721476335983 -1.6342848349036831 -6.692622315911606 6.0796939800052465 2.2100944903893347 5.367009019527817 -0.7123820904798245
0 0 0 0 0 0 0 0 0 0 0 0 0 0 0 0 0 0 0 0 0 0 0 0 0 0 0 0 0 0 0 0 0 0 0 0 0 0 0 0 0 0 0 0 0 0 1 -2.588263525840444 0.22188749276946446 1.119256201451055 1.3549399167862841 -2.546977377189709 -1.1937075783631508 -1.079584061995893 -0.5709041010210638 -3.8469697157924294 3.5341449895153056 -1.011253564554627 0.09097964087654892 -0.4070315621529104 -5.329755478895351 -0.43826934065562684 -0.7786154834439255 -1.2277013597427602 -2.3452923357945927 1.1645177852795408 -1.3986000179496243 0.11991938222558444 -4.95863809206054 -2.3939359251210113 -1.5668045609207766 1.6308056144475778 -0.6134352712021875 -0.3775604783810912 0.3126515792218729 -2.1232895464397865 -2.3023740403552666 -3.519274674811223 3.641558503567169 -1.283885778418939 -1.5234439595055556 4.571217406551599 -0.20885870517768243 1.1381257445350208 5.380968221714547 -1.493295997778525 -1.7735256693032513 -1.2646528718415515 -1.6681249552019746 -0.408421051988155 -2.0709729597268436 6.079663450991489 -0.9703167396026038 -4.587702965675376 -0.7662922765452194 -4.667680844464772 3.067689587897062 1.3359172726372632 2.3423047645112534 -0.5425888787164393
0 0 0 0 0 0 0 0 0 0 0 0 0 0 0 0 0 0 0 0 0 0 0 0 0 0 0 0 0 0 0 0 0 0 0 0 0 0 0 0 0 0 0 0 0 0 0 1 -2.429838238326273 1.2040095971964089 -7.922723731087342 3.373945410673119 6.122579309415724 0.1587148451543149 -9.000512679685425 10.124690439386816 -3.9483446014763666 2.515002459001339 2.521069561282423 -1.265653336952211 7.134916292685151 -6.8468407269714735 -1.1278520673881922 4.305299749020879 6.4013274278122365 -0.8632218842839885 4.720507907252264 -0.559295214289511 2.7866197655192457 6.431657561995679 4.384036377166975 -5.109262961027702 -0.3210808870675749 -0.7608174820714066 -8.058850937978857 6.097687320005426 -4.4144062591760855 5.452773629079354 -5.177491871843123 -3.563712302256933 -2.0280642286316324 -7.402666164074284 -2.8113855713544313 -3.803080145937108 -13.169406914039548 6.891504062812343 0.5506088997094655 -0.7976623899701475 -2.419247472465082 0.6281060757716106 -0.6470257956363309 -13.164823152962548 -1.3306150442239946 9.203882781524023 0.44120602960723004 1.9782207638269127 -5.128264744124246 -0.3774278802286164 -3.4070746390422277 -4.214534934829432
0 0 0 0 0 0 0 0 0 0 0 0 0 0 0 0 0 0 0 0 0 0 0 0 0 0 0 0 0 0 0 0 0 0 0 0 0 0 0 0 0 0 0 0 0 0 0 0 1 -0.7658717920849267 3.4972381544502813 -1.2210841555613465 -2.557182365680122 0.07890070729613761 4.684059024492813 -4.126012925763053 1.1295719820311736 -1.087281338693305 -1.3254351705846388 0.6008406904698111 -2.6895204084140496 3.4082044824434816 0.5888319760899178 -1.6986894190590325 -2.5471141465240903 0.4373387362376639 -1.8221600111356755 0.2568514392931067 -0.621021199504034 -2.8906561763805265 -1.9788076313078484 2.0901930691412476 0.38008295596287645 0.6595489142154066 3.9282095611026753 -2.6865372645848398 2.5748981764785905 -2.000161009152653 1.93276044005731 1.9360441239517756 1.1996649049995718 2.884948971115669 1.387187163496188 1.6367902409167912 5.535001844480444 -3.0712996426258017 0.09113143061618782 0.7865346915368354 1.4715056351510105 -0.4558797791475724 0.645322423465181 5.302235674648343 0.752806863317588 -3.4992074879171424 -0.13639818509439855 -0.017240305172338457 1.8623697731451003 0.027795863047986976 1.1755135316447003 2.2724268108721177
0 0 0 0 0 0 0 0 0 0 0 0 0 0 0 0 0 0 0 0 0 0 0 0 0 0 0 0 0 0 0 0 0 0 0 0 0 0 0 0 0 0 0 0 0 0 0 0 0 1 -7.36582617945255 2.114359784967455 3.7115504429868977 1.7467157863739005 -16.37454816601309 11.454578375843404 5.163233477815239 0.17544034214549611 7.9602032213576 0.13541486226143468 12.369339677796852 -9.159592187415011 1.5942217927062203 -0.08898435034990061 3.8881631292141066 -9.494605109033966 1.5814305414405323 1.493654044080345 1.5839215380248788 11.379399389509361 8.3678325300975 -6.3478022335687365 -1.5339354688813642 -3.0274115764878062 -18.678467884682878 13.816228050892837 -10.130134053624968 10.105917549077843 -2.7708629817454606 -5.95585479360037 -3.03884268658771 -11.697095434052528 -5.6779404908499105 -3.8177297904496568 -18.16525675712642 10.99099668204479 1.1488945008450016 -5.764792679737002 -7.150395341085206 1.8634806691152717 -0.2551708856519392 -13.571200621843657 0.2284972790815499 12.971309146190695 1.5047121302755393 -0.32358297326820806 -3.195743321820088 0.5539271695163933 -0.23845956630947665 -13.391379991039882
0 0 0 0 0 0 0 0 0 0 0 0 0 0 0 0 0 0 0 0 0 0 0 0 0 0 0 0 0 0 0 0 0 0 0 0 0 0 0 0 0 0 0 0 0 0 0 0 0 0 1 -0.4384600017948385 -0.51397174626241 -0.19917618429115758 1.8023744983337942 -1.3626474767863348 -0.3927315348892396 -0.05719907105011953 -0.8077233232510973 0.011570616624028269 -1.5744303865624232 1.0167102498578497 -0.18232870510310337 0.033841158651111695 -0.5030699637557446 1.135877203444546 -0.21476220710118313 -0.14814887740129076 -0.33830376640248566 -1.254328542356345 -0.9485259302302265 0.7902007533901834 0.052060446480159964 0.37593499457716384 2.1630796682509734 -1.5432959266789037 0.987120646415251 -1.4317997892740766 0.4082332721579053 0.5366158507072781 0.10160933388521141 1.5154872104676822 0.7278794427562093 0.4086033304427786 2.2842863666535695 -1.2743067206227472 -0.21801278158650564 0.5790056951086583 0.5986420889428724 -0.21988208409742377 0.00021867422038777956 1.8697982084325089 -0.13567956976398138 -1.6054133584169628 -0.34647447299585304 -0.16007629305097967 0.5416053693263421 -0.005077652862522483 0.15422395226621596 1.52180932362821
0 0 0 0 0 0 0 0 0 0 0 0 0 0 0 0 0 0 0 0 0 0 0 0 0 0 0 0 0 0 0 0 0 0 0 0 0 0 0 0 0 0 0 0 0 0 0 0 0 0 0 1 -0.4893030988008735 -1.0683321890030049 0.5275174978482698 -1.5552922002399476 -2.5436029645669422 1.5379458861766626 -0.5545155338678996 0.9893751274596514 -2.005971841724346 -0.12491392616700793 -1.138533640924642 0.2335432221882487 0.16935791227581967 0.8724051616437968 -1.3728036975259859 -0.6225862127825819 0.2297394995642342 -0.9035461663347991 -1.986703537369202 0.4340830241678837 -1.057940990848612 -0.17069981117193717 7.0021545165856365 -1.359291150747491 1.6961485205055955 -4.295811028156667 -4.475972505414002 -1.0879962589399808 1.7888033650005137 0.5475617455392667 1.7074652583348198 -0.05280457947927796 1.459890628119723 -2.3021549530497163 -3.2136720060758197 -0.4065957239659811 3.587975972052911 5.5802388242586 0.5274005033312584 -0.6281577311427355 -3.74667561560187 -5.724084398877652 -0.8764875426308941 -2.697368176085463 1.3948055173892673 -0.24969434518758302 0.5716210476490935 1.9943387274503004
0 0 0 0 0 0 0 0 0 0 0 0 0 0 0 0 0 0 0 0 0 0 0 0 0 0 0 0 0 0 0 0 0 0 0 0 0 0 0 0 0 0 0 0 0 0 0 0 0 0 0 0 1 1.2040351115192298 -2.2935037623297228 3.056152582730338 2.784750139808433 -0.36273655185003295 2.695654059624539 1.1032719230413088 2.245449340374235 -2.9537958961376987 0.49089162559637534 -1.479493591263558 1.2511680724679903 -0.46867113484065415 -1.4526615828315197 0.906124712324997 -0.22281140422692666 2.110629226557441 2.0927733561160045 -0.8540573803205821 -0.4493709486128652 -0.15525229692305711 -2.286466145723389 2.0236726488187196 -1.7738234702441091 1.0877688698448653 -1.151323334745988 -2.5396516633485597 -0.8500919699710127 -0.8619692294393615 -1.5872710788726585 -0.88680621302859 -1.065070334458168 2.303795190585668 0.6282488360711859 -0.9722678561707764 -1.1653286743304645 1.7504628030505665 1.0514209059904323 -1.2275733738164858 -2.2452590337664504 2.0633776906595207 -0.6765746282251053 -1.8409911055933712 1.7178745492608807 0.8756275052516979 0.2586514948083212 -4.141882118127197
0 0 0 0 0 0 0 0 0 0 0 0 0 0 0 0 0 0 0 0 0 0 0 0 0 0 0 0 0 0 0 0 0 0 0 0 0 0 0 0 0 0 0 0 0 0 0 0 0 0 0 0 0 1 -1.6775738734918118 1.8935213002564775 2.8788835663655137 -0.6486930164965221 2.049686170944954 0.8046977291212497 1.1838678410608188 -1.5548840890351152 0.5488369757153269 -1.1417424727976868 0.5631136319472263 -1.303547428532992 -1.078736586505845 0.5684321452139224 -0.4441866008959931 1.385856108316602 1.1514173024383716 -0.39522270028658907 -0.5635967520881444 -0.11314822205500041 -2.442232357718382 1.6953428150360057 -1.2102920112813482 1.033477328083702 -0.18584062034529233 -1.3310002271015264 -0.5782746984841158 -0.4367359710121067 -1.0771883698667661 -0.5423352654274848 -0.4042374744726886 1.491668729177137 0.6142119802587444 -1.1977651654137589 -0.9594474153347482 0.8617714287797439 0.4030736110074048 -0.21308145049496707 -1.5289290238001252 1.2127018607335527 -0.6158078284568254 -1.0591348201564346 1.3943404116424123 0.5642491482379532 0.7872523497220348 -3.1608038758185493
0 0 0 0 0 0 0 0 0 0 0 0 0 0 0 0 0 0 0 0 0 0 0 0 0 0 0 0 0 0 0 0 0 0 0 0 0 0 0 0 0 0 0 0 0 0 0 0 0 0 0 0 0 0 1 -0.18796036302746805 -0.39037218052961986 -0.5298100636137548 -0.6922487368726328 -0.2827413104936374 -0.2177550469963828 0.7665059845850907 0.0272400614596425 -0.04820500937609056 -0.6024361430416294 0.2270253912262258 0.5562720696861375 -0.12209587956043229 0.49271475078988597 -0.5117920516126085 -0.00214821624817428 0.6413924578085283 0.3786356719992539 -0.09020076039992768 -0.5823131569084802 -0.875553201913174 0.21486176663209197 0.829746105848657 1.1197410956566758 1.05747748568558 0.11632808598438654 0.40915455248235727 -0.34726045616636425 0.4255528520607207 0.1786072577203529 -0.12527555815667019 0.8056823802783236 0.4682797220290039 -0.272766642034787 -1.320793944697719 -0.20153352830934218 0.33230696620914696 1.630228077214045 0.2418744244731523 0.9128612100075144 0.7671945305500285 -0.8145542991303113 -0.3329360155240425 -0.4575956241976569 0.5931316330286477
0 0 0 0 0 0 0 0 0 0 0 0 0 0 0 0 0 0 0 0 0 0 0 0 0 0 0 0 0 0 0 0 0 0 0 0 0 0 0 0 0 0 0 0 0 0 0 0 0 0 0 0 0 0 0 1 1.377050395364755 2.638293361139673 1.8735884812231554 1.5598658555241238 0.2423782373409942 -1.0119216937189273 -0.672026469197483 -0.9815889542869509 1.0851850039585385 -0.20082328413991202 -3.173024408995369 -0.04603444266352115 -1.4395687470216825 0.3945215700239419 -1.2271695995061305 0.9226966779831722 -0.7243938460080409 1.392771024790305 5.818702303928433 1.085292762573905 -0.2102094998087732 -2.0072581433505836 -5.028865161111024 -3.3416259067017924 1.8965844043850142 0.45764944314923944 1.8910798864970768 0.1891153382002675 1.6276984157305632 0.5949954094236053 -3.71148320457117 -1.7561344825123757 2.838941817412513 6.893816780819235 0.6029377088973356 -1.218142990397274 -3.885352733646627 -3.9953719921761177 -0.9146506954570797 -3.5997137651047018 4.231267526776265 1.5418583330747233 -0.362567462126713 -1.7337899614606151
0 0 0 0 0 0 0 0 0 0 0 0 0 0 0 0 0 0 0 0 0 0 0 0 0 0 0 0 0 0 0 0 0 0 0 0 0 0 0 0 0 0 0 0 0 0 0 0 0 0 0 0 0 0 0 0 1 3.1763238895734713 1.194666401872232 1.1605877458165914 -2.7002776095492056 -2.322178289685723 -1.7532272021228315 0.2202825026152857 1.063801178772576 1.5659212067126367 -2.2132780053727408 -0.5759004726961078 -2.1654472045701594 -0.4144372465654062 -1.6332438206019835 1.7997118008218191 -2.306530050276025 0.7166605504585908 6.244426736477899 -1.7076214830214258 -0.13861691164457673 -3.706905688012996 -3.5896721269266156 -2.6150056273578848 0.01040032176625703 4.066670966150834 1.959549434740442 -0.5564937299997939 4.514936163633499 -0.19845693976813103 -3.3541427904151937 -1.5455027932411305 2.425321937251744 4.952706027393929 -1.058836942666329 1.353012803203044 -4.4946352301202745 -5.474127132660679 -1.5961187001735224 -4.302992326646776 4.596901056583714 1.0357506111479018 -0.07928124019835517 -0.1388949407529031
0 0 0 0 0 0 0 0 0 0 0 0 0 0 0 0 0 0 0 0 0 0 0 0 0 0 0 0 0 0 0 0 0 0 0 0 0 0 0 0 0 0 0 0 0 0 0 0 0 0 0 0 0 0 0 0 0 1 -0.08106153600460864 0.22648626454418624 -0.9155114663354867 -0.604148698408527 -0.9440705070386305 0.8818748031411997 0.7628154754312066 0.6422553500803252 -0.40740040822381274 -0.024007092894583318 -0.03478844642244654 -0.23936082113993826 -0.7434875255453612 0.5170290232097223 -0.8894766866102167 -0.36415644028025895 1.3039034137434284 -0.6951822767702015 0.8268617119356239 -1.0027703781078097 -0.7892890769745866 -0.3569957339677986 -0.18647152506833736 1.8870347044289035 0.4577605914126189 -0.5837915624327736 1.6599168149623698 -0.2007828376370695 -0.4757950644221083 -0.08724782479036859 0.7288238383481539 0.04616509242034465 -0.7025054202533763 1.2300307621899973 -0.989533506861469 -1.183251038375933 -0.8376272846003924 -0.47369693291068216 0.8796568727921363 0.08641264630797038 -0.47383931356329984 1.0866735859961554
0 0 0 0 0 0 0 0 0 0 0 0 0 0 0 0 0 0 0 0 0 0 0 0 0 0 0 0 0 0 0 0 0 0 0 0 0 0 0 0 0 0 0 0 0 0 0 0 0 0 0 0 0 0 0 0 0 0 1 0.5120831073495372 -0.31210845349364874 -0.9867760572580028 0.5429088826466123 -1.9929734084658381 -0.8683786572460978 0.34527467130184053 -0.8442570872358391 -0.8198739062538816 -1.1318882786918745 0.29549996927198624 0.7750808311335989 0.3452103431793728 0.10320935875713823 1.338632436305604 2.900347141725219 -0.3048440814089668 -2.308557682026161 -1.5269716881107203 -1.7359342817160175 -1.5419672585641608 0.02207470521312807 -1.1365884883510875 0.43948397052997273 0.6018165963156938 -0.30642906940021575 -0.15265056829927803 -1.8119484809182596 -1.0864854936725539 0.1911276871465493 5.011452815248875 1.192846463744695 -2.2978298564102126 -2.0241346110969705 -2.6769754271447046 0.4961966953644225 -3.2256839544529257 1.5991202310653263 0.17259063214366357 1.082809547066887 -2.583787271824141
0 0 0 0 0 0 0 0 0 0 0 0 0 0 0 0 0 0 0 0 0 0 0 0 0 0 0 0 0 0 0 0 0 0 0 0 0 0 0 0 0 0 0 0 0 0 0 0 0 0 0 0 0 0 0 0 0 0 0 1 -62.081454916651175 -40.72507315385995 -9.752959593594348 -17.798039272099636 -15.922484659671426 29.525178266491444 3.7549135108339575 -26.815146995077544 -33.951773628096106 -10.360300253967456 19.722162092565608 5.863597261370912 -51.26104702436221 4.315630731050806 56.8002833009785 -57.045992278282256 -26.872360571703087 -50.1621612929088 -9.855780629064439 -7.030458153553114 -45.28675536571103 71.36975929516764 12.180079845551969 -13.832747168795654 66.62538837814525 -25.817713871780537 -2.9720543457244246 1.1161726704194104 -6.081106689229289 32.89528543622757 -3.218534509150715 32.57958310943018 -55.45730889672316 -44.57149416228961 -11.693125225126373 -64.42594538353654 44.64250777569423 1.3438796300289462 30.93341818021045 -13.033089001258936
0 0 0 0 0 0 0 0 0 0 0 0 0 0 0 0 0 0 0 0 0 0 0 0 0 0 0 0 0 0 0 0 0 0 0 0 0 0 0 0 0 0 0 0 0 0 0 0 0 0 0 0 0 0 0 0 0 0 0 0 1 0.6552421863015014 0.16338590121010205 0.2802032913177214 0.23997192245914495 -0.4623103028557755 -0.06811798813438424 0.44435044218650027 0.5466404424976122 0.17077505371224527 -0.3275711793464547 -0.07767132583221815 0.83236044366366 -0.0636799611481371 -0.8923714762170654 0.9303045118725749 0.4394251659929782 0.8107777299360024 0.1757309669792707 0.11487309358703363 0.7369043442541199 -1.1517520331209705 -0.1979425068839336 0.2295201690812584 -1.0731897445004581 0.42377914030334385 0.019697228745811535 -0.028830233899284862 0.1048583055456355 -0.5067921361664562 0.06509684339017642 -0.5426891582475731 0.8797701893814149 0.6995312622650747 0.19468239546154245 1.0310840120014628 -0.7061581518449153 -0.026442675742914735 -0.5006794033687704 0.20771014451244169
0 0 0 0 0 0 0 0 0 0 0 0 0 0 0 0 0 0 0 0 0 0 0 0 0 0 0 0 0 0 0 0 0 0 0 0 0 0 0 0 0 0 0 0 0 0 0 0 0 0 0 0 0 0 0 0 0 0 0 0 0 1 -0.8665750134263586 2.7523523741695364 2.6419378661471353 -3.288190398843191 1.736703131007163 -1.521347465774711 2.539957336988881 0.3763556575081184 -0.5937590914623654 -2.1269374141858717 -1.3176951405472987 1.6439247606639582 -1.6301484085669147 1.2403371481081933 3.254067788718895 0.2869125920634171 -3.8240463351936627 1.3555990204224198 -0.7070744336985669 -2.475110369058037 1.7634782269063982 -0.22975737231550536 -1.8001329159491977 -1.332679417265063 1.446370204372989 0.42286217849048835 2.6880532842742446 0.8116047472488414 0.11620292525559088 -1.5989085912481154 -1.1876848752098723 0.04341101790899301 -2.097875809442859 3.3195798568978807 -1.0579965799183593 -0.7683744779820517 1.8520690125485093 2.402798357568895
0 0 0 0 0 0 0 0 0 0 0 0 0 0 0 0 0 0 0 0 0 0 0 0 0 0 0 0 0 0 0 0 0 0 0 0 0 0 0 0 0 0 0 0 0 0 0 0 0 0 0 0 0 0 0 0 0 0 0 0 0 0 1 0.014320658259620549 3.3676245471038215 4.4813699165540015 -2.437383538552079 3.582135469146072 -3.382894531964706 -2.93441098576754 -1.8655811916201537 -4.380687010287155 2.1395421720074603 -1.520324467884662 -0.6688493766011449 1.6586104837307303 3.711933267432441 -0.34935147058113786 3.014517797482032 -2.1268137157994205 2.1484042667483516 2.4273014134381348 -1.6436042514451716 -2.239543192620615 3.547559145424859 -0.0008527176986299441 1.3568836954026693 2.3765497965109903 0.5243618611716169 -6.627420403580165 -1.3167025480930472 5.336651317680912 -5.065933968945077 5.983067969373668 -5.672283692136727 2.0140327627651367 1.4683700565326852 1.5433423929802046 -0.9452044343468862 0.005970300725785302
0 0 0 0 0 0 0 0 0 0 0 0 0 0 0 0 0 0 0 0 0 0 0 0 0 0 0 0 0 0 0 0 0 0 0 0 0 0 0 0 0 0 0 0 0 0 0 0 0 0 0 0 0 0 0 0 0 0 0 0 0 0 0 1 3.0602058850737293 3.5532835300277346 -2.6191668813113242 3.045550163264499 -1.6476670120693553 -2.614772015231182 -2.0604873152160885 -2.420411271713458 1.575101231548972 -2.0400350769594504 -1.3495102581709209 1.058557756933916 3.3538318597293797 -0.42612058679979514 2.331552105132608 -1.57753785846899 2.365813108126536 2.7783349311180947 -1.922566373769284 -2.2205309158563695 3.528750619683336 -0.08207258761357583 1.5914265117819373 1.7406108485660865 0.3041138946771748 -6.407665397301256 -2.242591885652891 5.058271136677614 -3.106835855237783 4.364048239573506 -4.70500070744593 1.2304504249849935 0.9208606469503261 0.7494875755201179 -1.7969675261341558 0.7855439484667421
0 0 0 0 0 0 0 0 0 0 0 0 0 0 0 0 0 0 0 0 0 0 0 0 0 0 0 0 0 0 0 0 0 0 0 0 0 0 0 0 0 0 0 0 0 0 0 0 0 0 0 0 0 0 0 0 0 0 0 0 0 0 0 0 1 -8.36704122403782 -8.268749048960734 -9.999716236099033 -2.1170174868929963 -7.668361712443971 1.2754430008490316 -12.60581064267351 -5.548787503304272 0.9121718797318917 12.266598424936925 -3.089068388773388 -1.4030494480739366 -1.5634618501466457 -23.40965817790831 -9.57376096709178 15.449955947191308 1.9707874389088116 1.2288803581386567 2.3166336736495543 5.266547150611549 -12.796718451934145 3.301885321684977 11.402092891270037 2.0962843562734585 7.481279436280322 6.214161575684266 -2.982973373025262 -7.408229294029204 12.246633652009745 6.286367479649006 -14.40316900519076 2.670379923143559 6.460515760319896 -2.8649407815303967 -6.44470447109137
0 0 0 0 0 0 0 0 0 0 0 0 0 0 0 0 0 0 0 0 0 0 0 0 0 0 0 0 0 0 0 0 0 0 0 0 0 0 0 0 0 0 0 0 0 0 0 0 0 0 0 0 0 0 0 0 0 0 0 0 0 0 0 0 0 1 1.0012485541219647 1.3285754224926327 0.19075760461409105 0.82092199960404 -0.10022695916334347 1.1844200362841026 0.582342314970328 -0.1587302038014937 -1.4901354696946763 0.4229900088664031 0.4152589524811542 0.23603074050888725 2.797004726543379 1.1278890182942307 -1.8689244495479613 -0.18793221875782493 -0.11425745506861852 -0.3780575388430605 -0.5040885520836863 1.5152480940657742 -0.2941123720196344 -1.205259851970344 -0.13922360152940746 -1.030884896215925 -0.6112598236106739 0.5361832379172449 0.6324805425949129 -1.2491851165447367 -0.9627398516168265 1.9004834319185977 -0.2654981443021649 -0.7594163353739218 0.44171872140723223 0.7011758877446521
0 0 0 0 0 0 0 0 0 0 0 0 0 0 0 0 0 0 0 0 0 0 0 0 0 0 0 0 0 0 0 0 0 0 0 0 0 0 0 0 0 0 0 0 0 0 0 0 0 0 0 0 0 0 0 0 0 0 0 0 0 0 0 0 0 0 1 1.0100006608529117 0.40806419718627746 0.6031183701606396 0.33932413004101114 0.10270423818717246 0.13479989918177934 -0.1664610485231247 -1.1424917690242085 0.4521635165470426 0.6746142595695652 0.653557712897997 1.4351817818720844 0.8714060092053668 -1.4016755942372396 -0.2855524457821848 0.21090806419024744 -0.1912217908862555 -0.6422699904420328 1.0144243228366296 -0.014223132689251999 -0.3624423970761086 0.1574977528770272 -0.4997237163607477 0.19995447507493258 0.22099219093002964 0.3036903788201886 -0.5392984121318788 -0.402643502126112 1.76882161901532 -0.4718404763956564 -0.5246433730943965 0.5781947325748014 0.19323770504357302
0 0 0 0 0 0 0 0 0 0 0 0 0 0 0 0 0 0 0 0 0 0 0 0 0 0 0 0 0 0 0 0 0 0 0 0 0 0 0 0 0 0 0 0 0 0 0 0 0 0 0 0 0 0 0 0 0 0 0 0 0 0 0 0 0 0 0 1 0.09986671949501096 -0.022553712774057384 0.07843361698300937 -0.3621071620041273 0.40384402980683826 -0.6597887522466072 -0.7303175626093563 0.42585467187034876 0.8129473681716544 0.9420264478633431 0.8786825361970644 0.0800858606365316 -0.06784310846433012 0.6032609485904382 -0.055720665069796164 -0.12914335257230208 0.0006602010164320635 0.5984210237965271 0.1717664532476587 0.5313335941707827 0.04547714823375752 -1.1924346261376628 0.16636461522118723 0.7812454689410661 0.11589001006400576 0.828067674340549 0.05094812759046036 0.90227730570845 -0.3801803844260945 0.0989159533443225 -0.2790295134315108 0.08413754544707784
0 0 0 0 0 0 0 0 0 0 0 0 0 0 0 0 0 0 0 0 0 0 0 0 0 0 0 0 0 0 0 0 0 0 0 0 0 0 0 0 0 0 0 0 0 0 0 0 0 0 0 0 0 0 0 0 0 0 0 0 0 0 0 0 0 0 0 0 1 1.9748486345789902 0.3245708026695556 3.0035056747159383 1.307308900997586 -3.7169829213624137 -6.564211535676224 -1.7560497695034631 2.369410439103426 2.884593921312176 5.363201810014549 2.303550038387506 -4.2646769697997 2.944205595623866 -0.33610358427905856 -1.214653639317591 -1.3089334762831155 3.30547819516428 1.8060054135219066 -1.4323597264094863 -2.005724997507023 -3.6115629246678815 -0.4128944313882475 2.4901810878633444 1.5432660062427621 0.13059843539241095 -0.057022706244608465 1.2628877700155905 -1.5104901071714325 -1.0527963597299521 0.4304134857548521 3.248751894609484
0 0 0 0 0 0 0 0 0 0 0 0 0 0 0 0 0 0 0 0 0 0 0 0 0 0 0 0 0 0 0 0 0 0 0 0 0 0 0 0 0 0 0 0 0 0 0 0 0 0 0 0 0 0 0 0 0 0 0 0 0 0 0 0 0 0 0 0 0 1 -0.044672690472439075 1.0302990530982208 0.22815239561556397 -2.3798025308215776 -3.614146120382653 -1.3521356888703167 2.5889801420200205 2.0930157949202792 3.749482463343313 1.3541184841414617 -2.99881836610698 2.6349307495554983 -0.03494769096812516 -0.7172421412122688 -0.1835091341973146 2.025904227403971 1.491990054756949 -0.15407280085730873 -0.6829333666479752 -2.7023438218746967 0.6643771276165988 2.564100195496073 -0.0015965046726099527 1.6289906396138532 -0.40532307862033556 0.9728774177988389 -0.15109279601198247 -0.47584852505990427 0.9670218147088357 2.7382248775323794
0 0 0 0 0 0 0 0 0 0 0 0 0 0 0 0 0 0 0 0 0 0 0 0 0 0 0 0 0 0 0 0 0 0 0 0 0 0 0 0 0 0 0 0 0 0 0 0 0 0 0 0 0 0 0 0 0 0 0 0 0 0 0 0 0 0 0 0 0 0 1 -0.3175254544971186 0.016157932369639517 -2.6943337065037793 -5.889436436188874 -0.8054339746456233 0.7367251974018152 1.259466068863489 2.5117621399696404 0.7227013196204998 -1.0446385886253196 0.9724880990005954 -1.0764096122454914 -1.0721084787771864 0.29629060889598874 1.9117524785636264 2.2043432192743992 -0.47143191132704054 -2.008761244857102 -3.726696762382439 -1.1764273424634142 2.118446454900872 1.0882454613300703 1.3484188317737746 -0.37216831738416467 -0.24883092704095003 -1.4998783972139418 -0.5408948414537772 -0.5330719826434703 -0.5222367476737023
0 0 0 0 0 0 0 0 0 0 0 0 0 0 0 0 0 0 0 0 0 0 0 0 0 0 0 0 0 0 0 0 0 0 0 0 0 0 0 0 0 0 0 0 0 0 0 0 0 0 0 0 0 0 0 0 0 0 0 0 0 0 0 0 0 0 0 0 0 0 0 1 -1.1604129547698476 -2.4950454772380493 -5.107025872267481 -1.8243367312818455 2.234580496201571 0.42676439315539205 3.8029474568162667 2.076524652427166 -2.933945411148684 1.145474211921307 -0.78115936261387 -1.3600210461277875 0.44473408606417286 2.2158156082197222 1.8954379314252916 -1.8944153171145304 -1.1062187665729648 -2.0645554606355305 -0.8147653801729533 2.48201282915694 0.11009435616122921 -1.1224353142422334 -1.9597434471782214 0.33596484800277754 -0.301978884714445 -2.610449424596403 1.352750777193696 0.2827464407190132
0 0 0 0 0 0 0 0 0 0 0 0 0 0 0 0 0 0 0 0 0 0 0 0 0 0 0 0 0 0 0 0 0 0 0 0 0 0 0 0 0 0 0 0 0 0 0 0 0 0 0 0 0 0 0 0 0 0 0 0 0 0 0 0 0 0 0 0 0 0 0 0 1 -8.774645966763371 -13.719897194892335 -3.6289829612499425 4.125638095475539 3.6444764391513194 7.789722307464273 2.0213497720120537 -3.61092494205756 6.383164871160766 -3.49171874436415 -1.095881654002393 -0.10475290136311513 4.765509872218727 6.559093173988755 0.40708735976395616 -4.434614032096078 -10.790412329209898 -0.5601930636625628 7.699489003969227 3.0670755454914054 6.068393623759398 0.9719060394557095 -0.824160600536482 -4.197998565545355 -0.6618342153440312 -0.709668926126978 3.266336986894026
0 0 0 0 0 0 0 0 0 0 0 0 0 0 0 0 0 0 0 0 0 0 0 0 0 0 0 0 0 0 0 0 0 0 0 0 0 0 0 0 0 0 0 0 0 0 0 0 0 0 0 0 0 0 0 0 0 0 0 0 0 0 0 0 0 0 0 0 0 0 0 0 0 1 2.629360091059857 0.19920419572844228 -0.9264143341152661 -0.834079926719827 -1.65312267181283 -0.8758523503805904 0.6907647182784382 -0.885433919224531 0.27242641653560423 0.4737578063729588 -0.09059992893429172 -0.8258054313086792 -1.0523879655450876 0.05949347374615937 0.3804844792664815 1.98698874139678 0.3712324124111789 -0.9606758461232828 -0.5098685304351267 -0.6590742995910337 0.28437547290310045 -0.4491928025788719 0.5940409568010094 0.476792939194582 0.026192809907943246 -0.2538264193659568
0 0 0 0 0 0 0 0 0 0 0 0 0 0 0 0 0 0 0 0 0 0 0 0 0 0 0 0 0 0 0 0 0 0 0 0 0 0 0 0 0 0 0 0 0 0 0 0 0 0 0 0 0 0 0 0 0 0 0 0 0 0 0 0 0 0 0 0 0 0 0 0 0 0 1 -0.40627953657960203 -0.35481995696829194 -0.19208197078938977 -0.5685033189484627 -0.8471552795129377 0.2947364128868014 0.15951075012068117 -0.3396493213505151 0.5643314546690941 -0.21000604384876131 -0.10750149646383941 -0.0815042209635621 0.2881792675867336 -0.16216499311614907 0.6909957155180967 0.4556149364443277 0.27359029893004944 -0.17029156982698226 0.39274515685797295 0.40014768165576936 -0.5015588925595506 0.18901481939508918 0.24740985140890476 0.06840174564257737 0.2620521730740272
0 0 0 0 0 0 0 0 0 0 0 0 0 0 0 0 0 0 0 0 0 0 0 0 0 0 0 0 0 0 0 0 0 0 0 0 0 0 0 0 0 0 0 0 0 0 0 0 0 0 0 0 0 0 0 0 0 0 0 0 0 0 0 0 0 0 0 0 0 0 0 0 0 0 0 1 0.34971871883708694 -1.6948493308984023 -0.5081408740704988 2.504613402317887 -1.2781528006474365 -1.8638874434971655 1.832620781732808 -2.2981358778486127 1.1934880042983265 -1.2801511356477104 -1.4302747759463668 -1.7274401758616196 0.5379439003058517 0.4418488700142692 -0.5081213476843204 -2.3718607782669916 -0.6358605639196405 -3.3913827955859572 -1.0269151750169254 0.16634153987416284 -0.12334996609137422 -0.26977132389669267 -0.1448405074504838 -1.3119344128937613
0 0 0 0 0 0 0 0 0 0 0 0 0 0 0 0 0 0 0 0 0 0 0 0 0 0 0 0 0 0 0 0 0 0 0 0 0 0 0 0 0 0 0 0 0 0 0 0 0 0 0 0 0 0 0 0 0 0 0 0 0 0 0 0 0 0 0 0 0 0 0 0 0 0 0 0 1 0.3599795788320583 -0.1609686722596494 -0.40663657481176807 -0.3106689884223597 -0.08501059291940682 0.6065289184431158 -0.3476476997769518 0.49894148555719675 0.6346828651255907 0.1000167584790461 0.016594113377178723 0.5018797300243639 0.5111777264835293 -0.35764117648394683 0.574288071796418 -1.0803913119484383 0.6367359784551304 -0.9712531806856535 0.4037315697649849 0.6250764306699168 0.6636267224776986 0.7737916885382873 0.969107300398694
0 0 0 0 0 0 0 0 0 0 0 0 0 0 0 0 0 0 0 0 0 0 0 0 0 0 0 0 0 0 0 0 0 0 0 0 0 0 0 0 0 0 0 0 0 0 0 0 0 0 0 0 0 0 0 0 0 0 0 0 0 0 0 0 0 0 0 0 0 0 0 0 0 0 0 0 0 1 -1.4452383126392854 -3.289119151556541 1.2988507315360378 0.45633092671584036 -0.2879582364152493 1.329348923571039 0.16064686503283934 2.0586227497627285 1.0983253296637512 0.8544634105393268 0.24881152926254646 1.1154659708482522 -2.1097535078248186 2.8165528485737674 -0.24908758376374915 2.873127179846834 -0.5135048408791993 0.021299111437691583 0.6316540614153919 2.1431154759262903 0.5504395571730687 2.0660054639566656
0 0 0 0 0 0 0 0 0 0 0 0 0 0 0 0 0 0 0 0 0 0 0 0 0 0 0 0 0 0 0 0 0 0 0 0 0 0 0 0 0 0 0 0 0 0 0 0 0 0 0 0 0 0 0 0 0 0 0 0 0 0 0 0 0 0 0 0 0 0 0 0 0 0 0 0 0 0 1 1.6139196781219207 -0.37315850106773446 0.17669646447779006 -0.07767286502455674 -0.12511686740501712 -0.1824132002181249 -0.8312486333795364 -0.23482937179140953 0.062483035463754805 -0.005748943120500278 -0.9921586300521181 1.1975546278436255 -1.1046570094880388 0.7264712778742178 -0.6692606022301184 0.6622647578961669 0.14027445415707387 -0.3247823976111235 -0.891073280428318 -0.2867342065606509 -0.6015006043468495
0 0 0 0 0 0 0 0 0 0 0 0 0 0 0 0 0 0 0 0 0 0 0 0 0 0 0 0 0 0 0 0 0 0 0 0 0 0 0 0 0 0 0 0 0 0 0 0 0 0 0 0 0 0 0 0 0 0 0 0 0 0 0 0 0 0 0 0 0 0 0 0 0 0 0 0 0 0 0 1 -0.3785001891733114 0.007922633518198817 0.25424822751099346 -0.08084488133907623 0.13916882957133744 -0.35272613502469174 -0.41355827845533516 -0.17533956466382672 -0.2050755703358435 -0.4182382217665432 0.6472312952425924 -0.8539087788904605 0.6621621068661944 -0.6050744924895046 0.5194221681446765 -0.1298375666527996 -0.26489153533412607 -0.48315779523626057 -0.5130289070682713 -0.4914194396556364
0 0 0 0 0 0 0 0 0 0 0 0 0 0 0 0 0 0 0 0 0 0 0 0 0 0 0 0 0 0 0 0 0 0 0 0 0 0 0 0 0 0 0 0 0 0 0 0 0 0 0 0 0 0 0 0 0 0 0 0 0 0 0 0 0 0 0 0 0 0 0 0 0 0 0 0 0 0 0 0 1 9.119376136833697 0.20823655768174135 7.40382423468127 -2.13959120598308 1.6763969091899413 4.242621275110186 1.5848523899806246 -1.4865757242179307 -6.959396128398391 -0.33076308711946145 5.010581850185597 14.40709635037052 7.484335293238288 5.7991822844974585 0.4633369046119939 -2.78705818589199 -1.0329961305537014 -2.8542493266283526 4.623031896227981
0 0 0 0 0 0 0 0 0 0 0 0 0 0 0 0 0 0 0 0 0 0 0 0 0 0 0 0 0 0 0 0 0 0 0 0 0 0 0 0 0 0 0 0 0 0 0 0 0 0 0 0 0 0 0 0 0 0 0 0 0 0 0 0 0 0 0 0 0 0 0 0 0 0 0 0 0 0 0 0 0 1 0.10000831621901146 0.5012176691869507 -0.21589760612927258 -0.03756491333394872 0.32361866682910084 0.1724664687441235 -0.2639098368908317 -0.48122578972708024 0.39873916016432187 0.17511247563927343 1.0126554890096597 0.5981907429647093 0.4903670547968825 -0.014936812602513597 -0.222510826647359 -0.004125299549535122 -0.16546626629404507 0.34606048695144176
0 0 0 0 0 0 0 0 0 0 0 0 0 0 0 0 0 0 0 0 0 0 0 0 0 0 0 0 0 0 0 0 0 0 0 0 0 0 0 0 0 0 0 0 0 0 0 0 0 0 0 0 0 0 0 0 0 0 0 0 0 0 0 0 0 0 0 0 0 0 0 0 0 0 0 0 0 0 0 0 0 0 1 -3.459320303510094 1.6550773016497573 -1.4686715333637586 -1.7404051460279963 0.43374694734549907 0.012790665614050152 1.6022379477695743 2.6571822436845096 -2.473689709902824 -3.84134793539786 -2.144537892147354 -2.068976788744675 0.862723723103739 0.6440811664038397 2.8133158925552606 1.4542003376119572 -0.7413560722991186
0 0 0 0 0 0 0 0 0 0 0 0 0 0 0 0 0 0 0 0 0 0 0 0 0 0 0 0 0 0 0 0 0 0 0 0 0 0 0 0 0 0 0 0 0 0 0 0 0 0 0 0 0 0 0 0 0 0 0 0 0 0 0 0 0 0 0 0 0 0 0 0 0 0 0 0 0 0 0 0 0 0 0 1 -0.49707509083313506 0.40637964085583006 0.3682065945024186 -0.22889060849811554 -0.0024454604019546492 0.007101149286042581 -0.5174662530591678 0.8224260277251051 0.9536819868718769 0.2062961640928743 0.7213047558438982 -0.320784129611062 0.010549538235854857 -0.6840721513904333 -0.34971703411158667 0.14580493681423198
0 0 0 0 0 0 0 0 0 0 0 0 0 0 0 0 0 0 0 0 0 0 0 0 0 0 0 0 0 0 0 0 0 0 0 0 0 0 0 0 0 0 0 0 0 0 0 0 0 0 0 0 0 0 0 0 0 0 0 0 0 0 0 0 0 0 0 0 0 0 0 0 0 0 0 0 0 0 0 0 0 0 0 0 1 -0.3041658661174878 -0.17410435856090656 0.8929507105271745 0.22915440498092676 -1.9031223471203746 -1.7896278266799093 1.605738251299016 0.7645758835103708 1.4957125945710026 -0.12783539129256638 -0.25489885623870906 -0.201265641508611 0.5235103848965665 -0.9496483042610829 0.2943713150819541
0 0 0 0 0 0 0 0 0 0 0 0 0 0 0 0 0 0 0 0 0 0 0 0 0 0 0 0 0 0 0 0 0 0 0 0 0 0 0 0 0 0 0 0 0 0 0 0 0 0 0 0 0 0 0 0 0 0 0 0 0 0 0 0 0 0 0 0 0 0 0 0 0 0 0 0 0 0 0 0 0 0 0 0 0 1 1.5766825823307264 1.709132253296881 1.2022423725416074 -3.1794041804995574 -6.871425893882538 6.681467238044334 -2.6146660219513667 4.937045429324144 0.7725906113771405 -1.3984883067799758 1.3489887988318763 -0.49208020997814944 -0.44782977268469154 1.958491542892139
0 0 0 0 0 0 0 0 0 0 0 0 0 0 0 0 0 0 0 0 0 0 0 0 0 0 0 0 0 0 0 0 0 0 0 0 0 0 0 0 0 0 0 0 0 0 0 0 0 0 0 0 0 0 0 0 0 0 0 0 0 0 0 0 0 0 0 0 0 0 0 0 0 0 0 0 0 0 0 0 0 0 0 0 0 0 1 3.741557981165198 1.2958082957651471 -6.476694732668042 -9.751929225101321 10.301932346465147 -4.694956407430203 7.380583663834318 2.053266233037269 -3.3054712978102314 1.4775282828398233 -1.287672733030038 -2.3914855379925246 1.3426397835371433
0 0 0 0 0 0 0 0 0 0 0 0 0 0 0 0 0 0 0 0 0 0 0 0 0 0 0 0 0 0 0 0 0 0 0 0 0 0 0 0 0 0 0 0 0 0 0 0 0 0 0 0 0 0 0 0 0 0 0 0 0 0 0 0 0 0 0 0 0 0 0 0 0 0 0 0 0 0 0 0 0 0 0 0 0 0 0 1 0.3888856475919895 -1.8208196845496645 -2.3558815045038317 2.7209748978595734 -1.1470706936362582 1.6298435975247783 0.778441015668365 -0.7541696247526242 0.4041419560473992 -0.6664850890436524 -0.8294676496962055 0.22166873386655664
0 0 0 0 0 0 0 0 0 0 0 0 0 0 0 0 0 0 0 0 0 0 0 0 0 0 0 0 0 0 0 0 0 0 0 0 0 0 0 0 0 0 0 0 0 0 0 0 0 0 0 0 0 0 0 0 0 0 0 0 0 0 0 0 0 0 0 0 0 0 0 0 0 0 0 0 0 0 0 0 0 0 0 0 0 0 0 0 1 1.266031095883017 0.06478235366629666 1.2858530892264488 0.13672172792934548 -1.7418432959436114 1.633804946820466 0.1736843928802136 0.48202264990939175 -1.7660141574165937 0.16845168682433506 0.06587614463363627
0 0 0 0 0 0 0 0 0 0 0 0 0 0 0 0 0 0 0 0 0 0 0 0 0 0 0 0 0 0 0 0 0 0 0 0 0 0 0 0 0 0 0 0 0 0 0 0 0 0 0 0 0 0 0 0 0 0 0 0 0 0 0 0 0 0 0 0 0 0 0 0 0 0 0 0 0 0 0 0 0 0 0 0 0 0 0 0 0 1 1.3143118333933703 -0.9991149253947967 0.11056118977613266 -0.9803732229912319 -0.07166457741802904 0.1932488459284608 -0.1771728411288647 0.27237108838008095 0.5853633781023443 -0.08842332481844006
0 0 0 0 0 0 0 0 0 0 0 0 0 0 0 0 0 0 0 0 0 0 0 0 0 0 0 0 0 0 0 0 0 0 0 0 0 0 0 0 0 0 0 0 0 0 0 0 0 0 0 0 0 0 0 0 0 0 0 0 0 0 0 0 0 0 0 0 0 0 0 0 0 0 0 0 0 0 0 0 0 0 0 0 0 0 0 0 0 0 1 -0.5086962303178785 -0.3590545200174202 -0.0942583264704753 0.15978376309794837 -0.1341924230339541 0.49512169055593325 -0.11362684020714287 0.08900765320472433 0.16142487728286123
0 0 0 0 0 0 0 0 0 0 0 0 0 0 0 0 0 0 0 0 0 0 0 0 0 0 0 0 0 0 0 0 0 0 0 0 0 0 0 0 0 0 0 0 0 0 0 0 0 0 0 0 0 0 0 0 0 0 0 0 0 0 0 0 0 0 0 0 0 0 0 0 0 0 0 0 0 0 0 0 0 0 0 0 0 0 0 0 0 0 0 1 -1.918937882067202 3.396688943297226 -1.7035187448104436 -2.1828151090542933 0.23095489245946535 -0.0525652295631823 0.08038906501336046 0.6041560175361705
0 0 0 0 0 0 0 0 0 0 0 0 0 0 0 0 0 0 0 0 0 0 0 0 0 0 0 0 0 0 0 0 0 0 0 0 0 0 0 0 0 0 0 0 0 0 0 0 0 0 0 0 0 0 0 0 0 0 0 0 0 0 0 0 0 0 0 0 0 0 0 0 0 0 0 0 0 0 0 0 0 0 0 0 0 0 0 0 0 0 0 0 1 -5.150995099106465 0.7939060680903739 2.1510927307735748 3.3853914976032633 8.494058040530371 -6.777098620070085 2.729339152811007
0 0 0 0 0 0 0 0 0 0 0 0 0 0 0 0 0 0 0 0 0 0 0 0 0 0 0 0 0 0 0 0 0 0 0 0 0 0 0 0 0 0 0 0 0 0 0 0 0 0 0 0 0 0 0 0 0 0 0 0 0 0 0 0 0 0 0 0 0 0 0 0 0 0 0 0 0 0 0 0 0 0 0 0 0 0 0 0 0 0 0 0 0 1 0.04061896297779736 -0.3898858483385251 -0.936468445215852 -2.343696428810637 1.6616206073091349 -0.8199546256456884
0 0 0 0 0 0 0 0 0 0 0 0 0 0 0 0 0 0 0 0 0 0 0 0 0 0 0 0 0 0 0 0 0 0 0 0 0 0 0 0 0 0 0 0 0 0 0 0 0 0 0 0 0 0 0 0 0 0 0 0 0 0 0 0 0 0 0 0 0 0 0 0 0 0 0 0 0 0 0 0 0 0 0 0 0 0 0 0 0 0 0 0 0 0 1 -0.1794886523796809 1.7208277369282965 -3.651612441142836 -0.3211768230577526 -0.8822775869727364
0 0 0 0 0 0 0 0 0 0 0 0 0 0 0 0 0 0 0 0 0 0 0 0 0 0 0 0 0 0 0 0 0 0 0 0 0 0 0 0 0 0 0 0 0 0 0 0 0 0 0 0 0 0 0 0 0 0 0 0 0 0 0 0 0 0 0 0 0 0 0 0 0 0 0 0 0 0 0 0 0 0 0 0 0 0 0 0 0 0 0 0 0 0 0 1 4.176643771850888 4.979520602970336 -2.0011879203862235 2.985434546667004
0 0 0 0 0 0 0 0 0 0 0 0 0 0 0 0 0 0 0 0 0 0 0 0 0 0 0 0 0 0 0 0 0 0 0 0 0 0 0 0 0 0 0 0 0 0 0 0 0 0 0 0 0 0 0 0 0 0 0 0 0 0 0 0 0 0 0 0 0 0 0 0 0 0 0 0 0 0 0 0 0 0 0 0 0 0 0 0 0 0 0 0 0 0 0 0 1 -0.04786342494434566 -1.010253972447317 0.29264595058725973
0 0 0 0 0 0 0 0 0 0 0 0 0 0 0 0 0 0 0 0 0 0 0 0 0 0 0 0 0 0 0 0 0 0 0 0 0 0 0 0 0 0 0 0 0 0 0 0 0 0 0 0 0 0 0 0 0 0 0 0 0 0 0 0 0 0 0 0 0 0 0 0 0 0 0 0 0 0 0 0 0 0 0 0 0 0 0 0 0 0 0 0 0 0 0 0 0 1 0.4129504971937449 0.3790114549104591
0 0 0 0 0 0 0 0 0 0 0 0 0 0 0 0 0 0 0 0 0 0 0 0 0 0 0 0 0 0 0 0 0 0 0 0 0 0 0 0 0 0 0 0 0 0 0 0 0 0 0 0 0 0 0 0 0 0 0 0 0 0 0 0 0 0 0 0 0 0 0 0 0 0 0 0 0 0 0 0 0 0 0 0 0 0 0 0 0 0 0 0 0 0 0 0 0 0 1 0.3822668293281054
0 0 0 0 0 0 0 0 0 0 0 0 0 0 0 0 0 0 0 0 0 0 0 0 0 0 0 0 0 0 0 0 0 0 0 0 0 0 0 0 0 0 0 0 0 0 0 0 0 0 0 0 0 0 0 0 0 0 0 0 0 0 0 0 0 0 0 0 0 0 0 0 0 0 0 0 0 0 0 0 0 0 0 0 0 0 0 0 0 0 0 0 0 0 0 0 0 0 0 1
