5.013552787450290538e+01 3.522251852334776778e-01 7.027605063740471891e-01 7.057030920786766526e-02 1.711161959211235928e-01 1.345134775063688837e-01 2.083044787294965339e-01 9.900041319533726680e-01 9.809544637982169357e-01 5.893358479650504522e-01 6.367911919052787750e-01 5.973908722186385134e-01 1.403859795971039715e-01 2.209420952445526609e-01 5.427712813617117105e-01 6.715345261751924921e-01 1.559750416040140975e-01 9.695374866426047511e-01 1.265307562260500340e-01 3.534379576942442425e-01 9.854268885408697942e-01 9.524284763450331370e-01 3.284835814107112117e-02 1.727997845643702846e-01 4.076944542233411628e-01 2.912838023019921341e-01 6.591459729683365465e-01 9.328491401125851290e-01 2.987704032707868551e-01 9.470070835203885373e-01 1.317901954721126812e-01 8.848396865492467178e-01 2.228652490845077772e-01 6.647228873104618074e-01 9.077342742487304328e-01 5.247400182132644364e-01 2.994370695001358218e-01 4.402216147614804731e-01 1.533671430313837680e-01 1.897993833792726015e-01 9.233813258585233941e-01 5.768120269100366349e-01 1.001543323156262044e-02 7.129169287282770551e-01 8.296480153394311108e-01 2.560976880046758053e-01 1.149960057959839022e-01 3.192222593355508176e-01 2.860490957339494322e-01 6.304339133173494369e-01 4.086808098737693129e-01 6.693387465402135250e-01 5.360757279948356047e-01 4.328573022112529589e-01 8.717069803844821330e-01 9.492602917176475863e-01 9.718409154035151376e-01 8.338400254164803904e-01 1.973121105603103942e-02 2.706931680055369993e-01 7.124217734883502295e-01 6.374400144013111502e-01 4.863341289922391564e-01 1.877341014662524676e-01 9.248061609101297931e-01 9.938977042908381243e-01 8.604280951902945063e-01 5.313196096575678595e-02 1.397231366456417323e-01 3.708275233842177609e-01 9.587741667218691033e-01 3.910435309279169935e-01 6.375555547597450134e-01 7.646015147028317749e-01 5.576226869640712458e-01 3.052918688574978168e-01 5.414136828257883893e-01 3.394306770501390735e-01 4.701751341584570199e-03 6.926538303339881963e-01 3.481892354969037262e-01 9.071645921460570472e-01 6.982595190026700260e-01 3.431946959267136998e-01 4.141181360058510119e-02 5.760639589501426183e-02 6.669194632109493037e-01 4.164979442274949761e-01 3.147835619168702914e-01 5.227760946458072100e-01 7.176542153663424406e-01 4.061829150778752950e-01 3.270192343783827615e-01 7.847515610689924648e-01 5.398081275905560750e-01 3.900960903119157219e-01 9.551450235133455147e-01 1.769091611770932104e-01 4.268405880866202873e-01 1.044551809932048325e-02
1.970612581918174122e-01 4.653859632300765270e+01 9.356239198036472304e-01 9.099057979199951518e-01 3.003615536449948387e-01 7.725576189113687597e-01 2.136872505768022679e-01 5.048560799108470221e-02 4.758043675370786652e-01 1.629692601849367373e-01 5.691456930365756950e-02 1.068958214216797487e-02 8.971300809638720342e-01 1.685125309312710540e-01 4.615631897593053257e-01 7.920425151744866499e-01 8.351127526586901162e-01 7.354964476980729859e-02 2.882308759353574557e-01 7.997809518832640352e-01 9.802058475931446635e-01 6.865850794797374590e-01 5.109516839898401441e-01 2.806630863787227259e-01 2.881960409404343837e-01 1.934032702171684104e-02 8.883667762264255696e-01 6.650369319806812562e-01 3.611561340276279175e-01 7.825057647869421151e-01 8.070759668819259547e-01 6.488421437490951016e-01 3.001587014632530748e-01 2.728367676871266134e-01 9.152202967165014025e-01 4.098910081162594476e-01 3.204828101451528966e-02 5.970773473978630008e-02 2.851981950218618334e-01 5.913021453750351153e-01 7.152600184703938879e-02 5.591153213429211899e-01 8.757994615497921576e-01 3.310329336127992850e-02 2.982889832625934545e-01 5.610986324161770789e-02 7.477852005774426880e-01 2.966744749185373786e-01 4.876493045472066745e-01 1.900773524977239504e-02 1.234165172599999138e-03 1.039902685086179224e-01 2.259811880337961876e-01 5.138828307290310704e-02 9.442185813990365828e-01 5.446653617040378981e-01 3.792062930855457648e-01 8.110060686749609449e-02 6.892689368943422101e-01 1.324607629530252240e-01 1.509317732285246905e-01 3.301615354079618925e-01 6.501263795754422814e-01 6.233958275716016129e-01 7.453697384200255183e-01 9.436612565585911216e-01 8.512150794996072856e-01 6.705599887369447787e-01 8.250237524399353095e-01 6.774547936348152000e-02 3.698723863986433935e-01 6.631859702948157409e-01 3.158378873083689253e-02 4.077903364290008659e-01 2.830044705936651805e-01 1.664457451766667706e-01 4.420154841556267478e-02 7.943751457283526607e-01 9.726241616555816316e-01 5.351933078060988613e-01 1.102355276742089663e-01 3.887581109452036277e-01 3.005506624483031963e-01 5.483201694225909861e-01 6.448461409211306838e-01 6.746283704559042915e-01 5.632665815790686148e-01 9.288112138210532498e-01 1.384180534085770464e-01 9.292718937237766097e-01 3.955858488608666734e-01 8.421108016285262510e-01 7.049410354564391579e-01 7.200016642545132850e-01 1.178378278229946785e-01 3.513480075142358938e-01 7.780983447079511395e-01 8.124870135080786149e-03 6.719163382222232972e-01 3.546776474323716233e-01
6.312076004428016640e-01 6.568093608515102044e-02 5.389991418201514506e+01 3.124473145294831555e-01 3.371051859255033145e-01 8.581515026262224177e-01 6.504432883982262936e-01 9.255410191655042418e-01 9.670920779811270629e-01 4.708390095487023919e-01 9.097326719358613811e-01 3.646943549271145502e-01 9.744831300112775097e-01 3.694194154482028924e-01 5.793762939391897682e-01 2.273665866160968774e-01 8.596938639288200790e-01 4.831950524721710938e-01 5.406661749975159026e-01 7.348759601241217077e-01 8.483479152474664442e-01 5.450178737917311667e-01 7.431306068642289375e-01 8.214002417981940418e-01 9.571294927488801507e-01 7.546656201406590769e-01 2.754277080948276391e-01 9.581848911068887586e-01 4.366579887486680134e-01 6.824324418074767529e-02 2.541213791294208990e-01 3.852071393839764379e-01 6.478983184900587444e-01 6.678251428955830349e-01 5.833844173411260048e-01 1.659198770717487115e-01 3.342146238682996984e-01 6.967762510515196350e-01 4.225754898256950387e-02 4.316673313727823480e-01 6.181256784718365260e-01 7.671694206339969568e-01 8.169151923883021249e-01 8.977311213309350224e-01 3.467828621110805587e-01 1.834043568312527794e-01 4.871639564850217541e-01 8.044525735320668947e-01 8.676054423260759485e-01 3.783856928027791167e-01 5.791028418704738945e-01 6.465811779125617553e-01 2.281548950172208601e-01 5.388661440653497170e-02 7.998955335302060377e-02 5.784547267738253673e-01 6.679594512886122271e-01 3.144781525771671582e-01 5.137232792774004686e-03 1.340657968936864730e-02 8.306684474002239416e-01 2.894184910505237518e-02 5.056936384270944718e-01 6.955086744852712055e-01 3.118309914576361530e-01 3.727289379319040918e-01 7.986466819501392145e-02 5.977775892596356444e-01 5.718632848645166522e-02 4.723415132049725296e-01 6.179601489998475250e-01 7.723335530256234538e-01 6.883526505746321300e-01 8.702876986359513456e-01 6.999081711755417157e-02 9.519605984930217257e-01 8.086080340635123376e-01 2.989612836402214535e-01 9.807447762443441963e-01 7.299076146334491089e-01 8.749072020063036748e-01 6.478498531062026888e-02 7.243934379955200287e-01 3.419677215248440039e-02 8.525056713334490111e-01 7.648386193820941870e-01 4.986316717153373990e-01 4.551671502387331092e-01 6.188652897011729381e-01 8.897986328639595488e-01 8.504829824548703066e-01 2.789127294444395666e-01 3.753112896865107295e-01 5.915248890430456763e-01 1.194534526911986694e-01 7.457342760750076405e-01 9.378454738609909302e-02 4.473792531599849465e-01 4.893069971251789996e-01 5.753406602434300021e-01
7.591788471087758117e-01 9.175959081604908585e-01 3.441652831508325017e-01 5.103888035238733067e+01 8.557704864100880160e-01 9.977139901017447743e-01 2.152077079041707641e-01 9.361573125682601804e-01 5.631151869647396113e-01 1.152293039769739513e-01 3.375004053236408952e-01 5.750260536298664737e-01 1.678464359130542594e-01 5.130781128457928553e-02 6.108379309375439048e-01 4.255880882169642554e-01 4.143158995223515939e-01 4.640246446499614041e-01 8.448907634372767594e-01 5.088559314367879782e-01 8.141153165527484914e-01 8.746611191193756074e-01 2.289642982352882994e-01 2.046013259759358327e-01 7.927534199186798691e-01 1.810216152352461805e-01 4.944604246299172390e-01 5.919765016022080495e-01 5.488090761409541996e-01 9.664112902565334950e-01 1.878511006856474763e-01 6.993934350259283228e-01 7.683746916352389711e-01 8.789332781005287920e-02 9.677186547037071040e-01 6.722573260649360449e-01 9.340749461271000698e-01 3.396627172234796266e-01 9.387983109954373129e-01 1.063815834215036116e-01 9.680763287907745429e-02 2.855953767697935186e-01 3.278211838631952535e-01 2.035787694763023792e-01 9.659910289816228124e-01 1.657980538826191452e-01 7.810022422211696513e-01 6.248842979383499863e-01 5.969831525578429554e-01 1.260070288449882669e-01 2.763877918301937964e-01 9.133465994725759041e-01 4.505237830208351779e-01 1.369828545391328367e-01 1.248857767980307010e-01 9.462695615508021074e-02 5.615776569811172791e-01 6.078777059333698718e-01 1.389724644249181740e-01 9.354557768174524002e-01 1.505053233696612702e-01 5.600763652192086717e-02 8.682259363013021813e-01 6.753213252610293926e-01 7.886013224772414620e-01 3.629571169471739189e-01 7.133805468597278487e-01 1.729652876852346699e-01 7.004149109804469475e-02 7.791882744497141688e-01 7.275713349769464822e-01 2.515755105413197690e-02 8.399898070707518816e-01 3.492998891316445587e-01 6.275740004066876487e-01 4.920271028355804876e-01 2.471097955372406618e-01 6.411284143432784965e-01 4.256468246009567080e-01 8.677452464337687132e-01 5.982822032016753555e-01 3.245240589826443589e-01 3.267039615770989114e-01 1.520535938660315667e-01 3.948242549962290848e-01 8.647277585777590758e-02 8.596437798374850781e-01 1.215825809349395659e-01 9.535293477011002050e-01 6.181553696401194120e-01 4.935052490399418623e-01 4.245688485866146999e-01 8.096003861831120307e-01 5.070084212439570637e-01 9.918014325046841106e-01 2.224240166333483204e-01 9.461206899390584013e-02 7.305123201981822412e-02 7.446054191136618483e-01 7.115110242564502974e-01
3.775860360501129831e-01 9.647190700109167238e-01 6.811769592544115737e-01 3.409464947178181271e-01 5.327086758488854912e+01 2.442200191851955360e-01 7.144664261636232139e-01 6.110071622785921974e-01 5.821140254593799579e-01 9.206145230867119889e-01 4.249074256633684765e-01 4.787956826736226024e-01 3.704463277335485749e-01 9.876899993198137162e-01 8.926887119869961751e-01 5.746953712971778483e-01 7.813040374123103593e-01 5.238634225229193975e-01 7.992617362061378294e-01 8.812231334463636045e-01 9.175712422699047188e-01 4.701697321213260672e-01 1.909737781966540648e-01 8.913421486125293614e-01 7.762378729961803003e-01 8.205831893020970602e-01 2.240339052000196451e-01 9.890529940487394756e-01 4.633193210802019069e-01 7.530561612590633835e-01 7.398447848732355725e-01 5.551981487054478137e-01 2.403818093103788911e-01 3.301646712099265413e-01 2.852075058125639329e-01 1.577427213469067002e-01 5.140637027049955732e-01 2.245718887914267548e-01 8.027720914857947587e-01 3.695559435080979505e-01 6.717640256382766406e-01 5.002276147238965409e-01 8.224962204946731914e-01 3.188084492915647106e-01 3.301215323481909714e-02 2.614344465877090906e-01 7.044492366952812556e-01 7.459140958339317562e-01 9.533137097584581943e-01 1.087422052524644744e-01 1.033578104443376722e-01 9.465457767854139615e-01 6.815909591233118014e-01 7.158115847335825288e-01 8.975489949119477284e-01 7.299668687937571621e-01 8.944283894313672656e-01 6.945748559918032417e-01 2.568805097383356495e-01 1.051758135221930734e-01 6.201441584783962124e-01 4.295756896967993788e-01 9.815505191423027354e-01 4.523966403239552125e-01 7.317588877532145153e-01 5.668418368324975587e-01 1.611264467243458398e-01 4.799948496059794900e-01 7.299464615873141327e-02 8.593333170636158203e-01 1.657581930992990671e-01 1.874035616066742627e-01 8.247225644059514860e-01 6.087203060900816531e-01 1.253435506828635138e-01 2.932895206189711779e-02 4.424962891125963083e-01 4.684846779890956547e-01 2.740308602025559592e-01 5.592501262660736217e-01 7.760679201718796438e-01 4.509603193654576625e-02 3.938641699545156749e-01 3.668250970285035217e-01 4.623544530714140954e-02 2.654295479237224198e-01 9.424843252663388515e-01 9.437064759472407749e-01 8.494588061145247337e-01 5.290334929416279364e-01 3.507464605298252769e-01 6.768123858708048335e-01 3.747097898104104763e-01 9.987617095580980653e-02 7.653875180079094953e-02 3.609500196745567546e-01 1.396528763897534331e-01 1.652717773781279265e-01 1.345891571519101104e-01 7.322220569530244472e-01
2.196993129875097761e-01 5.247459439166184403e-01 9.231989075084802154e-01 2.806280394620035423e-01 5.552744753249722054e-01 4.863351484343475306e+01 5.306091923948673683e-01 3.917870573898186715e-01 3.089828201476814140e-01 4.377258114733255656e-01 1.223127208444209080e-01 1.935833415611694086e-01 3.292980676653578520e-02 4.375316999208499480e-01 2.982844858215423223e-01 3.873242423283457248e-01 8.321418266581205314e-01 3.534605880242636111e-02 8.358159834114194942e-01 5.020819826167676192e-01 3.025694060760505399e-01 1.749096067218437467e-01 7.400977536311605931e-01 1.518848403612779174e-01 8.589997436247465146e-02 7.580038621574973767e-01 6.959366942934550604e-01 5.094547358291112715e-02 7.739997228898242154e-01 5.106534223615853962e-01 9.964113668410280455e-01 8.475997984387473316e-01 9.938980622701071299e-01 4.651282695712488646e-02 2.835697110580320812e-01 4.037320294269010068e-01 4.110503862327616886e-01 8.520672803911288895e-02 6.378111931166799975e-01 9.290390433352521127e-01 8.658083511381667874e-01 7.302629172151686721e-02 3.326601615580485616e-01 5.039608131320912898e-01 9.961507472144626174e-02 3.326610438819619375e-01 1.034137067053696457e-01 5.136993708987803720e-01 4.925238404193010844e-02 6.956790752042109061e-01 7.484781542649323605e-01 8.652643086893099245e-01 1.113226120426658028e-01 8.394636342570456211e-01 6.806477619801076795e-01 4.457522938434387294e-01 4.431521840307485194e-01 6.194518238232326057e-01 7.487947715217770916e-01 6.343877630731268313e-01 2.256810481463692453e-01 1.876567589059195962e-01 3.239302187732679972e-01 8.481849240576921911e-01 8.321696267456462071e-01 5.351903580402832539e-01 5.118384727805499468e-01 7.992120545215686267e-02 2.569316915940504931e-01 2.798608670843872881e-01 2.580525977883151301e-01 8.762798517360866901e-01 8.444040718167727944e-01 7.625512364145471400e-01 2.752911926691521405e-01 5.149327253878982491e-01 5.685878302734934664e-01 4.001560072085993403e-01 3.616162218394478600e-01 2.956051117453872834e-02 5.135948244373689242e-03 5.216756485921482112e-01 9.766775559013286534e-01 3.718827795477858134e-01 8.260197996230169704e-01 3.429008387807711555e-01 1.646457420718951958e-01 2.286043941055831974e-01 4.909518942219033288e-01 5.220197027332059703e-01 1.810155507238064843e-02 5.477361210156660443e-01 7.524170874744012805e-01 2.924139311713601641e-01 8.604885362889206357e-01 3.387817722225595629e-01 6.857522356964167454e-01 9.495487079450495305e-01 7.072107420605219241e-01 8.709531229128553154e-01
3.797072905152834021e-01 4.525049934712876976e-02 3.767597357238975375e-01 5.957194520360153955e-01 9.405111172672957487e-01 8.409381011561118946e-01 5.381176412779995388e+01 2.560495846749674120e-01 9.891283224223639259e-01 1.870437155590487510e-01 6.279298777546357124e-01 4.443106055547400013e-01 4.066390814884751626e-01 7.283086530214649690e-01 7.767619032021660930e-01 6.077038034576637271e-01 3.118305648844352795e-01 8.154438437180802079e-01 2.836749689027664445e-01 6.183366984498200880e-01 3.556881213872383762e-01 2.715024726447469172e-01 7.126641329411245174e-01 2.094132980003694522e-01 4.838538433917471959e-02 1.642573562003287746e-01 9.881156128727288657e-01 4.297478106764639483e-01 1.132683481725407226e-01 6.741867276774093920e-01 6.966061618843191194e-01 9.931778154240122891e-01 7.659938506262591318e-01 6.578127428901013873e-01 9.210490752563862404e-01 7.651676535302398552e-02 7.893954694097632396e-01 2.142664765690280859e-01 4.613717376986089524e-01 4.181057406238901653e-01 4.743658561519503714e-02 9.817632416510069238e-02 1.935443650148105377e-02 9.048145747295524011e-01 9.654080569172958093e-01 8.291635025220031041e-01 4.000491890375923454e-01 4.272332589054265162e-01 1.815898214029378899e-01 5.106950138462003075e-01 2.778252267593388503e-01 4.646359269686076710e-01 8.122590016326660667e-01 9.155981604576769461e-01 5.032228398767214506e-01 1.633336190184209169e-01 1.636489842423850538e-01 5.754276690842538011e-01 5.652340499962077436e-01 5.063395482778850765e-01 5.860767699955460319e-02 9.247238966609572230e-01 9.620639454501331844e-01 9.133314111917831823e-01 3.001004279382512019e-01 8.639167898277327895e-01 6.031794557299752224e-01 8.455876814607066194e-02 1.910704358224927235e-01 7.395755264193308864e-01 8.353407718933094639e-01 6.334189945014838674e-01 8.551776727199656980e-01 6.387757490013270534e-01 8.328335377007768381e-01 4.179218552624137661e-01 2.920907915644014308e-01 1.679026037331790011e-01 6.250220652321558656e-01 6.826210244175334729e-01 8.402602724283804170e-01 9.870851115735802539e-01 5.595285492377592984e-01 1.466050776159413260e-01 4.709298522781989460e-01 8.255397442959205856e-01 5.854557881956100607e-01 9.974099193892174142e-01 8.943269484333247199e-01 4.432306683764983823e-01 5.468891829719672026e-01 2.640462878018641213e-01 2.621423747398701209e-01 2.536637262652623459e-01 3.247629826456920332e-01 4.428694242587647434e-01 1.633690628094002228e-01 5.544180405997941596e-01 9.120162875372501698e-01 3.194197072317499497e-01
4.709826900640563530e-01 4.007890164839815750e-01 9.012613075047487543e-01 3.433456752603752937e-01 7.527702018599863321e-01 8.393152123723628399e-01 8.172866807055461091e-01 4.852143575374481088e+01 5.395715115818240371e-01 3.302521939673297435e-02 9.434655711775105091e-01 4.973857081365143928e-01 9.063030824503824912e-01 8.138677628067803038e-01 1.605018488478584526e-01 3.621665152567474788e-01 1.771028339268206908e-01 9.042206527780074499e-01 7.783562865978259637e-01 2.759462984174698708e-01 4.195878250997306935e-01 9.704659526979469986e-01 2.221848500333900578e-01 5.707710017506378852e-01 6.867924486304369802e-01 4.755428837397723818e-01 3.525506418432056144e-02 6.793520056827961895e-02 3.808086888221350330e-01 2.339625786830453746e-01 4.990784968178150205e-01 8.917311947032218189e-01 4.863360342711402495e-01 1.453553575487003258e-01 3.583468961376478079e-01 2.481736141422719033e-02 5.091751278116241064e-02 1.658273638610504586e-01 8.044510783592645486e-01 7.012753014322714584e-02 8.480377009570478908e-01 6.259986745056080881e-01 5.497203104333758805e-02 2.285952625493262724e-01 8.843399305978358882e-01 1.367152521337335891e-01 4.272456705742926353e-01 2.169975411076766614e-01 1.797545817270228552e-01 7.087802474252687945e-01 7.006028990758418340e-01 7.993630575939550953e-01 7.313204122115907202e-01 2.560293977029426404e-02 1.170917888631904935e-01 5.423026846134652024e-01 2.251390193746006796e-01 7.802045522085407914e-01 4.657672583027758773e-01 4.110334787240911281e-01 8.693487050304710140e-01 7.174921564513376815e-01 5.081808008667926257e-01 5.894746975280240608e-01 6.345475442563931479e-01 6.952335495494608164e-01 6.874847580865441898e-01 4.686254854163094397e-01 5.494574262342906135e-01 2.601408346487353862e-01 3.243065430268926574e-01 1.470708952933332814e-01 6.544049920805160570e-01 5.142823797501641092e-01 1.929923746616515334e-01 4.702403280193198087e-01 5.824697733125036025e-01 2.572956648424553627e-01 6.303119783917046082e-01 4.298063835757643947e-01 1.441633866654856710e-01 7.556766963234845536e-01 2.487867172879540956e-01 8.607806154113346597e-01 7.519796056337904044e-01 6.414590537240398849e-01 8.715213175294598269e-01 6.679631831423515909e-01 8.832481174390625078e-01 3.380509139147294118e-01 2.366593172788087340e-01 2.366996556198432966e-01 5.228960302493176338e-01 3.965264685393712352e-01 3.361024234233619401e-01 5.801668446126256873e-01 8.680814970097061600e-02 5.005819033403858809e-01 3.316576401978671429e-01 2.573176705812045828e-01
2.353725503892388771e-01 5.599897706318534008e-01 8.992383637696219623e-01 5.989937153645430445e-02 2.545384698703540005e-01 9.773733425215276327e-01 2.979949142329383349e-01 3.858559275724308124e-01 5.104794820200064720e+01 5.332875460601324002e-01 4.864549560772365444e-01 1.548328875379550995e-01 8.687029095432579062e-01 5.011218112419876247e-01 2.256427558493783181e-01 4.218411520620258814e-01 7.935752946167304867e-01 6.393486708893288961e-01 7.474448859403508560e-01 9.613476424999702896e-01 8.845365441909502913e-02 4.335429570387306919e-01 9.525764797783271565e-01 8.752252415980452671e-01 5.237584226233691354e-01 9.109411801689818455e-01 7.293656765841084466e-01 6.503662191755696931e-01 4.960514680534335863e-01 7.254478737344710604e-01 9.189380924732992728e-01 5.848161812800076742e-01 4.422639631069035238e-01 3.958666378203601344e-01 6.413262805474260198e-01 1.278547050370191229e-01 5.243339521663946678e-01 2.037221029262530347e-01 6.432999605837350643e-01 6.314297659685402797e-01 8.770614017467426304e-02 4.191006315040151087e-01 5.978449268406983430e-01 2.496701954928315370e-02 2.648473813307109515e-01 3.964084865587441664e-01 4.819667651497256955e-01 1.987481379330486853e-01 6.389152407094509378e-01 7.092358180519843236e-01 4.508349282292462012e-01 4.927592880146358656e-02 7.606766063853107607e-01 7.607648745183323014e-01 1.964347515068748384e-01 4.371735895908577252e-01 4.098529437907234563e-01 7.223879957444399036e-01 1.461402198907826300e-01 8.860919259931021585e-01 6.496241343777453547e-02 7.339865088378852986e-01 5.787511994389660241e-02 2.120700271039357432e-01 9.574636955004484085e-01 8.166966876341426040e-01 3.547683885894172828e-01 1.016195704180340442e-01 9.284871110766569346e-01 2.666829293275260193e-01 4.887647590255768115e-01 4.040117640811282662e-01 6.163018075634636439e-01 1.712164995408688162e-01 5.320425122396721385e-03 6.400496940470553620e-01 8.017809138601568186e-01 3.899960290687443099e-01 9.456096055872468265e-01 8.129610628411786388e-01 4.843859693718333137e-01 1.321432215474768190e-01 5.520771069649584861e-01 5.690987849684507882e-01 5.463038071410668550e-01 9.206381777154025725e-01 6.270957421934161280e-01 3.869689310785783265e-01 5.517529796163471723e-01 8.549246092709229528e-01 6.147181618483218424e-01 5.952102404153718496e-01 1.120610286228144181e-01 1.464267973248235544e-01 1.076965922636383688e-01 2.556155753992811475e-01 4.876581087240871026e-01 7.187429822512487743e-01 4.011645919948807482e-01 5.296974445430234768e-01
1.281588141392654423e-01 4.915545804118937046e-02 4.180056282810106216e-01 6.438015472203884038e-01 4.560787259335877808e-01 4.953411336627637773e-01 1.402630292482032193e-02 2.251208016213528396e-01 8.065841644975855207e-01 4.702116778714207612e+01 1.685804146233929046e-01 7.267705851508643455e-02 3.158671383461297832e-02 3.445322392264479339e-01 1.456041853364989924e-01 4.655020354044642206e-01 5.727423630226931017e-01 1.882778396715042435e-01 2.593046514343153586e-01 4.884607875076691919e-01 1.189653536540508094e-01 9.835833542642902216e-01 2.853487503988670904e-01 3.204198108057798589e-02 5.156927303204720259e-01 4.226845111001060751e-01 3.358464727290573215e-01 4.597119124719901695e-01 6.146603342499638023e-01 2.287752594871196310e-01 5.682738039882385683e-01 5.663621900061472925e-01 3.400930612819751397e-01 1.301619974596878171e-01 3.664903706504820668e-01 8.749528536016022429e-01 8.069003702995725114e-01 5.158318343714456411e-01 5.072985065365016588e-01 9.754236173462101922e-01 1.889922202473197643e-01 1.815224346388176757e-01 9.822926439130434950e-01 6.777004256484653322e-01 8.274596337657543765e-01 9.207392259476976371e-03 3.115784937340516647e-01 7.044610641525923533e-01 5.716396332138961034e-01 6.965268534215026675e-01 8.004863427332370440e-01 9.551054370095335422e-02 5.512797083424353373e-01 8.888754847707588391e-01 9.541301071066032868e-02 9.529807127562324176e-01 2.388875871051989730e-01 2.705117624370811935e-01 5.938860490898565381e-01 8.984909713297537515e-01 3.773471816626220443e-01 8.269382884602858308e-01 9.321240039779887798e-02 4.810320516998509710e-01 7.551069465747349829e-01 5.035748861859264958e-01 7.186204699804887852e-02 9.584801750767014683e-01 8.767409202811138336e-01 3.525137181580865198e-01 3.421927120599232985e-01 7.304595445023286393e-01 3.897354110118702586e-01 6.193925312240680103e-01 7.626009831525021321e-01 9.494510985849282658e-01 5.157674449973821407e-01 6.086124766148106602e-01 6.196993120550664536e-03 2.105194754526201750e-01 1.736647212911037741e-01 3.047906307143938287e-01 2.486936959353560628e-01 2.177964604737573362e-01 2.630423651381732508e-01 5.450803495326519421e-01 6.395292851639051701e-01 7.822701040441096820e-01 3.966610303232832591e-01 5.041486494899504178e-01 7.257045227469572923e-01 8.309662064047426133e-01 2.916233459180683774e-03 5.435986540517134813e-01 7.122843891751101664e-01 2.045804122398028335e-01 7.906961577283437848e-01 9.106462063712126298e-01 2.719006626468156718e-02 1.759154062603275337e-01
6.608568722333998391e-01 3.362687600818066169e-01 5.484647384771883516e-01 9.560529620444325749e-01 7.473084240739242823e-01 9.328202591092558116e-01 3.351586638975287968e-01 3.578430551869060672e-02 3.895300347948089659e-01 8.794393498049211111e-01 5.394897266896568766e+01 5.376769936978369469e-01 6.355960739705656115e-01 3.435357596132935232e-01 4.128110324489803196e-01 3.657384288936053052e-01 2.182846210682517496e-01 9.521406438567691088e-01 8.692250050245143855e-01 6.832466942298437429e-01 7.459783580451194718e-01 6.892694577750601015e-01 5.591348400622061510e-01 5.002097793277168192e-01 6.826296655579507933e-01 4.097665834818039476e-01 9.525282573731495006e-01 6.500819212123564173e-01 9.284310973005547307e-01 1.795082616208446558e-01 1.840817215092666048e-01 6.528789608580154447e-01 4.318750284162310438e-01 1.570436037168585486e-01 4.402192167689232827e-01 6.681423867537128469e-01 2.638218385255797216e-02 8.198812516246545279e-01 6.786592436759842917e-01 1.647042630014491360e-01 4.624257380852166976e-01 3.757954574907295120e-01 1.560929301649912615e-01 6.140541275795350362e-01 9.917772082685111235e-01 1.181725937228093049e-01 7.884336811476009288e-01 9.851366679572074458e-01 8.180830662373012041e-01 2.627206029483549754e-01 3.969160102844206950e-01 3.288483153322320218e-01 7.235485721224456102e-01 6.529306796546430203e-02 8.032942233786627417e-01 8.506719600334617937e-01 3.884261809024246448e-01 6.479724657098370200e-01 2.278482969708960360e-01 8.492271870171226311e-01 8.776797506307247865e-01 3.695260917877934981e-01 4.781054812162168766e-01 9.319192132784031024e-01 2.841499573610034579e-01 2.711447610483617154e-01 7.346224051748302397e-01 7.508363277265968083e-01 3.163566101217588633e-01 9.343777934418479036e-01 2.818320826264222312e-01 6.725040530737513844e-02 1.656400064132514949e-01 4.392630655924367744e-01 4.326443902254469842e-01 8.899439133357088805e-01 5.034896486217887990e-01 6.002879161556757825e-01 4.666498389379066802e-01 3.286715768997654497e-01 3.880876870665294076e-01 4.625278871111739853e-01 4.722585509347427823e-01 7.471324387592763738e-01 8.867433628883361063e-01 2.679983928360688550e-01 3.015721008845145823e-01 8.706959487681804610e-01 8.138003449817204915e-01 6.098809655196996138e-01 4.703373992302382067e-01 4.181035455061095085e-01 1.389806802112587558e-01 4.806564495321596908e-01 3.490033330063510020e-01 2.353167191926643920e-01 5.810803556802556225e-01 2.717294510646759420e-01 4.359750539256815882e-01 8.145862351576063087e-01
3.192467891947848857e-01 9.394023688856798504e-01 2.204397343471076187e-01 8.537387547605368443e-01 1.254552796472394594e-01 7.429647731288749890e-01 5.518746081098920842e-01 4.623176572773780579e-01 6.077778244601095281e-02 8.491534640421604108e-01 8.529375692219272054e-01 5.618219907334333385e+01 3.530384824803859400e-01 7.099866423668876880e-01 7.765645186374222630e-01 1.422760013919858180e-01 9.433835106235772816e-01 6.993466666577820012e-01 7.875208985023065544e-01 6.208489387741765730e-01 9.340149819346331705e-01 6.307329914930124293e-01 6.418236335281445326e-01 4.726660956748958142e-01 4.563537944953985903e-01 6.338718533276301859e-01 5.052533654613817760e-01 7.583457469060006506e-01 4.043848690788631739e-02 7.773417029118556698e-01 9.829022713515569443e-01 2.323732265217980375e-01 4.634591933405295405e-01 6.631037420123681025e-01 7.874189539708521535e-01 1.052995917014609706e-01 2.846448202604825450e-01 2.828069643527154620e-01 4.139148378169509312e-01 4.725845198973946948e-01 6.284782991853142819e-01 1.653102500802758890e-01 2.326733781232056542e-01 7.684696104874070288e-01 6.485403466104322501e-01 7.093989697918591242e-01 1.989094575901287909e-01 7.511647435040149645e-01 3.759170608646166256e-01 9.851662564408578682e-01 8.691044275219016457e-01 8.306634461912377754e-01 4.798094826509602395e-01 8.219928332729177223e-01 9.211694760924907799e-01 6.666022520975783960e-01 1.860047351123652604e-01 5.572686281525375263e-01 9.955847953388259342e-01 9.420211132959467326e-01 7.833057962927465478e-01 4.995175571670905645e-01 4.685128971071560455e-01 7.052605141041192738e-01 4.115226712634590944e-01 4.446563640103274873e-01 8.505549710959856569e-01 9.978664478771949176e-01 9.449686675716374440e-01 1.033430347312108699e-01 6.852067674895379046e-02 8.737420134153599527e-01 1.266088841740129478e-01 4.523633286820454291e-01 8.274306133221327464e-01 4.041432117931935686e-01 5.614940455976537015e-01 5.035489097746693732e-01 5.004275226995946735e-02 1.554201179874562522e-01 4.783162466875702235e-01 9.780083650247574090e-01 1.979697276275741435e-01 4.227440210022840317e-01 9.412573788673879172e-01 7.203469588473043750e-02 2.211004872332036353e-01 4.013603865668941006e-01 5.416754409685209382e-01 6.130342023969836962e-01 8.560086239268506203e-01 7.986967983627546452e-01 9.192801826570451418e-02 6.243214173130640088e-01 7.135325148246446370e-01 3.677003059917343109e-01 1.120706104326285590e-01 9.686253538746979475e-01 1.668856028005616388e-02 8.054340163129449781e-01
4.726692509869879766e-01 4.680177454933902581e-01 1.770343306812006690e-01 7.865899441509924817e-01 1.268477107709607976e-01 4.030316428343391211e-01 1.654187213216687935e-01 4.255524858708915614e-01 1.704869479097176344e-01 4.634849912574513509e-01 6.415912662968825675e-01 3.912758969882622617e-01 5.057697137180758773e+01 4.795773957129104703e-01 1.773019534792142915e-01 3.907366479883841448e-01 8.394134653845927163e-01 2.781836073601487991e-01 9.045941430613433365e-01 9.518272969776302439e-01 5.550717735980582601e-01 2.937165425506805816e-01 6.002490925635287633e-01 7.273993788581208930e-01 1.826301382333875845e-01 1.418447011086599874e-01 5.135219449273658032e-01 8.424412074815967877e-01 5.105776891409684604e-01 3.205943333422606178e-01 1.424188598139281003e-01 3.684857156395736633e-01 2.832026737594315335e-01 4.362180547181674362e-01 7.120256377486137156e-01 1.353525287083902073e-01 4.297987873029546213e-01 4.360010811668723063e-01 2.161945588157854203e-01 8.973715884636997986e-01 4.278336164275119424e-01 2.359969522848498480e-01 3.349075444395690493e-01 7.187667732862856873e-02 1.591515281999511533e-02 1.266385761133757004e-01 7.494209307446533241e-01 4.348248833435673921e-01 7.821173635105133082e-01 4.534963245119938424e-02 1.947462741164411870e-01 7.578019622997119731e-01 2.898766194251232164e-01 5.379693050181826308e-01 7.891844964643092153e-01 6.641501554788785677e-01 4.362144688688256444e-01 6.064473491065134336e-01 8.248961847497389144e-01 9.726952787959299851e-01 3.163759673238007997e-01 4.015456157263900261e-01 8.017096771525135113e-01 7.589329677197755863e-01 9.010304223430446457e-01 7.657056799491261945e-01 9.517601503979247202e-01 9.681129658130946947e-01 1.139593334456573404e-01 3.510187649844448421e-01 6.951123709873165968e-01 9.075990263431769067e-01 1.337227415645518835e-01 4.335788400943934029e-01 4.277690357714730718e-01 7.149078065093779077e-01 1.588334410202181246e-01 3.731691017364765495e-01 2.068549637167694799e-01 7.267839589231144259e-01 5.837587599886312484e-01 8.852497998215738129e-01 4.519174385448646580e-01 3.159839920738477526e-01 8.571384579023137995e-01 6.651053899888813570e-01 7.794519704954945283e-01 7.289025416156267312e-01 6.309485755268876561e-01 2.030136884051416679e-01 9.124969229025396977e-01 8.333981749631825808e-01 5.175042700093771542e-01 2.336904016828140751e-01 1.260992493033297190e-01 3.128183951451413147e-01 9.640753266751045381e-02 4.942438182764349319e-01 3.612975615034665910e-01 9.509508525822945035e-01
2.239825697077607591e-01 1.161625542463605720e-01 5.476153910449521600e-01 6.657439790809061009e-02 9.390536772786880482e-01 3.725980488182512040e-01 3.472277062321855734e-01 2.687958061774710083e-01 3.985383187461628562e-01 5.450751904931553371e-01 8.266697836902525687e-02 7.286714704866457115e-01 4.173276212634414728e-01 4.798807740413210610e+01 2.233421571634227609e-01 1.861749201577379553e-01 4.752428747881104476e-01 4.918821567537622341e-01 5.451893715343046898e-01 8.461025096417807978e-01 3.759435990924755444e-01 9.913415096905838775e-01 9.818884553883306943e-01 1.506440946016753823e-01 2.087100329951675493e-01 5.204832135776017443e-01 6.140298353978307366e-01 2.776352233521460766e-01 6.277235752858068007e-02 5.521496242850887359e-02 4.433205724991138297e-01 3.246092756188301287e-01 8.665606193475189345e-01 3.012069399076541254e-01 8.766205925688098644e-01 2.987526087513980855e-02 4.919094215466763842e-01 7.778084073865599857e-01 9.497971764009497386e-01 3.961160966221144442e-01 4.171608905346987362e-01 3.794450971195579836e-01 1.843487181601881630e-01 9.167368255014829437e-02 5.804890524618775416e-01 6.922525249346137555e-01 4.191749380407879810e-01 7.368603310125139139e-01 1.810693084287675614e-01 8.907784704736873005e-01 2.829269528672294642e-01 9.183928007614885480e-01 3.530460627466114332e-01 9.621232265302707143e-01 8.294172489474385124e-01 7.842173849305406064e-01 8.990532150940028222e-01 2.148997178885950765e-01 5.216756841185887783e-02 6.650238180448176939e-01 4.133979827369567150e-01 6.102591208331157313e-01 1.422123624391924412e-02 6.456030089599196220e-02 2.697428674382890135e-01 7.226151483602860637e-01 6.477496129539650482e-02 5.958124591869992104e-01 5.842782664215009358e-01 5.981505725714235666e-01 7.347896701572187439e-02 7.432551107327175499e-01 9.911705578405219930e-01 2.132426485580264375e-01 1.092899831872237160e-01 3.661643690569856835e-01 9.789308334465849359e-01 2.493871729136354354e-02 3.164744625375311982e-01 8.270149518280505152e-01 7.982297341348240094e-01 6.311791501750362299e-01 2.632036981813034027e-01 4.566783441933908172e-02 6.954886007391877234e-01 6.087867145278206271e-01 7.731914658634225779e-01 7.623522846665674590e-01 9.610130052274165058e-01 9.833262603496545351e-01 2.024989259412577347e-01 4.280641925718913221e-01 3.904359236417022094e-01 1.141990131080258264e-01 3.416229852761138996e-01 7.990445999986559578e-01 2.089865955998646552e-01 3.271318360649280166e-01 2.715394661405363674e-01 3.006340749608703566e-01
2.047812675725071418e-01 3.144587795952837883e-01 6.362340758349485093e-01 3.968013185761201100e-01 6.923943816112714256e-01 9.086759579748731053e-01 6.831043447004694347e-01 6.643238083029806562e-01 4.801339631857062251e-01 5.635652140085637418e-01 4.613549581394065235e-01 3.833983086132008999e-02 7.960900559405594823e-01 9.834342609485863251e-01 5.603805773100511090e+01 7.161798124830518475e-01 9.438611631074802499e-01 4.297711329597770913e-01 1.382245849233153523e-01 1.494423976960671530e-01 3.405330896190145173e-01 3.842851223424982310e-01 3.683542217954980380e-01 9.370317341304109648e-01 2.974872722366188604e-01 1.350431828338689577e-01 9.709707945058908551e-01 6.454955719730202102e-01 1.309703274019897723e-01 7.150382919062419074e-01 4.995621660704780975e-01 1.208256273190992935e-01 9.998787130937808465e-01 7.185826133795220061e-01 3.683787275499910141e-01 8.255176614767019139e-01 2.352145203969793208e-01 6.959173022687782373e-01 8.624255352691557741e-01 6.923389401124094844e-01 5.103143503618912113e-01 1.053391477411408372e-01 3.483527820781847639e-01 5.840440760994805025e-01 1.580725364122977927e-01 3.848458068526633413e-01 6.583301936507374164e-01 5.791111549391859681e-01 5.047023481664919542e-01 7.115944704166761170e-01 7.969945210293206683e-01 6.186203855520573391e-01 8.071621943445566050e-01 3.315807486233851575e-01 5.610210754410831502e-01 2.765015371107698572e-01 3.738871091143686209e-01 5.618595752417797629e-01 7.541612458899462634e-01 4.802676116874453616e-01 9.410341969789848271e-01 1.784200281550685219e-03 4.913466829702259897e-01 2.475762679693049861e-01 4.657571233272559397e-01 7.694878442294338372e-01 9.831234932308877683e-01 5.639134668463915423e-01 3.002070634003732863e-01 8.607502848173066434e-01 5.642279652858041006e-01 9.630335384073757110e-01 7.625589174149385308e-01 2.541887340082535918e-01 2.737771504926389543e-02 7.075676248304062499e-01 6.553450575937354028e-01 1.628610769318055151e-01 8.248205441144704775e-01 8.478110287542156565e-01 6.763273348421694475e-02 2.666944122960600572e-01 9.528019144834177778e-01 8.954533775031502385e-01 1.901762438505381070e-01 4.134581477012062578e-01 9.257206231787868944e-01 9.349354800033371493e-01 5.124407176804997022e-01 3.296851464354658701e-01 8.277060568419564168e-01 9.098888623433282197e-01 2.705760490589159684e-02 7.652828590141824705e-02 6.611105327906754425e-01 6.912672138576302361e-01 8.193060185655154370e-01 8.377271926342187980e-01 3.158003382104324075e-01 9.801704766619185882e-01
8.256122430651279265e-01 5.530071325565625306e-01 8.089238392038249348e-01 9.629985485813528090e-01 5.946333079823125090e-01 3.357620342087168641e-01 1.374663661681826410e-01 9.864960914993972096e-01 4.649616975304401434e-01 5.283988433283023367e-01 9.351776984542559124e-02 8.250016243529397775e-01 2.627061878061198730e-02 5.817404016366413133e-01 5.636477745001821082e-01 5.198820409969671630e+01 7.007056448883886013e-03 6.344852897490057542e-01 5.712816430404508150e-01 7.569149111550785847e-01 3.570293058260538555e-01 2.185425588758898030e-01 4.831251337588807759e-01 5.728280627417319248e-01 2.344413176712307756e-01 2.260997354024294470e-01 8.935874998962956006e-02 7.503589962094137089e-02 1.094844814203527195e-01 7.774251683073762909e-02 2.491024185398948987e-01 7.584657467267432729e-01 7.545112270342139160e-01 6.238689279343735405e-01 4.856788217998401214e-01 3.016550068840518906e-01 5.986791007497357375e-01 5.711910580312320462e-01 2.560741488328354132e-01 8.205228538872522126e-02 3.324412494060795531e-01 5.082433575850695551e-01 9.350567196182106855e-01 4.637672837094749534e-01 5.723236676657077471e-01 4.314276047038569928e-01 6.372912900381816348e-01 6.842115459437129177e-01 6.300777679232932860e-01 5.708137868779397106e-01 6.321589501864510741e-02 5.250880989216480943e-01 3.161623742641517243e-02 7.878474818159934001e-01 3.091408910474786609e-01 2.180763222072247265e-01 4.568185550411496543e-02 1.568519265784968919e-01 9.867074765119743240e-02 7.377318398367042063e-01 9.071921473477506659e-01 5.876148634380036206e-01 1.503288899190515782e-01 9.700706468451444353e-01 7.106543792622813660e-01 2.226672305996579837e-01 9.996733608793835213e-01 5.938438505112759724e-01 5.249887574343710117e-01 7.928269742281618404e-01 8.533055396784151592e-01 1.316129828287381232e-01 8.898773950927453269e-01 9.961753474446448653e-01 3.792393634843717054e-01 7.450618693854649255e-01 7.514399787117301832e-01 7.290404861866940367e-01 8.767356628418077058e-01 2.750850310014274491e-02 9.925799408671126534e-01 8.347595701082898279e-01 1.639470460524921069e-01 5.896031703950374014e-01 6.402335249437037801e-01 5.487750878984570813e-01 7.281787678076798720e-01 6.954758324211329779e-03 7.492109157277115905e-02 7.346307627571184717e-01 3.157336620320547738e-01 5.421064272850735222e-01 2.884746165006770724e-01 8.058983770494072552e-01 5.294028419178412603e-01 7.807718303354369560e-01 8.787623909253795551e-01 8.044482325234334485e-01 6.855383706467469418e-01 8.009707009888555884e-02
5.764349728571612763e-01 6.964125945027338505e-01 8.930531009021688282e-01 4.859472104286297611e-01 7.236119210029874349e-01 3.047597590520927380e-01 6.890100718321318096e-01 8.479185844004216710e-01 4.253731351259694149e-01 1.157851830352920608e-01 5.753013889374116729e-01 6.153863924845792699e-01 2.357696165872165128e-01 7.577489877674112861e-01 8.758530904243500004e-02 1.083832126349403291e-01 5.162823567792231216e+01 7.803349738312447270e-01 2.636155356280498463e-01 6.823099003591548417e-02 5.115247364079920089e-01 9.864246051673373206e-01 7.056288618570012439e-01 3.138543810483293006e-01 7.910834819512130300e-01 3.051088286928683724e-01 8.275806536538521385e-01 7.790273676552039728e-02 7.247117424742683944e-01 3.761617752511964285e-01 9.632135191530644125e-01 7.949956604540598937e-01 6.521615247396315151e-01 9.236436265084665420e-01 6.781005543852376416e-01 3.951989472582011498e-01 4.179545697314693831e-01 5.664139721064775923e-01 6.640259149311866782e-01 9.134013382954121463e-01 5.076167514687701665e-02 5.351118540174697458e-01 4.472761648877089380e-01 7.355842546890046796e-01 9.143162469255144975e-01 1.720304248303383687e-02 6.885909875099527344e-02 3.608671238978061746e-01 4.830561536476175588e-01 4.979610004900499876e-01 9.429725063871038371e-01 3.840025161768811923e-02 4.600927807644893397e-01 6.803119691163543870e-01 8.809613723849195610e-01 1.080184665681986900e-01 8.721070229914813510e-01 2.807698182621988225e-01 2.859673918546976612e-01 7.178098340214733586e-01 1.407345513917879209e-02 5.467348703666875531e-01 1.333019627413555286e-01 3.953012791093533096e-01 4.327172598074021659e-01 4.291454979956499383e-02 7.232955965171706803e-01 5.541344423331895364e-02 8.232593069388447482e-01 6.230620855944986047e-01 2.723075758197862628e-01 7.469281779192455950e-01 3.854969878867642308e-01 9.566883171320827994e-01 4.779553644455378780e-01 7.498419095898498643e-01 8.513916125206104635e-01 3.629016444975151634e-01 6.469689685387336464e-02 8.804443242729002028e-01 2.528541598372447963e-01 9.817370311038231545e-02 5.593620750486676396e-01 4.378049506296775029e-01 6.097146772409554050e-01 5.723529460921524814e-01 4.757105955793261565e-02 1.271853319684013162e-01 2.645570972059702042e-01 9.115083761599397372e-01 8.393398720147797754e-01 5.959291548941496597e-01 3.734986712674440712e-01 5.563605453066469142e-01 2.694220501647121013e-01 8.619302503777336311e-01 8.308569340650013846e-01 7.298127518722551388e-01 3.403188727329835572e-01 4.040963574741376352e-01
8.003712193382377382e-01 2.238524827570885778e-01 6.081931475547162069e-01 8.716326007727571712e-01 2.310715750933733936e-01 9.854549030077923710e-01 9.700269303492022877e-01 9.920493816932673958e-01 6.989592494931828881e-02 2.808883998377224023e-01 8.850722933190192654e-01 4.334973522086404962e-01 4.682804993542557526e-01 1.036209562439766030e-01 3.638258030450335356e-01 2.227431589358636055e-01 4.268562308996620702e-01 4.767565122284860024e+01 2.062093507686514338e-01 9.644543124938312895e-01 4.021428372154352004e-01 1.639155334054465118e-02 9.298493285190058133e-01 4.485998128232800974e-01 2.105306300656686336e-01 9.096644533184042869e-01 1.832576977840476573e-01 7.890378787984333453e-01 5.179477027612100493e-02 5.951049780781298981e-01 5.931551582306394677e-01 5.438145529061367833e-01 2.573220278834343899e-01 8.163990572120433109e-01 8.429683463683677047e-01 4.024544077903323691e-01 2.253210559807797830e-01 1.463686763236844435e-01 6.756292740305371858e-01 9.348724640214922665e-02 5.981126589368312985e-02 6.244091805221556601e-01 8.805835181319697780e-01 8.542326387708888413e-01 1.962160671173184268e-01 2.094892279894662313e-01 2.424187153063217526e-01 2.405089489459407703e-01 3.404192574105033842e-01 7.810664117823828967e-01 3.804744504297529195e-01 8.362258306213617987e-01 7.193853346641148061e-01 1.680476207808533351e-01 9.463123292006052623e-01 2.440207565788853339e-01 5.392745274546573153e-02 4.843857446235081410e-01 1.047684914178060867e-01 3.160720404961693264e-01 2.623349856463802476e-01 4.560725784851127340e-02 1.801104110192897068e-02 5.294674274784837431e-01 9.141935811480661478e-02 9.676732477392895326e-01 3.316561820210989220e-01 8.912782171200570591e-01 6.453863657086722494e-02 3.338651186976637764e-01 7.296844476520030209e-01 9.195521275855230714e-01 2.407443207820654241e-01 9.768666534737276974e-01 5.076786569282117911e-01 9.511477782814143911e-01 4.830755069110825861e-02 6.376795005576125774e-01 3.585591097826756890e-02 7.019071027008472186e-02 5.129020939884340047e-01 4.290144370678180552e-01 8.616393435974489812e-02 5.837108493129807840e-01 9.375770371219275257e-01 2.613779013111331428e-01 3.503137424867711625e-01 3.952810562933425365e-01 8.996698867095691554e-01 2.000694699707413760e-01 2.742033590917297703e-01 2.679499758461562076e-01 1.564761917171670902e-01 7.522952511931036979e-01 9.289069192973790079e-01 2.055634405555251121e-01 3.362203738082669702e-01 9.890515111553643823e-01 6.000542068120516825e-01 6.368464948866329189e-01
9.791331074331434126e-01 4.958221985291170197e-01 2.043580068425306928e-01 6.248585307193196270e-01 4.425429594708650827e-01 6.392161123421624680e-01 9.907878654668932361e-01 5.991880535136621111e-01 1.051074717728094354e-01 7.374273124375019250e-01 4.528648084303187327e-01 9.769153580628460176e-01 2.190989658411776064e-01 2.644549370970795676e-01 6.450376150776935269e-01 8.200039168258668187e-01 7.380476672816905781e-01 3.766886465688369379e-01 5.173390205353751270e+01 3.113763978823467227e-01 1.751061706246883620e-01 8.015151367359121259e-01 2.502429478284899922e-01 3.050508527588622343e-01 1.070538606551758587e-01 1.804058653511151356e-01 9.527088700819652534e-01 8.761886464768583460e-01 3.948323375910313127e-01 5.180856657456403003e-01 4.183697408624358349e-01 6.823638734407101447e-01 8.237363609745942394e-01 2.324721527830917456e-01 2.330733890890686055e-01 2.247710781141627479e-01 8.547635692543245067e-01 7.547386600827369341e-01 9.934797393172786206e-01 9.280195036868720271e-01 1.818687677945343140e-01 4.220423535581274699e-02 7.906816619848777705e-01 1.009750219181667630e-01 4.006218899670180855e-01 2.993848629605680989e-01 1.451325187880724288e-01 4.663322351555582168e-01 9.296254716159687570e-01 9.803050962272157332e-01 9.278248641357308424e-01 1.822739696130820652e-01 4.198837479181313226e-01 6.737430195315022852e-01 4.136909372686899955e-01 5.824525421419828319e-01 3.972262170766971412e-02 1.776783057392421483e-01 5.500729693430357337e-01 9.359148633154212860e-01 4.099029097780286790e-01 3.082526021306871700e-01 9.062640504609300596e-01 5.488790658176643245e-01 1.327468226753931724e-01 6.824454516118505509e-01 3.099284061038536375e-01 4.726012680287580148e-01 3.803627945096987872e-01 9.263125841747446021e-01 9.291779658827614696e-02 8.405545501969839961e-01 6.911562308891870954e-01 4.292502076510849029e-01 2.619695815139400086e-02 2.034153327324945693e-01 8.940801927641682800e-01 9.120653194605875536e-01 4.623675639472146770e-01 5.726730845911714995e-01 2.024882486672275883e-01 1.781015799166583147e-01 3.608130273970785451e-01 4.614161282020740051e-01 4.671971300916647474e-01 2.749612370791516547e-01 6.374464086289702847e-01 3.596648458968897399e-01 9.614415529905642188e-01 6.812501586653696428e-02 6.938879951358445375e-03 2.655303589394525376e-01 7.469643428825613052e-01 4.842794887004862048e-01 4.679910743048903976e-01 6.907261193727202153e-01 6.280766850733414675e-01 2.783798633893372898e-01 6.512827417459595702e-01 9.167371641696732132e-01
1.161563855053809879e-01 8.991927616273490687e-01 1.370847073488169476e-01 8.194964882617702395e-01 8.750041054680661734e-01 6.002042759495637148e-01 3.059268686711273944e-01 1.162788869585029694e-02 2.725972797505814560e-01 4.610134505370498958e-01 5.409018218204210138e-01 3.610739128172671952e-01 6.675002772386042782e-01 4.705323461696072629e-01 4.489636867318735902e-02 9.201605472842327993e-01 8.128754324898619377e-01 5.758047851962739827e-01 8.870491076341543435e-01 5.055545185867201496e+01 2.244972672604652608e-01 5.280302278463377963e-02 9.439891708371684897e-01 3.481380491645540420e-01 1.672449694309280366e-01 6.782993300626538602e-02 3.043177370761661615e-01 4.070841494251008497e-01 5.476057577434929602e-01 2.676368235801603879e-01 2.355815298548582515e-01 9.797978765979969973e-01 6.493660147118465176e-01 7.666979256890444905e-01 6.375614762250372269e-01 9.432627322956996796e-01 1.399744819917305705e-01 9.779003166006994263e-01 7.427538552191460530e-01 9.642707366460017138e-01 8.409954113270100562e-01 7.995514237977748850e-01 6.656268917175023336e-01 5.636434719479905819e-01 3.811150188533840577e-03 2.502619629907170129e-01 3.210811842426625207e-01 8.666832685409872061e-01 6.503757648030722427e-01 4.609090432380991142e-01 2.404060281421912526e-01 2.840602244468496407e-01 7.125805572789545295e-01 2.175209367477876077e-01 6.011764296916521921e-03 8.216891776375134793e-01 5.783220237205762837e-01 4.528578786994488237e-01 2.046154237547648247e-01 8.113945120027169500e-01 4.021831329801573984e-01 7.998196680246092427e-01 3.643026746704459695e-01 9.279170351267951311e-02 2.240257149978037710e-01 7.189031184919408846e-01 6.261606431744943801e-01 1.493949721058683844e-01 8.091860105142907322e-01 3.963892347101135583e-01 5.747686468100594581e-01 4.825299744435851412e-02 4.535528841995501992e-01 2.801448801083183948e-01 5.237982248455866907e-01 3.553572062906094065e-01 5.830587819057941878e-01 4.770375317676037730e-01 2.252931069642111206e-01 7.465547561476224558e-01 9.696690234485643156e-01 3.020411910105645914e-01 3.515886262466039192e-01 5.942237800707773632e-01 7.979463377878436292e-01 1.914920167738255463e-01 8.524541588116677504e-01 2.997631993084111102e-01 6.290905960757641191e-01 5.967353623875093493e-02 1.881462003077891687e-01 9.857159438680578312e-01 3.571563019986667697e-01 8.489410869491221812e-01 7.751875217693604547e-02 3.779009539845606946e-01 9.557507164354586138e-01 9.238931902676695840e-01 3.644504479913006634e-01 2.594662247051661152e-01
2.086000844619254613e-01 1.642535451561722981e-01 6.546009814493566337e-01 9.755153977885971939e-01 2.484734022539336618e-01 8.018934670121252717e-01 7.857977610208229935e-01 1.724982387973511555e-01 1.529108219351815734e-01 9.949357349513824333e-01 9.532988887908170339e-01 5.730849156169943726e-01 8.244753547280394557e-01 7.491868743416496557e-02 2.746357610107543756e-01 9.784197037220777604e-01 4.995665589735873713e-01 6.108588825772073294e-01 7.994239727955021468e-02 1.845062632589894447e-01 5.519966471476644188e+01 1.730091456971997177e-01 3.683558460556480840e-01 6.885647571534594391e-01 3.059245907492875727e-01 9.471615897947234242e-01 1.527408685742384087e-01 6.900488694666796485e-01 7.956802256901041037e-01 2.231214983723006640e-01 8.762732451132885236e-01 9.186938350893470995e-01 4.577220107075186117e-02 9.691888509179130695e-01 3.206628722147452093e-01 9.787226076925823470e-01 5.255603322664128552e-01 1.944534277431235747e-01 7.311927257191367380e-01 3.014749470044842949e-01 4.173444821877710931e-01 8.918470061901330181e-01 3.368777059580758682e-01 7.483698499079954880e-01 6.206536080084809059e-01 7.193646300178209163e-01 6.995001140756754721e-01 5.827439984166628006e-01 6.970341008460358978e-01 4.438253415493083054e-01 2.217793649544842483e-01 9.120104175817088654e-01 4.922816516032268996e-02 8.280930885001712705e-01 2.288409375174293992e-01 1.722791956361479082e-01 3.027681867175912034e-01 3.863683806496860385e-01 7.388112564598806609e-01 4.854357849305451778e-01 6.506093590158170681e-01 2.709808916100027165e-01 4.401518074194461505e-01 4.633798168923000116e-01 3.511860122110712634e-01 2.068138905466487820e-02 7.677816664173651162e-01 7.512132945883769342e-01 6.284225083692525082e-01 7.879448302827189998e-01 4.763987462053360655e-01 5.181811751572834579e-01 2.799055477521780189e-01 2.755284274894324037e-01 8.306366195886721870e-01 9.109000722342172063e-01 8.784573272468280125e-01 3.491299624065555829e-01 1.695284521967483915e-01 3.534444029025928247e-01 9.011187674558904792e-01 4.568456808541675462e-01 1.500214108590343098e-01 8.636251061300012077e-01 8.146858340385967345e-01 5.051825336742755690e-01 7.257539475479125590e-01 3.878454460018238015e-01 2.979428595366678811e-01 5.571152287725739116e-01 5.730043259992283478e-01 5.554180135079007652e-01 7.995980853559052637e-01 8.700448532255052880e-01 3.283794806980747660e-01 5.140840736137038958e-01 7.689387630319262090e-01 9.527831092860358231e-01 8.493195804310132990e-01 5.838496604559028080e-01
7.515519071402428919e-01 1.027802311030574511e-01 2.078751117491549616e-01 9.886761488053353863e-01 4.905377659582207395e-01 6.998887194970057068e-01 6.800022400764820230e-01 5.477470348898717534e-01 1.284041201390107023e-01 3.697127947361735778e-01 7.070512111517796017e-01 6.767823702275332920e-01 1.133139368163071925e-02 8.868154902137153073e-01 3.880484075377518272e-01 3.632695639857895786e-01 5.925376147724289444e-01 2.377329731854349593e-02 4.335805743536739199e-01 2.250195197067282882e-01 1.003490564134066343e-01 5.247494556914485031e+01 8.510543750671522023e-01 1.204269409891066678e-01 6.974593696489412853e-01 8.599702454897062420e-01 4.513267155439195655e-01 3.079315245327762796e-02 9.529043663822999166e-01 7.402187239157320686e-01 5.686314946755028910e-01 3.447570882616748378e-01 9.416717159785630287e-01 1.470234034757363917e-01 9.380076012402882579e-02 8.452028627833887420e-01 4.208765601342550067e-01 2.741570141075391209e-01 3.762037774770164988e-01 6.282853456054842134e-01 6.569061330205486771e-01 9.191080357961034508e-02 8.348942569767450195e-01 9.952371252701864845e-01 6.227973852135479937e-01 7.130087993452741690e-01 6.558001913392219606e-01 2.905535625004986855e-01 7.922423363936129670e-01 8.743299423768854384e-01 9.237720100148818503e-01 5.635981389362026972e-01 2.515252949991697573e-02 7.977634023931997609e-01 8.864742802633056584e-01 7.088440123592233411e-01 2.424877886414450456e-01 5.080175786380866088e-01 7.885268309904458484e-02 2.490903885062177858e-01 3.872956316171330959e-01 5.489425173016541093e-01 3.037151234223841589e-01 9.487883900711902019e-02 3.622300372158895332e-01 6.669871943600159669e-01 8.607083188044847288e-01 2.641701056843801521e-01 5.002319643671692129e-01 7.265167174429250085e-01 3.323836504609858356e-01 2.639027017108472872e-01 1.118790115906587168e-01 4.436625021732749641e-01 3.040395944086923263e-01 8.846334923508757386e-01 9.932607167963581896e-01 6.017874363398968418e-01 9.379348289810588435e-01 3.942717458004283415e-01 9.321873390508108592e-01 4.334508321482816173e-01 3.833142895930770067e-01 2.058507050383285852e-01 3.479318975604146491e-01 3.556071213024329936e-01 2.231946373268686168e-01 1.528648245040566955e-01 3.160778550782017415e-02 9.537108913746084049e-01 4.897066244935652790e-01 5.201750865734680040e-01 3.653728028222249513e-01 6.206026752124840229e-01 8.229497068174471686e-01 4.076710159441607750e-01 9.211484470650671552e-01 8.334109212896262386e-01 6.684636172825887401e-01 7.404778065998943726e-01
3.376247825373895894e-01 6.484583838039077452e-01 9.518843519242852214e-01 4.937553724392299559e-01 7.313916422688679919e-01 1.353268018472526535e-01 7.573802650752802235e-01 5.183696983982061246e-01 8.700033739659009946e-01 9.780103253473438896e-01 2.469941014003022017e-01 1.927883250715837216e-01 7.960790200113795345e-01 1.505886416950669160e-01 9.151867538369073962e-02 8.699702730180729482e-01 5.237688426503183114e-01 8.131799487558286632e-01 2.662950956821902304e-01 5.365985857441663009e-01 3.864336563757253540e-01 1.018110512392781386e-01 5.209261211813469572e+01 6.180516410287928419e-02 6.566829398125344497e-01 2.095273127851317030e-01 3.077841547956583490e-01 6.536981793049866374e-01 4.161444577776529652e-01 6.064080871915820126e-01 8.479758294004053898e-01 9.991699887732488072e-01 5.159032081787693347e-01 3.575601451930292551e-01 1.281962423707340148e-01 1.926632311754191695e-01 5.007284118809565143e-01 4.863967593312767956e-02 4.703692231260550027e-01 2.552260473494516457e-02 9.866585232135226535e-01 2.400105565925896300e-01 3.781617663632781401e-01 6.036370912693606039e-01 6.644889302698891997e-01 7.677099319857924042e-01 8.906508475805485769e-02 1.259611633444404077e-01 8.619627805691193467e-01 2.847797903424522659e-01 7.972611764115079547e-01 6.950770133768634507e-01 5.495941308825305072e-01 8.567263983967862151e-01 5.379549389706382856e-01 3.009109861787397922e-01 2.718671128268499437e-01 8.264101245236191717e-01 4.463890510024396407e-01 7.394690641322847480e-01 4.590350550408982544e-01 9.659682050315653301e-01 4.489259272286941771e-01 4.726006847846084824e-01 5.264642303035804716e-01 6.538967286387254996e-01 2.931808511844613552e-02 1.258615577645941785e-01 8.240293108591738580e-01 1.860531342716041925e-01 2.375586067103112597e-01 5.304730724601460778e-01 6.042791021783313621e-01 1.111895608279183101e-01 6.979950418498842568e-01 5.619575006482842028e-01 7.445308721122440021e-01 7.081650450233962779e-01 9.911086915761950777e-01 8.413398626244507073e-01 9.384312826163595522e-01 8.902499186081498372e-01 3.249548579016667826e-01 7.365002698124394342e-01 4.523265176498176832e-01 1.049464500688113144e-01 1.446536311810174835e-01 1.659033814803201334e-02 3.987328127817115764e-01 4.436138765486767888e-01 7.844662587799304809e-01 8.426088251110640526e-01 7.909186403471718529e-01 2.144780822605841797e-01 5.563010367125165168e-01 9.321627258500008173e-01 2.424015386413499451e-01 6.217864303988015484e-01 2.732367425239200509e-01 5.905181017755301021e-01
8.001998335215284586e-01 8.424402338816925351e-01 1.435004491575810892e-01 8.282901544783825010e-01 6.216983035830346838e-01 2.878111743970932501e-01 6.879515392770959581e-01 2.053527704031443690e-02 8.406957765825117113e-01 8.450903705297578838e-01 4.056342333906672870e-01 9.720856942954460012e-01 9.659693267775427694e-01 8.526483507732948164e-01 6.018158545184908448e-01 2.813760980730428685e-02 9.881575531982503824e-01 6.041043678074740075e-01 8.672802988882020170e-01 2.695739931367355791e-01 1.143716633495248658e-01 1.696013303070668110e-01 5.030242760194217899e-01 5.279012179503776281e+01 3.817443581080973702e-01 3.266109403555725876e-01 6.192804106714088208e-01 9.171030597660179140e-01 8.065382339848287119e-01 3.549230515576036193e-01 4.342036879074548938e-01 8.539228705203915082e-01 4.723773329981073577e-02 6.561263659672447179e-01 1.794125178315807423e-01 2.124226206848245369e-01 2.718407612771024384e-01 7.755276474433907552e-01 7.736613406737025134e-02 3.134737319587063142e-01 1.575421493962021469e-01 6.687089162326839142e-01 1.278070277209494288e-01 9.639733734170621293e-01 1.447456473568531354e-02 7.147319155132825230e-01 2.045584390576621336e-01 3.787260968494100544e-01 5.096564879444067664e-01 5.223974131392727926e-01 1.411554242859300867e-01 8.017038900003768953e-01 9.677375334446579602e-01 9.555900927181487647e-01 3.166330795491659744e-01 7.766706737209587708e-01 8.012636758351591171e-01 5.421367927286918631e-01 6.858978224795186929e-01 5.025065120207906633e-01 7.522758550757182583e-01 2.224660545167826964e-01 5.670941477030587707e-01 2.494693542669921271e-01 6.305324931375461128e-01 6.511601074307447057e-01 3.347177401750888182e-01 7.715278891330045186e-01 3.796918094138476141e-01 5.915088724482467919e-01 5.664095299878701972e-01 8.019035495891982945e-01 9.083862218836102898e-02 4.858638856680064233e-01 7.300592411977818719e-01 6.435168914456423916e-01 6.760141055743382754e-01 7.670053859747587577e-01 7.320157824308731742e-01 1.245190303875900462e-01 8.274930046520833082e-01 9.315603987631765337e-01 4.379194532439281140e-01 8.216756752354292814e-02 7.695733060760979738e-01 2.801101575317288539e-02 7.641046311412971193e-01 9.275729270439823093e-01 9.353205274148007620e-01 1.604907787326170787e-02 1.881918018439513451e-01 4.335806948047568055e-01 9.395513523637287756e-01 5.571366518380667099e-01 1.434837856498123454e-01 7.442725924970046147e-01 7.954231585139281968e-02 7.845072584316803432e-02 1.212530073916201490e-01 5.627763131111523931e-01
5.649507536842748312e-01 4.817568490073836918e-01 6.831975365758443663e-01 9.934081893432858967e-01 6.328630324079536074e-01 5.431037984103335159e-01 4.285880203135389310e-01 8.016833183616844938e-01 9.853461576934454680e-01 1.849738134599677730e-01 4.038526539723219511e-01 9.845358141205744484e-01 1.086692775954648527e-01 1.472401832869948413e-01 7.746124305571159274e-01 8.948961259771091026e-01 6.237117760044552650e-02 5.032231226936745294e-01 4.962080448954263590e-01 8.944868744831016016e-01 6.418876866284161098e-01 5.306561003201148985e-02 8.861857858219720496e-01 4.378293156524335483e-01 5.118367536129611040e+01 1.741217637007791419e-01 1.192120813237451671e-01 5.434988779305683915e-01 4.209146278361751703e-01 8.386336582788219696e-01 8.982304225591423164e-01 7.506891897847292050e-01 4.196139388292294825e-01 5.588274109716909743e-01 9.235869648427473821e-01 4.569664167390312670e-01 5.364296520611243624e-01 4.078307558268694510e-01 2.331448657569284988e-01 4.349328135697307918e-01 4.151003755200539658e-01 5.688978135961167970e-01 9.052891362534853936e-02 4.514141639093870451e-01 2.785523431960907903e-01 7.225405302634508864e-01 6.944882030847658871e-01 4.624667417520536006e-01 2.973824350291258689e-01 3.791343047649954334e-01 8.191785775937709957e-02 5.125578552253698961e-01 2.720271633303675829e-01 6.165597439800633017e-01 8.786125804568714059e-01 5.146349429152710098e-01 1.937172714147276098e-01 2.146248452353115566e-01 2.790301024416753650e-01 2.026600128717936933e-02 1.288068583642612008e-01 1.000145248678587784e-01 7.497740555286883657e-01 4.591563127131892408e-02 9.645839196261679627e-01 7.301862640462817300e-01 2.361471627591380518e-01 4.371109497229263008e-01 7.199957283374106565e-01 3.732593255886060835e-01 5.413259663064824423e-01 8.722206494675215360e-01 3.215759216152276334e-01 2.426708445892755694e-02 4.331285212671576179e-02 3.131263083067427067e-01 6.000929866728555995e-01 6.227597555347049729e-01 6.729577018707206815e-01 3.020685213295963845e-01 9.932663745415850620e-01 8.916437743661543847e-01 8.587095230590765516e-01 3.557141949061799480e-01 5.584823367630765700e-01 2.267593298796590773e-01 7.980549759491121220e-01 4.467657913578311213e-01 9.185949414912047972e-01 3.936446733392651165e-02 7.666003209169813815e-01 1.110477833411547266e-01 8.576875489635593652e-03 3.733355402925775390e-01 6.611998123256800364e-01 9.891965763952685897e-01 4.609892626216131051e-01 3.490962584875852981e-01 8.082394853129014622e-01 9.716956780372503211e-01
7.723168290263308089e-01 8.255148583394115169e-01 7.341584029248846566e-01 1.817770171524637490e-01 3.167295491250551320e-01 1.834335032590606041e-01 6.812529150239677866e-01 9.243021421176943475e-01 7.139142724392302242e-01 6.166837231860673452e-01 8.792646995847427371e-01 6.247333989244946428e-01 3.694329383850991633e-01 7.201242249836392606e-01 6.996080719060709940e-01 6.620281676346730926e-01 3.056123595157793638e-01 4.835260475203218000e-03 5.674890592896715269e-01 5.576983232706700377e-02 9.095356700066001832e-01 1.126489474217973186e-01 3.446521649407636723e-01 3.216593871596220566e-01 9.295341891869699502e-01 5.019522736329849266e+01 7.426291886104252615e-02 9.444186960945488707e-02 9.644648283905721264e-02 1.851992543238303313e-01 7.497759543336315335e-01 6.399219633352503100e-01 1.131973908760341985e-02 2.853317713720441295e-01 6.030065355587336251e-01 4.091779580681549344e-01 5.552174794312314532e-01 6.109429563102288796e-01 5.790774020716019654e-01 5.240018632287968270e-01 2.077081070101882698e-02 2.261748178377872565e-01 1.620508495370917013e-01 8.467106803671803350e-01 2.324632626978425654e-01 8.414509217553113318e-01 9.390503670109079382e-01 8.470836989939962702e-01 9.545288365983772838e-01 7.943847894623156103e-01 5.521677574916170617e-01 6.012977415835348838e-01 6.454180946922368767e-01 6.771070712057839502e-01 8.305828190083134333e-01 1.701051496030333565e-01 5.220532037310927631e-01 7.505348061448567920e-01 5.612577683333039857e-01 2.827347278313452339e-01 5.132571165995233331e-01 5.979431553659707577e-01 8.816530332367378264e-02 4.908679232074035781e-01 3.451282359540546185e-01 4.073822319544653237e-01 8.421332127424004943e-01 9.734289852823694300e-01 6.987704160397094633e-01 8.782477135325162942e-01 6.066913079114192309e-01 1.839040242527162361e-01 9.231743872316251487e-01 9.711624024142165856e-01 9.855384852496372750e-01 8.897209167294406473e-02 3.098287071888561339e-02 4.070348261359041375e-01 2.873778872042007659e-01 5.785524199667964051e-01 9.732063637840037140e-01 7.340331234179958697e-01 2.197568671787907268e-01 2.369148805585372664e-01 6.670961088609083101e-01 2.741075254234042191e-01 3.976355751430005192e-01 8.379418365296400495e-01 1.198621417098695296e-01 1.836505567390077642e-01 2.733355109557272788e-01 1.088146953514597115e-01 1.974396779415155123e-01 2.502558121135700642e-01 1.830137988688520512e-01 2.798985099227568885e-01 4.106315256285036908e-01 1.169950353623342432e-01 5.881647038548953876e-02 6.467102595009204258e-01
7.898695733184570855e-01 2.449786978405933402e-01 4.182417518281743574e-01 3.637466265270055121e-01 1.110365074469792379e-01 1.801815755649956996e-01 7.881899937770823206e-01 5.107091433628734300e-01 3.964228555228451745e-01 8.284203392535133270e-01 3.446951238741692292e-01 1.182583652674591423e-01 9.700878790683966635e-01 1.248625604398371225e-01 8.236812585971743372e-01 3.429476444164969440e-01 7.448721109176208444e-01 4.216773270320974820e-01 7.624717661895844545e-01 3.436585586834067785e-01 9.281086397952019729e-01 7.384044302276880911e-01 1.398601986555314536e-02 3.602679849334395890e-01 4.664135502252328980e-01 7.869744701651668617e-01 5.207939914629906752e+01 2.582068963594383870e-01 9.461241385975927010e-03 9.357887061769111225e-01 8.065996970784211628e-01 4.105699818818864255e-02 9.044733238260429520e-01 6.671868851344205931e-01 8.044771434091078088e-01 9.059715955586823410e-01 2.898917529856004371e-02 7.599710335142012552e-01 7.368108023158153053e-01 6.821311764304921477e-01 7.961153840168103679e-01 6.899528881828734805e-01 9.145025826913564249e-01 3.778606223463158997e-01 2.918207816067920346e-01 7.055081642563886257e-01 5.879743256239756688e-01 4.657588256106859337e-01 7.571839135511266861e-01 3.466375010441004045e-01 1.426053863739569216e-01 2.460745511142592434e-02 5.105608386599133075e-01 5.705909841092127177e-02 6.437201651046892126e-01 3.652797514827939018e-01 7.991947022980705473e-01 9.201477835479718870e-01 3.706344754312765888e-01 7.546775195530652791e-02 7.480041912122137315e-01 9.186934328879037270e-01 6.990114806423111116e-01 8.231991678823037395e-01 1.742522781885825767e-01 1.433147128403995385e-01 7.811646904840231498e-01 1.837005919791327990e-01 3.511073832075095602e-01 2.787499763252501150e-01 9.203854140632652392e-01 2.688608302059906086e-01 2.708510245907942426e-01 4.796569544101791926e-02 9.402868002809182668e-01 3.299799865970868273e-01 9.940180813188952413e-01 1.155285380074640988e-01 3.103037681689663208e-01 3.093816061620158209e-02 9.526223810751945908e-01 7.921779913778059790e-01 8.685031631705673050e-01 2.982128267323811421e-01 5.702864419220849967e-01 7.358894554549582079e-01 3.766156452437366964e-01 1.597310623671598373e-01 1.223642747253140817e-01 1.338662479466906641e-01 7.307072670696350691e-01 9.783633243297384929e-02 3.851999120075794147e-01 4.195284232325870999e-01 9.007121519099571261e-01 9.682999338505605680e-01 7.698531846051356320e-01 5.933338888101874486e-01 9.852470144208724800e-01 3.892579549547527940e-01
2.467979602312073695e-01 8.004418752034747619e-02 3.281556715649375233e-01 6.555452937828873949e-01 3.332279147551999721e-01 2.357289392244034110e-01 4.196842251712902261e-01 7.562056284499427683e-01 8.593012065759286777e-01 1.281979606386388637e-01 9.799964472990571052e-01 4.640827508922101829e-01 8.773546880600159303e-01 7.743509736056086723e-01 3.687876087773244160e-01 2.402798444600399153e-01 1.776854941694560042e-01 4.888343242987644999e-01 6.458865055939659872e-01 6.292638498756638610e-01 6.360740425455930769e-01 1.602099349727700295e-01 6.256393137807146898e-01 7.846588162498939756e-01 5.615020380775351816e-01 3.224359250679699196e-01 5.791584260635938008e-01 4.790322563076550466e+01 6.005558305090858973e-01 8.978030761847430874e-01 1.282141723824284929e-01 1.470145971009347852e-01 7.497990528743015970e-01 7.500016421066518779e-01 5.652683832847472667e-01 6.373279152511508450e-01 7.802298194354150285e-01 6.489367549983056094e-01 7.704094523283446794e-01 4.862409310619533187e-01 7.539408626764844135e-01 3.483944079266864113e-01 8.130096371742279171e-02 3.651896690130347345e-01 2.248110093924442499e-01 5.151500599951953641e-01 4.688982143133437752e-01 5.922605170377848172e-01 5.723173315202385592e-01 9.987248193782550798e-01 1.114479728803995373e-01 5.178331489829890444e-02 3.924295043416548001e-01 2.484111133615660716e-01 2.198958147863451229e-01 3.571311760072066743e-01 8.603232103351443616e-02 2.444941832245848268e-01 6.729946346054789252e-01 8.782476684589021199e-01 8.163477884028579323e-01 2.553442346673613361e-01 9.137962634053754529e-01 7.455277598991979504e-01 4.830236905798331870e-01 2.630091369732712181e-02 8.230151054472529815e-01 9.864648656341066246e-01 9.778914263142439722e-01 5.178438670913049213e-01 4.689685633293300127e-01 2.862655375670869473e-01 7.741603197405277914e-01 2.767426243914328232e-02 2.940650366429320428e-02 8.422671340999476897e-01 5.137676722384059147e-01 1.852727603263638612e-01 4.371604427902364698e-02 1.193937022941140569e-01 3.214059888052434033e-02 5.565071067902543911e-01 2.056254810933492161e-01 2.556778302172044715e-01 6.640332071515719914e-01 4.535697400793494705e-01 3.807482285745181771e-01 4.576106948290096232e-01 7.213744700930352360e-01 6.875381690223369979e-02 9.308096236898155684e-02 7.287938446298801720e-01 2.105185084428078390e-01 5.858194167981741751e-01 1.402174664341826471e-01 2.943293891183894617e-01 6.171406979868754306e-01 3.286213758836269427e-01 6.418752376841682095e-01 3.924654738434830703e-01
9.837287427985905719e-01 1.604219687487261625e-01 5.737269576761210299e-01 3.792094060809877432e-01 4.922567881492402320e-01 2.087720867513531697e-02 5.383626298762914653e-01 6.178590935578731624e-01 7.892614826584075649e-01 3.066019473635273052e-03 8.039590494617877559e-01 4.865367167317363739e-01 3.023324958937005924e-01 3.506007526775637428e-01 1.768862739059740008e-02 8.205592761733813134e-01 8.050716113581768418e-02 4.395574876183760971e-02 1.355517800813543783e-01 2.733414534327748280e-01 7.427892696441318332e-01 9.108508356732871736e-01 2.524613521288521234e-02 7.656735262890176363e-01 5.780112706515161403e-01 9.182894147713864808e-01 8.783093469856562141e-02 6.613196536070541365e-01 4.965274710331346597e+01 1.959580592263739929e-01 5.603137903512839246e-01 7.596157075066332087e-01 4.764722319957962471e-01 4.648925267460196631e-01 1.675146786965153733e-02 4.377496374301091953e-01 7.303839976091469621e-01 1.840487559431206455e-01 1.622345671175000614e-01 5.117348673882834431e-01 6.111029759492009328e-01 7.791274270709375172e-01 9.203822951588913615e-01 9.939795992997837448e-01 2.692545136636106395e-01 3.643422518970840240e-02 4.791769362596813853e-01 8.603828499425607568e-01 2.168326861230505109e-01 9.602209037347698706e-01 3.071781345131022745e-01 7.576536927469483818e-01 1.759591118123782216e-02 2.972156664004326210e-01 5.171586969122539124e-01 5.345527839464985220e-01 4.028158560327805837e-01 2.801547236195111035e-01 9.794252297674778118e-01 8.549063165966074296e-01 3.059007590872575566e-02 2.532478665149473507e-01 4.925093273029793606e-01 7.422640339630723894e-01 9.932773634784638483e-01 6.040568037477538343e-01 2.858632194726906661e-02 5.206546701230773122e-01 8.823572236666011870e-01 5.177634933849097898e-01 4.048212798908064070e-01 5.950024383064089761e-02 2.669729062318123569e-01 8.735075824247036103e-01 5.050766155894814702e-01 6.867083341244613059e-01 9.586198228735970384e-01 8.302788401334506574e-01 2.763914430422650392e-01 1.474107299906421975e-01 2.230990451632587357e-01 1.675764893032855030e-01 3.728427163178228421e-01 4.352482958956260806e-02 3.481415646832403121e-01 7.683194186583819363e-02 1.936010307775000161e-01 7.338746971735489177e-01 5.782789411198100415e-01 2.217577766301410680e-01 5.452408933350089137e-01 7.258691573920641460e-01 7.687374934086320666e-01 9.129810160654019402e-01 9.997273863666966687e-01 7.906163481422960881e-01 6.085724611813436713e-01 7.024969142476868988e-01 9.814643846105607361e-01 3.940620818178507401e-01
3.771397382565646605e-01 7.720362314197684039e-01 9.027885350650419749e-01 1.306281721520536898e-01 7.532881700833538030e-01 5.077458073368878999e-02 5.499865493733316901e-01 3.888376678145177845e-02 6.198240367523147887e-01 9.130880064769615334e-01 8.799897578216087091e-03 3.559066935876574744e-01 7.707403749759286216e-01 6.053841427952448839e-01 5.907490534146233596e-01 9.463505678147229316e-01 9.948117098370802269e-01 9.172176633125320722e-01 8.970703503287500435e-01 8.469772348963690023e-01 6.420109674800205113e-01 4.589542220072595491e-01 7.129638614720329448e-01 8.658209135946932644e-01 9.503349585328740856e-01 1.618248295348854171e-01 8.795470711987866119e-01 1.007522412993810956e-02 4.698779108502100232e-01 5.243774404976566927e+01 9.894658510284660702e-01 7.648918492357171806e-01 4.504284070947998098e-01 6.937283599235052334e-01 5.754371685526330493e-01 5.301096277680156232e-01 4.535190027693829506e-01 4.151362653419692350e-01 4.817685881057482966e-01 3.796563295844601615e-02 7.763388833949321777e-01 6.546325498553980937e-01 6.143593086869472142e-01 3.040543327122087192e-01 6.354479698438010304e-01 4.446215722775268553e-01 5.317558282479672993e-02 9.954812988244142735e-01 3.386562955970201516e-01 4.940959716163324522e-01 9.898335353338215681e-01 4.551156146114387901e-01 1.299620145400022242e-01 7.842804309472327651e-01 8.327535690024472359e-01 2.288749215689093175e-01 5.270671369673661788e-01 5.035690636154636080e-01 4.718994188618002017e-01 4.895808931451982593e-01 4.833952242118630949e-01 1.293766219601236722e-01 4.639586902794925471e-01 4.974324629372048889e-01 5.718046762768314029e-02 5.614148261971889653e-01 4.219968394240729559e-01 5.959546495411128797e-01 4.800806472051245555e-01 1.131673201608278667e-01 2.228593376545466853e-01 5.236838569196856641e-01 9.419539206858598135e-01 2.343726334548642543e-01 4.012121014512017858e-01 4.491379158550337092e-01 2.739742649412014730e-01 2.245214988749633100e-02 3.426104831376657334e-01 4.955159655609964187e-02 3.395059196672076673e-01 9.364397059004845314e-01 8.319439037207156940e-01 9.861993855108818208e-01 5.858988033623458991e-01 9.748417411351637529e-01 5.090001544581365112e-01 1.333421353253909647e-01 2.575184125779965694e-01 3.861566302845345078e-01 3.804727682261839217e-01 8.351646879775319610e-01 2.024801312937685172e-01 5.242132593519808204e-01 1.794315395066795604e-01 7.710571639964235446e-01 2.215108998805953577e-01 3.971787791483353258e-01 8.332238611763482794e-01 1.666017173463842926e-01
2.776235120490389008e-02 1.409902246731059572e-01 7.753795998111663312e-01 8.498936465834098231e-01 2.013347906810453170e-01 6.252527739412681029e-01 9.159627358474698999e-01 8.819162536672738861e-01 7.048230653073200846e-01 7.297500801049869867e-01 5.407896854184187641e-01 4.486567190473949029e-01 3.564851701543126916e-01 7.507030030298512679e-01 9.972002153499788246e-01 6.984045821314383007e-01 2.176320380281780986e-01 2.735468913643579469e-01 4.268176760336185316e-01 1.605055271123738692e-01 6.690865116867711349e-01 2.454735799661114104e-01 6.850061877459272530e-01 9.411545065167720159e-01 6.045401553181470877e-01 4.000175729941870539e-01 3.883509119160160061e-01 7.621642636592068643e-01 5.684275183251926711e-01 1.543819278803545414e-01 5.395477608353269972e+01 7.027758750335822979e-01 2.436247145822776350e-01 8.983858477450260560e-01 2.469298774994388435e-01 7.122671538869405072e-01 8.764034307116240763e-01 2.183341256404117692e-01 1.262058166551024430e-01 9.574990126598260654e-01 5.517888020471003463e-01 6.206245987961477306e-01 1.040059952356331419e-02 5.271097455366668960e-02 9.584300117491657556e-01 7.150138033013571093e-01 4.004686127697218989e-01 7.456221031211629491e-02 6.289305920337708855e-01 9.214212034736266599e-01 8.518914885338814136e-01 7.331738497705378999e-01 4.783942005951831167e-01 6.525685567083019389e-01 6.887877951549725708e-01 8.965011322865394927e-01 5.507087624602711173e-01 3.138938358007997698e-01 8.751192708078621152e-01 5.641155554162724517e-01 2.737551418606014586e-01 5.518403665942772651e-02 9.557615280591703621e-01 4.273072777907398478e-01 8.489453057472063913e-01 1.932230657257875128e-01 7.713420545209179746e-01 7.081855123593877588e-01 2.493559798408455652e-01 1.495571076860302551e-02 1.637689758529665696e-01 8.021887903874989068e-01 2.509720296643231929e-01 8.633477182225908209e-01 9.982629215731791961e-01 4.502174828702044662e-01 5.338965540903412021e-01 8.126018364639789882e-01 5.292826072509089208e-01 9.244882923351505077e-01 7.615624415805798408e-01 5.655384924987967299e-01 5.746843636890897056e-02 4.582277045371445645e-01 4.097561384059170697e-01 5.156176363624676018e-01 6.999472825935409981e-01 2.788035593581217331e-02 4.517569909140352058e-01 6.564330761128506220e-01 8.656917941287947116e-01 2.179755533518098476e-01 9.161416789161362928e-01 4.248489446482819343e-01 1.987963126390800417e-01 8.059243875082465758e-01 1.219189733687024990e-01 4.680241378498473104e-02 2.661079996027804206e-02 4.878690829765996995e-01
6.289776915917841826e-01 6.657189390377259430e-01 9.568833919277427436e-01 3.987100612622165308e-01 9.765909324734375341e-01 1.576011466074640488e-01 8.793032379068139726e-01 7.549570643392164992e-01 8.854269687362377184e-01 8.898033221880552457e-01 6.259513164404295615e-02 9.515557489077466347e-01 4.596541666101064960e-01 5.341088116107336470e-01 2.200812302373605922e-01 7.706348615095772736e-01 5.271454082220138337e-01 3.043949590197961852e-01 7.817952503288921884e-01 4.772112749929053876e-01 4.813865293571382153e-01 4.698355617491666303e-01 5.315142153509606615e-01 9.876513164761480112e-02 6.089625548385670939e-01 3.835196380370953229e-02 8.427707871772883719e-01 6.757138085335044897e-01 6.651478919485193098e-01 9.038395762607827066e-01 4.528129826682836256e-02 5.460336352310815045e+01 1.815906314798712007e-01 6.604868132161989536e-02 4.552142303600075213e-01 1.541482203188793143e-02 6.304309838735155935e-02 5.712618037334170618e-01 6.602918821646035497e-01 4.229547358814356173e-02 9.493194151615600429e-01 6.385563474888054092e-01 5.255154399048468372e-01 1.233789262612201565e-01 9.442857669163001733e-01 5.515212007302970898e-01 5.015462669593258038e-01 1.135945902050420342e-01 6.613283773246216857e-01 8.714326246345958094e-01 1.134429336986826353e-01 2.191647326061630929e-01 1.904301180294388773e-01 7.212251931067560351e-01 1.537968665499311882e-02 6.252777419541957205e-01 3.889624820835237973e-01 3.784011670216838041e-01 8.411069978104340761e-01 1.437409785458214628e-01 2.797418075002590099e-01 4.134625325178599153e-01 6.927709089664823017e-01 5.800196287020294994e-01 5.399864371549373265e-01 8.550656577935246139e-01 4.929398926261935321e-01 9.774328305720182408e-01 4.986583648684029813e-01 3.954918298448351077e-02 3.568474666796291883e-01 7.513639447757629597e-01 4.815450214734404710e-01 2.221046045130403712e-01 5.825446317708455890e-01 3.715395472903609830e-01 4.738643520402363585e-01 5.953318995783024592e-01 9.382364563517580081e-01 7.033393392184603687e-01 6.887943720335771847e-01 4.910282909761947145e-01 6.554668624932038501e-01 6.811242935588689429e-01 4.989993773404139965e-01 8.689351790671129283e-02 9.001573224325218892e-01 4.551252981046659540e-01 7.918186293833415768e-01 6.209795685715370217e-01 5.721777589864999181e-01 2.404874707582786986e-01 7.458267244830333320e-01 7.363948533362698612e-01 7.950619347140486237e-01 8.739240767632040496e-01 5.213720924270873747e-01 8.548689383756262750e-01 9.388924046431613712e-01 8.337241243807468338e-01
3.381541739966308358e-01 4.956809672047618465e-01 9.078449259467210597e-01 3.435656596891958348e-01 6.649728319673460231e-01 7.516909561554554475e-01 7.205551469225259797e-01 8.692901055053718906e-01 7.750424523298169444e-01 1.140813814575714069e-01 3.151265722318553619e-01 6.927740470967094222e-01 1.711764756562095258e-01 3.074704155572756115e-01 8.307317228313111368e-01 1.847871029895246098e-01 6.562153654619526932e-01 2.601132448716226842e-01 6.659407022149171906e-01 6.747643522882683653e-01 1.537917982859889898e-01 4.206606875058549466e-02 4.971199796715419783e-01 5.437850371540321470e-01 4.724042805661504696e-01 9.602588949870720647e-01 5.868815762976326011e-01 6.152564527801059890e-01 3.859619129611870925e-01 3.938874943815889873e-01 9.340443855603368650e-01 5.292385042446775545e-01 5.339250550108784665e+01 9.025488187633340376e-01 4.120481807041707079e-01 7.154131796368634610e-02 1.918978432289656366e-01 1.096698892074954301e-02 5.642449599678581729e-01 8.654673962090220218e-02 4.579106284622256329e-01 6.400734473504909872e-01 2.371178373628805014e-01 4.401212204871699507e-01 4.403978936341035322e-01 7.394400407838495060e-01 9.934830013346295230e-01 8.785892199933130753e-01 6.677852178428360652e-01 3.319337655217685645e-01 2.119257407494492540e-01 4.441534344431324888e-01 6.109974520618788318e-02 6.600237424340172909e-01 7.121894761114424544e-01 5.648311154040814852e-01 5.504189279969987636e-01 6.641302460805391661e-01 8.048665203340754637e-02 2.406392196837370268e-01 9.462222616906076356e-01 3.590003480146654047e-01 2.048241383299297391e-01 3.944218439222819672e-01 4.093821310910166211e-01 5.822579380460035647e-02 5.447139798858121607e-01 5.557096145422355526e-01 6.008963714830201086e-01 8.150702405880606571e-01 5.666400267604010388e-03 6.710526783961976438e-01 9.454839780827117846e-01 1.902460092160369598e-01 2.321682009793054613e-01 7.917760739424938299e-01 5.480766301802575402e-02 4.593513829542951177e-01 6.786030530796300919e-01 4.335785924822855852e-01 9.332429512085255174e-01 8.939592399468626605e-01 4.925625093451511116e-01 8.275524530588993510e-01 9.054717791629356416e-01 7.696523261474952360e-02 8.554680649184741581e-01 7.662404896193422132e-01 7.352895122206957179e-01 9.395265800682141011e-01 1.796306960270366293e-01 3.026316805863922266e-01 9.772103582595602633e-01 2.183959383256165454e-01 8.175417464058942763e-01 8.113896054959838233e-01 9.447023824780467205e-01 8.779907705463785295e-01 7.941898096491180059e-01 3.897175465647391146e-01
6.587800116425255315e-01 2.074936020238288270e-01 7.803936869096897988e-01 3.413439424814487255e-01 1.485876939288807153e-01 4.906441771574487909e-02 8.515772054759301879e-01 6.123964827425842916e-02 2.256548814500367595e-01 6.521539781374052769e-02 3.053388585780753006e-01 2.276684746419765926e-02 3.626921965789117186e-01 7.399730595584579351e-01 2.975649775729283242e-03 9.214998294171757864e-01 7.721844005833000679e-01 5.696819630530597367e-01 6.815040208606226724e-02 2.810206401306416524e-01 4.544108790162978417e-01 1.167879284223527492e-01 6.342439872835173853e-01 3.825699642151746405e-01 4.265721098709498449e-01 1.863589722262694037e-01 9.168242179207605203e-01 9.833975579565942260e-01 4.978727167891031646e-01 6.300752367456147196e-01 1.472658328745045653e-01 2.620724611633010737e-01 3.462026020410799987e-01 4.808985447733148533e+01 4.508531360124734544e-02 7.380196140863007903e-01 6.305398346840196400e-01 3.395960871425444116e-01 7.516480183241074364e-01 3.483261590387076723e-02 8.681811521659621445e-02 9.441489403209397668e-01 4.466541713830503024e-01 3.056084041703779342e-01 8.786595178751710478e-01 5.904851630656325900e-01 9.270017062780271377e-01 4.372870965485988748e-01 8.915985713934354573e-01 1.759476630950107534e-02 5.921465760070705464e-01 6.168515894436779057e-01 2.472832782251468409e-01 8.486006240337646833e-01 1.568414543481601031e-01 1.255142154672154176e-01 1.869276783857599655e-01 8.519348260107197923e-01 9.977166622633477644e-01 8.065878683984256670e-01 4.307020479688166148e-01 8.734926792763735293e-01 8.366370223031012188e-01 8.035315791106800720e-01 9.003061172644007959e-01 5.007393464543691275e-01 9.974863687083356245e-01 5.042120440199979736e-01 7.301610962329426746e-01 7.670715077117894465e-01 9.891990348725054893e-02 2.246983365200351246e-01 7.281860568898116393e-01 7.682227401006550549e-01 8.405579697400167305e-02 8.669899500585416252e-01 3.652561998388828002e-01 1.538549400820889979e-01 2.821240274755519861e-01 1.323556140883571652e-01 5.000215904173610504e-01 4.590529453340952415e-02 1.279776401693293320e-01 1.337100689454533420e-01 6.294619421586866714e-02 1.672484884693791196e-01 1.007239120158552881e-01 7.174074394934829568e-01 7.148919252046754824e-01 3.559841996284506260e-01 4.833813925263830136e-01 8.201069824248667928e-01 7.631733946401384472e-01 5.867911855689960099e-01 7.604405236989650874e-01 8.817401068694041832e-01 3.302156599221028888e-01 4.025743395248033707e-01 3.000253755512878318e-01 6.621924619750896301e-01
7.969390877608351076e-01 2.055726262356730727e-01 3.775258126683103121e-01 2.091203418155807015e-02 9.204405339915660011e-01 9.048447375472090659e-01 3.346743847591235888e-01 7.815339360122458556e-01 8.047087430725791135e-01 5.773372820068867206e-02 2.815974924225339571e-02 1.212094723980120525e-01 2.984561607132948380e-01 5.621897349366427044e-01 7.766787932164347374e-01 3.688187575349650693e-01 8.892225445081418655e-01 4.865967826371815352e-01 6.086359268291230418e-02 8.158401441926620423e-01 9.214536742448041773e-01 1.945758574828914123e-01 4.509654825471225426e-01 8.532998366166079096e-01 1.772729398772405762e-01 9.619657071438580953e-02 6.259471740248547800e-01 2.279084017509228621e-01 1.860999830418966772e-01 8.338367219965276966e-01 8.458152593285565013e-01 4.183961134619980093e-01 2.808588088801683424e-01 8.247470635303685293e-01 5.024486852866991171e+01 1.452542039256243811e-01 6.179915554243031739e-02 4.503389452603581145e-01 3.143474539477467689e-01 5.380676462623168455e-01 8.699850668325825875e-02 4.870043088353336325e-01 9.220918035403273816e-01 6.910234597184556904e-01 6.339575350996563552e-01 5.699191294803442887e-01 9.493946951612872720e-01 1.385307556662179751e-01 5.255086400859283469e-01 6.463194035213722932e-01 4.831134880525683739e-01 4.593270611599933329e-01 1.515268068214530306e-01 1.516542166432095495e-01 2.600709035178933037e-01 6.420326415742986237e-01 2.455066255842098810e-01 5.831253727324520186e-01 5.256263235850427984e-01 3.044845491626808620e-01 2.334162114380222697e-01 7.844170206351297470e-01 7.689511577570522505e-01 2.519563120575066817e-01 2.269796645788517697e-01 4.852331756666342644e-01 1.257994642447025635e-01 4.676822073136005509e-01 5.896209224877035915e-01 2.181288621072906553e-01 8.046362911260764861e-01 1.508901750410801545e-01 3.208598164027318678e-01 3.659838129223695891e-01 5.119177769461765726e-01 5.835729596969296828e-02 8.740903824528079014e-01 9.145106270834467699e-01 8.115918927626677437e-01 2.958849919660159200e-01 5.772064091870940938e-01 2.099696765273720844e-01 2.131866068001754266e-01 6.089890938832729361e-01 6.705601906477218765e-01 6.249647308022270309e-01 1.837237140358184417e-01 9.159218636948279757e-01 3.358801286465824543e-01 9.538215618942884610e-01 6.775138274435388297e-02 8.312978175970970884e-01 7.015998939107129795e-01 7.490677377130672276e-01 4.530487335169469665e-01 9.130556318164342322e-01 5.109054575624090155e-01 6.754693537675753312e-01 7.520149358400042283e-01 9.433589023562471976e-01
4.199892069240128700e-01 6.987211479921109358e-01 9.121276040631027815e-01 4.037061289377386064e-02 1.428615489721640763e-02 3.064457697918540058e-01 2.091260388850229024e-01 2.079246528705742669e-01 7.198184684509740805e-01 3.009490765862525841e-01 8.056355058213996445e-01 3.729533195096107479e-01 9.994018635707635489e-01 6.984613661865552992e-01 2.646031901757157634e-01 6.339195965953744460e-01 8.925722344473023817e-01 2.143497275783861067e-01 7.312546028127780984e-01 3.120236283967892099e-01 8.457306396281285554e-01 6.956053861559403639e-01 2.824607115518464884e-01 2.091352753420154809e-01 4.034949902565332369e-01 1.725065154933107525e-01 8.702823995009094649e-01 9.903416531183044658e-01 8.835866852116613934e-02 4.620844286392908895e-01 7.681570315431773821e-01 6.087311810740759777e-01 2.855124927351548880e-02 3.237056844512639087e-01 1.622821903348096173e-01 4.995460812547853635e+01 9.063700608478922893e-01 5.587739622523704153e-01 6.023017864703622548e-01 9.490430692292414205e-01 4.380777504847989112e-01 8.254459362692245783e-01 9.238783281924967117e-01 6.676958284731150384e-01 9.645759090777714650e-01 9.624726072937587196e-01 7.078071598672092124e-01 4.833616223561069125e-01 9.955825053441125227e-01 7.657344509447686631e-01 1.202900765665000371e-01 6.226399892761677046e-01 4.497865396455469345e-02 2.580870417789753457e-01 5.213023697916030486e-02 3.318866428028305338e-01 1.778480702770437460e-01 9.137608981712026512e-01 1.821346369253044051e-01 1.354000984379957195e-01 3.644975911560731641e-01 6.654939700705688743e-01 7.896474288984598466e-01 5.655604693288756035e-01 3.057346718743925162e-02 1.520806664255048846e-01 4.194752311814354817e-01 4.601978543845374192e-01 6.165328499217261893e-01 2.800980955875117528e-01 8.325393590865137750e-02 8.475815136443803910e-01 7.257383149225971053e-02 1.826121257358709338e-01 5.180226054885055387e-01 9.221993593722223048e-01 1.421261026862773447e-01 8.678623111856748062e-01 1.143959904976510344e-03 8.520571520284320188e-01 9.058347165260709488e-01 8.136095223489711037e-01 7.335675688642319114e-01 6.317579748573486365e-01 7.412578655004924411e-01 2.386186895432159671e-01 3.308569728599144444e-01 3.303666996753641394e-01 5.073933038284628161e-01 5.343196797337980142e-01 6.034876707965305398e-01 1.895542180923754927e-01 5.465393257616824041e-01 2.504306906333152449e-01 4.394147137827045801e-01 5.536862682091617804e-01 5.497733419892416595e-01 2.041549776833162522e-02 2.701786735917951487e-01 2.655495583024792827e-01
8.358176070278999781e-02 5.741073352661218987e-02 3.839435681606928608e-01 1.380355581173626778e-01 5.765424106376129121e-01 6.239995779450443480e-01 3.318858281215830708e-01 9.851532149327579813e-02 7.546096099526020673e-01 4.139567307643322591e-01 6.948522759127433446e-01 5.518062103233154492e-01 9.598267467093044569e-01 6.411330001838450032e-01 6.702097261806472250e-01 4.195556405803799738e-01 8.531617708159018321e-01 6.070290710435992665e-01 4.316930786223872607e-01 8.506121580752468159e-02 3.586868571215495738e-01 4.711039951110382873e-01 1.223811546042781195e-01 8.878243837419552698e-01 7.243433420008269508e-01 7.717937216844088510e-01 5.932550368580282729e-01 2.751458522635961135e-01 9.763090249488559635e-01 2.476637970558623891e-01 7.923144166505797781e-01 4.296695623134457742e-01 5.130317594215937360e-01 1.082302526843016421e-01 4.543750472911477489e-01 6.291750766750763280e-01 5.461854507218213683e+01 4.674434245791031506e-01 3.931617626497162510e-01 7.761046611266128048e-01 4.666672818020334290e-01 5.462656632213668262e-01 1.568292783341473928e-03 1.089285992757039745e-01 9.787211799341200003e-01 9.563463409516987923e-01 8.680042320134196965e-01 6.908178307109440475e-01 4.727185951909478323e-01 4.364488418256853297e-01 1.232945939860322637e-01 2.990086106185854131e-01 3.743546506205244206e-01 1.737941586289554197e-01 4.413819250738619804e-01 9.070518130145819313e-01 7.406114641721519565e-01 3.961238260101563879e-01 8.381481537777438762e-01 7.383391207245105781e-01 3.880694807584116335e-01 5.731525421535839104e-01 6.006301758542812452e-01 6.732435865220844917e-01 5.999728026260128244e-01 5.376716827040849411e-01 7.312705425056919006e-01 6.882900304575344519e-01 7.760955268796988493e-01 8.859744191779859168e-01 5.802658684174408776e-01 7.319585566854700520e-01 7.113865400761950619e-01 3.612144580639542468e-01 4.266833809943689770e-01 1.794258724015401762e-01 1.116086879557888212e-01 9.984085728879413812e-01 8.617987099557042896e-01 4.281533032565929542e-01 5.406514961903977623e-01 8.971651566460721039e-01 8.191823377199785039e-01 4.319414440312737691e-01 4.674136972130007450e-01 9.666377413414096731e-01 6.482638616367186746e-02 8.314373929265449492e-01 1.184157235613658710e-01 6.186567127678671563e-01 6.074959790978895491e-02 6.729100482859018406e-01 3.947180497684538159e-01 9.513240289131413840e-01 9.249108272770111272e-01 6.758972087769740122e-01 3.559688040715448532e-01 4.293917619871311375e-01 3.658856910060652723e-01 9.016105416398937367e-01
7.038003351113515382e-01 4.866176004503350860e-01 6.579087019252717328e-01 6.735115543635772362e-02 7.420252287488484644e-01 2.388782251190658679e-01 7.576403338363164597e-01 6.710086042140702700e-01 4.610238844968014282e-01 6.948542458036914837e-01 5.702349372322798038e-01 8.839810106632854936e-01 9.869899670215216414e-01 6.797837346997849250e-01 3.334949378004727905e-01 3.592906041637157211e-01 1.066357496720888864e-01 4.837136095983680661e-01 5.747474210631303704e-01 5.251620568390776844e-01 2.108234255294128001e-01 6.985333755539206990e-01 6.546813954472355812e-01 6.735318603806663695e-01 8.996696437250906175e-02 6.114736337769988150e-01 3.155086447500019542e-01 4.039020436052905838e-01 4.033844687089599423e-01 6.634327581582946110e-01 2.707498910503132183e-01 4.767917678916329116e-01 4.157359954950801129e-01 6.929130189749508340e-01 1.579757798488125031e-01 7.681349659069167668e-01 2.080024643047903021e-01 5.402743675244575172e+01 8.189460140377383679e-01 9.763759447313761219e-01 3.966217706028474232e-01 8.649566259463883355e-01 4.485060697400788943e-01 8.361212055303227642e-01 5.507812323872709470e-01 5.168515228262637873e-02 3.393021895769143814e-02 8.778477507046306139e-01 9.961682579367517887e-01 2.524255291219612563e-01 2.847034410396306336e-01 9.166772764768584825e-01 4.876730108721351042e-01 4.137813880196983263e-01 2.757543486188904769e-01 4.556326161430587218e-01 6.977996396996413164e-01 5.977875912350464338e-01 3.188768993925847894e-01 1.657880687865271874e-01 9.398277505136426457e-01 1.924426321987782185e-01 7.024166020698826562e-01 3.764923583851060851e-01 7.235118495026067187e-01 6.571795352682474611e-01 5.977136779402619782e-01 9.588175658558806269e-01 1.366352315357131086e-01 9.957623004269506861e-01 1.108687137911368303e-02 5.445459761484334749e-01 5.575489103774050603e-01 2.708599709924004451e-01 5.096952305023028096e-02 7.536887202444977341e-01 1.740396544022717595e-01 8.909533884992516528e-01 5.708637060389492035e-01 3.125220179286011257e-01 6.707485164644481079e-01 5.275301132942544768e-01 1.309561555639773278e-01 7.693606638309055112e-01 4.705147992260918510e-01 4.714453985472691899e-01 9.560719104616197672e-01 8.584302922020392579e-02 9.272415611594266860e-01 1.416805818461406297e-01 9.061134286523545578e-01 8.572165954261917742e-01 4.562399376151565766e-01 6.662575976423035229e-01 3.519036048931545313e-01 7.477214345017993979e-01 3.080815319027694343e-01 8.569395871591826142e-01 7.540638650733328952e-01 1.762530364110903580e-01
2.164092921213660592e-01 6.118005138925045605e-01 7.921036913537911062e-01 4.360594537143528404e-01 9.989576307632833663e-01 1.569643178689442697e-01 9.086595404712993762e-01 2.128162417120669225e-01 5.806991527807869868e-02 7.367547949536966678e-01 9.070848104014722635e-01 2.451454130489056915e-01 7.878429470871176621e-01 3.339540582849997996e-01 4.629794245333000990e-01 4.786536013824843616e-01 1.631193215243620376e-02 5.747165806758798290e-01 3.621856824313435252e-01 7.517649603679436021e-01 3.862017016516098300e-01 8.327332884177928163e-01 8.994264101082605212e-02 2.910054716612847647e-01 1.536630834030239257e-02 9.897990609353188862e-01 9.186180608921042934e-01 4.467498844778805545e-01 3.932432638511524914e-01 6.563916122692363686e-01 4.205540894338459790e-01 2.683252164464271505e-01 9.114059604580941887e-01 2.646102856974904549e-01 9.372602168387300647e-02 6.964307863748020466e-02 7.026628191882916541e-01 9.458457734000906836e-01 5.209464556333764307e+01 4.710868769501496134e-01 7.464328483761271116e-01 3.437265082074687506e-01 4.473455648849971045e-01 9.323800927119356707e-01 7.277671382398911426e-01 6.833763585797827389e-01 2.987409037779332754e-01 5.798773407891573139e-01 7.705601516221671776e-02 7.381906963528090948e-01 3.549386726169126982e-01 5.789879072916814806e-02 9.838217379746347913e-01 9.720409912582818057e-01 8.838315299626333665e-01 5.166422088533624279e-01 2.564467554405137628e-01 2.679071513258901582e-01 5.211657520834331869e-01 7.442090592703431984e-02 6.156230909075133262e-01 1.114142662604283851e-01 8.653545916585657638e-01 5.283304728243923831e-01 1.331554109983034140e-01 3.378042904851940031e-01 5.469875779099565571e-01 6.088721729780138814e-01 6.346813280517749067e-01 6.918809770597488251e-01 6.137288320731204561e-02 7.322926365337156795e-01 6.075590524126024405e-01 6.818343405017431857e-01 6.073591418340149595e-01 3.153995208005596629e-01 9.455909318064779079e-01 5.927658779749787055e-01 7.019581958690307433e-01 3.548183852691277895e-01 6.104154633915187533e-01 8.924215029624539275e-01 1.908226632023082292e-01 9.161649090189842859e-01 3.449710663899842045e-01 9.394747395035821791e-01 3.542724025099580620e-01 3.700840452705853600e-01 7.858175818574480997e-01 3.657779296662070356e-01 1.702307989774761721e-01 7.483488804196969379e-01 7.621053827893095045e-01 3.079867048243117855e-01 4.261924732700940188e-01 6.215896539255516551e-01 4.636563108568679814e-01 6.464660396253224528e-01 5.311558824053881356e-01 2.529096249078133241e-02
2.813470208263345596e-01 3.022955356005948557e-01 5.505936949693476246e-01 9.554535015407766840e-01 1.611817903408361285e-01 9.313616160672064659e-01 5.458316462762015098e-01 7.497830328135118849e-01 3.145218422584539208e-01 3.217306631741235767e-01 1.694091929892828086e-01 5.528095856896632077e-01 5.404923115836082204e-01 3.830479945441598311e-01 9.258475125126268690e-01 7.219102767274478971e-01 3.824202139278994883e-01 7.833019011773328932e-01 9.479335027051094542e-02 2.320134865245693234e-01 6.424095670534178959e-01 1.231543478273169345e-01 1.190851294122129422e-01 2.595165098270654225e-01 1.053663562464611791e-01 9.660834226287867699e-01 4.072122425173554383e-01 5.475178570819851931e-01 5.549267900929577557e-03 1.872048125237576466e-01 5.480236826398916516e-01 4.277934654951734972e-01 5.489312111520840975e-01 2.767735517852377702e-01 7.665476898529620664e-01 2.308906724126487120e-01 5.616168818247924133e-01 6.341162906805857258e-01 2.079004295392908874e-01 4.585244921270187035e+01 7.079268564918571593e-01 1.264489346177468665e-01 6.416472388965748230e-01 7.997703643856586275e-01 2.534387465547547347e-01 7.004665711171457199e-01 8.243641251705626782e-01 4.684440498402938635e-01 1.301031702814966495e-01 2.071944499729749811e-01 2.164238799410286296e-01 1.952656829436952846e-01 3.045470482838444903e-01 4.529216033376101125e-01 1.528959574854049652e-02 2.023448544592124643e-01 8.406421451373723430e-01 9.208009104791397004e-01 7.835286077671654859e-01 4.944873171703877412e-01 6.558686005243830053e-01 1.223572616304100524e-01 5.811622372275896398e-01 1.992846250608881764e-02 2.609058710099614320e-01 4.018398117874808495e-01 4.177320135546481739e-01 3.644555286038843045e-01 3.157995733509121328e-01 1.136965834478259607e-01 9.584323443056163017e-01 5.460016414841758481e-01 8.964016727869505985e-03 1.052936427278095000e-02 1.710961638483166070e-03 9.763699332660269459e-02 2.812050960309759873e-01 6.019524026166142017e-01 8.450194895089391256e-01 3.133572905203699799e-01 8.891435686974379360e-01 9.184217663588032377e-01 6.721847502564948229e-01 5.489151293555408762e-01 6.942030451396761226e-01 6.577028232515462758e-01 9.469281043694015576e-01 1.964080485561547906e-02 8.263248885027393298e-01 7.455606234851422931e-01 2.377145635676549684e-01 4.613994092455310225e-01 9.621316119167900860e-01 2.000056397433389588e-01 2.855761849144805575e-01 3.925837016241432442e-01 3.624861095725646631e-01 7.061737940271006764e-02 6.647355355983393110e-01 5.263679227482309653e-01
1.293953674459200620e-01 4.991613683381239674e-01 9.711562301658465124e-01 7.031097395663558070e-01 8.609314424029901325e-03 4.545498321002251485e-01 6.671558270171421556e-01 8.108972532498818220e-01 3.117511840140781976e-01 1.585541150007291344e-01 5.138910488872935334e-01 5.358364869651294216e-01 5.675414180845556045e-01 4.986368587154919041e-01 4.621640346949980049e-01 5.364074332942265766e-01 3.117715451202373034e-01 6.527346492557444257e-01 8.817427381434382871e-01 8.109453292040171846e-01 2.599661336884619978e-01 7.085598991763752963e-02 9.896303665225617552e-01 4.734036525898230874e-01 9.080298701189003507e-01 2.582973738799290153e-01 5.694015148490642053e-01 1.367017211191418058e-01 2.514300267214397699e-01 7.709700314467818894e-01 7.998468469530499725e-01 5.458746235771455568e-01 6.972858885680588426e-02 1.747517618217082624e-01 2.843108864750160114e-01 6.480046675240704879e-01 6.349073259354416354e-01 9.705788815948068748e-02 2.050474199189784574e-01 1.032240127018839715e-01 4.813286906469188864e+01 3.369590427167059588e-01 2.475924699119980144e-01 3.801959370547758343e-01 9.877944106059164397e-01 1.573278591764445400e-01 1.557067749530263168e-01 8.956995007498297356e-01 6.945053480816021363e-01 9.170740618007122702e-01 1.110208008491778697e-01 2.585541714339153474e-01 9.928927613335397639e-01 3.889637720986447444e-01 3.544387533950791314e-01 7.809482771238126508e-01 5.952663536696516378e-01 3.860309046269350119e-02 1.591556643529593584e-01 9.188264497426587019e-01 9.906350115114772592e-01 7.389454813221526530e-01 5.216487894921906232e-03 4.823898385382605625e-01 7.185614756028100292e-01 6.168781611102774898e-01 2.678580404691770500e-01 6.813673764664573973e-03 6.913187804202584053e-01 9.175594468952420479e-01 4.402448330702981583e-01 3.541597843197162865e-01 5.151329195936278360e-01 2.673543291984362691e-01 7.525190683850975226e-01 4.059930863344186625e-01 2.336099001362224037e-03 4.611259645673667640e-01 3.482319265509310480e-01 2.528684746410125861e-01 5.561143848335441398e-01 3.075479011258138717e-01 2.376015865844726127e-01 9.795114806707383437e-01 1.158419202599958453e-02 5.742599207296453789e-01 5.970461049852179292e-01 1.828163824156433526e-01 4.479290084942243455e-01 2.687957182715463578e-01 2.452935965779656780e-01 4.746131822039235670e-01 9.130426514237113267e-01 9.117077381080740395e-02 9.840124782075015952e-01 7.049943209163440638e-01 1.680630991371163674e-01 8.434009506292614589e-01 1.014267025479067552e-01 1.502239349509784105e-01
6.456855803368968250e-01 5.934394089976120501e-01 3.842549273113987640e-01 2.367831936208486532e-03 6.698290566108779931e-01 8.017358666708692683e-01 2.717171086575702610e-01 8.154803095468514673e-01 9.141739271567190794e-01 7.250885393658978995e-02 5.832195740348955493e-01 1.781252619996871456e-01 8.381588204204587500e-01 7.444508966927299021e-02 6.544153055771216865e-01 2.977476438865485076e-01 5.747721865934044549e-01 8.546878625141415275e-01 7.956085501937641968e-01 9.057806281788904901e-02 5.916388439792730214e-01 8.872729762370009654e-01 6.135796491243845630e-01 7.103727155002215188e-02 7.353491481412253172e-01 3.145276229523289446e-01 4.456905092996543694e-01 5.377636139725447961e-01 1.292986246198047917e-01 4.077496483966224217e-01 5.202171167354829873e-02 6.987625732262581213e-01 2.276109882313518407e-01 4.430681799758321437e-01 1.853992664502189802e-01 2.926857493121770570e-01 8.933074846622748311e-01 5.339405294660478640e-01 8.219111628746259557e-01 5.357721867371371127e-01 2.576081448740848989e-01 5.087636741061152890e+01 9.008238769745590124e-01 9.197090929073702403e-01 4.875200563917803098e-02 9.535063911589358732e-02 2.441219438667994179e-01 1.417248278256812988e-01 2.927599066776985781e-01 4.924494365904551474e-01 8.982893425713061042e-01 4.826729684168548085e-01 8.961330502455397973e-01 3.022264760770755343e-01 1.221609765693181249e-01 7.938690447210302592e-01 6.601731242647023157e-01 4.730359954892920937e-01 1.795163797464471855e-01 7.627020681569595117e-01 1.365139994472630569e-01 8.457094647505316587e-01 1.547582278990279336e-01 9.108921768993928358e-01 2.645082501051323476e-01 5.399873359072352441e-01 8.742183936513991949e-02 5.768202525003576220e-01 3.316881545700509637e-01 3.230574269789869835e-01 9.909427921652439464e-01 6.689564934086834613e-01 8.230934837430631257e-01 8.469739701774787743e-01 6.501249269218222215e-01 7.583081907331141736e-01 2.060613916364251175e-03 8.094588001850292480e-01 3.639354153435331307e-01 9.643003124117491831e-01 7.002386658747588033e-01 6.021335144114566829e-01 1.308470519645222874e-01 7.523636586555798589e-01 8.382974285035582618e-01 7.627690053063014286e-01 4.484605720430312470e-01 3.152996475586711256e-02 3.599796705382403150e-01 9.225764272575859293e-01 4.130205468573184824e-01 2.803676993822893371e-01 7.142752860591330411e-01 1.174606491494037952e-01 4.563135681392461729e-01 1.069102444800174023e-02 4.717832373934441881e-01 5.297745322267483070e-01 3.698754653649639623e-01 6.568308864840191053e-01
3.609711790316864066e-01 1.002899606942622146e-01 5.458419367638172037e-01 3.460956565355663983e-01 3.704851818497534310e-01 1.326954684875889523e-01 8.785856592455683067e-01 8.095495124747114080e-01 9.133255375844751001e-03 5.521439685859895752e-01 7.565924891486462966e-01 3.567199118270303337e-02 9.958720608497545479e-01 2.244585902446432080e-01 2.153284678041581524e-01 1.324950517833288766e-01 3.291382512885591138e-01 9.225271834433633744e-01 4.067896503397128161e-01 2.204866591641904128e-01 6.276865842451296862e-01 6.673464645264961526e-01 5.951834557500060852e-01 1.177407603593292329e-01 7.334909155190187935e-01 5.905204946600000060e-01 1.758340315526057962e-01 5.476141531564822085e-01 3.352983137579410577e-01 9.373601713300816485e-03 3.575715128475077664e-01 9.657982121839490119e-01 8.527834695789330288e-01 7.627314660965028859e-01 9.290108130285930077e-01 8.994374552530470801e-01 8.668783274474367584e-01 5.711211770907174134e-01 1.247792683970103678e-01 4.857015308162460077e-01 5.017370938865889363e-01 6.422737034686367696e-01 5.106803747832451990e+01 9.614879387410092404e-01 2.333063560711580164e-01 9.786486657422908131e-01 1.157864561489435618e-01 1.396386416852634094e-01 1.164780720674351011e-01 6.567040050310620769e-01 4.759369097981869245e-01 2.305071865607345449e-01 2.254559680949919098e-01 4.364235548185528835e-01 1.586649780345816829e-01 4.501224739531406449e-02 7.824389991045620496e-01 9.972663921268276610e-04 7.069708105413169408e-01 4.408856540591422624e-01 3.039170381729410231e-01 7.187374474197139040e-02 9.565553947519159772e-01 2.472803993543858381e-01 7.584876397105962953e-01 6.489593305886731667e-02 6.898140434551069955e-01 8.483013867097172200e-01 9.583560427500348311e-01 6.503059418891473653e-01 8.064077135926400741e-01 7.565742750720856336e-01 7.395228822416084480e-01 4.399247383507167708e-01 6.397660556503073082e-01 6.386981472232488022e-01 1.875619418080493039e-01 1.127363206802657336e-01 4.411458567610823112e-01 9.305396216630169581e-01 7.963410036673745918e-01 1.039955208332699055e-02 9.947029774359400500e-01 9.321038016172027429e-01 7.993294435408234699e-01 9.869954972850591979e-03 5.185320456855847526e-01 3.433496075048675378e-01 6.094016284619176993e-01 5.256971574243030076e-02 4.656802846825933706e-01 9.578649537894269317e-01 6.689245695164846017e-01 5.081785437134422878e-01 5.541400440462616039e-01 2.455475340603386902e-01 6.429184728469368171e-01 4.221214954942680286e-01 6.243896252732644703e-01 3.019430891625936031e-01
2.279395736966589592e-01 2.938804957306807575e-01 3.945044896065400541e-01 4.338226883058537986e-01 3.885110428569251706e-01 4.991534039493070729e-01 9.609707326277234785e-01 4.230757191612726231e-01 9.418015749467858466e-01 1.849131322846248038e-01 5.332267648433459684e-01 9.623422063213836752e-01 6.899370427615392209e-02 5.264561931748864554e-01 9.901662268971600511e-02 5.095414862905036646e-01 3.498343575128617378e-01 4.557069045231213478e-01 9.039072964714429670e-01 8.937154443701589290e-01 1.923998093847258950e-01 4.101631874653777210e-01 5.644707767738765813e-02 8.701918007851849879e-02 9.248908390131724833e-01 6.112263726564615141e-02 7.790698138389501315e-01 7.349685057910885222e-01 5.794888046046404728e-01 7.566311448092325476e-01 7.425312223054838512e-01 1.677092562220441341e-01 5.834302369096333596e-01 2.852222153521022374e-02 5.992920336865545927e-01 6.640451767236789093e-01 5.381331377452964748e-01 8.872619163295011324e-01 6.586798397703670371e-01 1.173698554332804900e-01 1.740247390813681738e-01 5.147850193124435814e-01 8.213392832174715164e-02 4.673594563121540091e+01 1.874422281264813694e-01 6.130534469368745798e-01 9.522251794799013735e-01 7.718426017133438455e-01 4.794394257939389448e-01 1.116773619760071945e-01 2.812258838716577003e-01 3.058199815575549652e-01 9.888981320856656820e-01 7.474537045906171073e-04 3.810888072668021653e-01 8.888694155260786767e-01 1.732589068392474951e-01 8.182240324938766518e-01 1.384189145446793612e-01 4.130597097044264032e-02 5.048927115733736759e-02 5.832133756112554135e-01 2.445077206456187646e-01 3.616196492413881192e-02 1.747790612492640117e-01 3.477094189814933234e-02 6.035577589876298665e-01 7.477305241597151930e-01 8.794472161633578589e-01 1.986606445179780467e-01 9.799916327840291208e-01 4.194469833789238322e-03 9.093045997896177512e-01 1.290289724230717638e-01 6.675753587813374468e-01 3.288892518269478371e-01 7.903398783972515051e-02 4.073105142398469880e-02 2.049174984555741652e-01 5.853352859868128366e-01 6.130787503400794147e-01 8.856150524887663744e-01 3.647641220171794485e-01 1.367359727290207161e-02 9.554363818486292237e-01 9.066305451882061828e-02 3.531566697338812677e-01 2.376986722265047591e-01 5.660939217157955339e-01 8.973491330303724478e-01 5.194381587328898986e-01 3.791501000914642150e-01 1.440303052866382938e-01 8.655787919169282141e-01 2.435688288490215347e-01 5.378726182019193391e-01 7.246746035076473413e-01 7.752713054015329952e-01 9.308070556574642440e-01 3.976684305232168759e-01
3.614228542860686844e-02 5.072781498364165031e-02 2.578485481969310378e-01 1.007894441872864144e-01 3.935705576943967499e-01 2.749038014917195571e-01 9.966859862538934856e-02 2.030579907029573805e-01 2.888356071089656085e-01 8.897944653808279591e-01 3.358992230149047131e-01 1.962205032391839410e-02 3.062704946694404518e-01 5.208419968423917412e-01 7.932477056838138640e-01 4.154046107688692535e-01 8.414211118590272376e-01 2.416138717970437444e-01 4.064388122979409879e-01 2.771229359857658725e-01 9.793361855403831528e-01 1.172696188717029520e-01 7.494456295638219911e-01 8.927083262572709232e-01 5.126874103594858401e-01 9.567239356917095483e-01 9.619178686681467694e-01 3.563754524063397211e-01 3.451224570668323111e-01 9.972429726518472481e-02 4.897607692163550297e-01 3.404071504461265718e-01 7.190326220212918118e-01 7.946068593373301070e-01 7.118738713136734120e-01 6.970855593912768100e-01 3.233297979697944413e-01 2.235148301018207162e-01 5.153719809829638843e-01 5.275840333751818934e-01 8.769885864871207470e-01 4.235811016372881266e-01 8.710084629883960705e-01 3.295433316123931311e-01 4.999540528863169442e+01 3.801894730554119528e-01 4.355051053167241504e-01 1.613533367824078191e-01 6.430573257709369939e-01 7.385003203660099880e-01 4.605222251808340772e-01 9.709992816356191048e-01 8.928263622703486169e-01 2.584634728935161219e-01 4.588567245910246672e-02 5.246287157356889219e-01 6.929914357666175917e-01 7.660395330156892779e-01 3.959293719986736182e-01 1.872194596312626302e-01 6.909126986967421002e-01 8.597497034367065361e-01 9.437230213836930171e-01 3.892098447182458232e-01 6.400069779988358798e-01 5.628197963825976036e-01 9.058632687860168620e-02 6.078680535447192890e-01 5.656925062189648301e-01 6.678593081457900871e-01 2.830622140890308724e-01 5.220983767849308732e-01 8.429487105342146069e-01 1.877620187603120661e-01 5.548585015626772421e-01 6.125237787292348024e-01 3.542069191028442976e-01 9.367149320217866837e-01 7.102786380345411654e-01 7.948427759222065347e-01 6.994316642793166894e-01 4.594958886348845528e-01 6.212925883239112101e-01 6.916946154606471442e-01 2.622830161890573608e-01 1.439713510038447275e-01 1.893358923114203396e-01 4.969187491654761812e-01 5.414008113239576758e-02 7.077105967634739203e-01 1.777538522028173640e-01 4.569529866714208133e-01 5.165249965453244663e-02 7.413624036652622928e-01 3.844845473408508019e-01 5.924623911966486745e-02 1.899825705453898061e-01 7.584771560430909609e-01 3.699605213251021540e-01 6.283850126547038117e-01
8.913829288215895374e-01 7.538165060435200182e-01 4.183709034980986896e-02 8.417983260424166669e-02 6.916822691188720951e-01 1.491563674136675566e-02 3.116075578415895553e-01 6.615720291616423721e-01 2.383136437850376099e-01 5.474262851965683296e-02 7.565715672193035202e-01 7.907068349469412727e-01 6.645017278607299183e-01 8.480737418569387343e-01 8.004228112756339719e-02 7.034436349469221916e-01 7.983101034199593382e-01 2.292858885078834508e-01 6.567491947199166624e-01 1.013236351066004737e-02 1.044877266149791817e-01 4.115002741480556780e-01 1.693211408151814590e-01 5.700688023429462126e-01 4.649040137861915056e-01 4.100519659735079037e-01 5.162074212401348561e-01 1.172741596853399404e-01 8.542334103126005829e-01 6.154201759930724158e-01 6.863527936614332026e-01 8.811858490811398381e-01 9.436397464267546331e-01 1.960734939191695059e-01 1.517836691099324620e-01 2.732563546635341512e-01 5.324180911009599448e-01 7.434783584637685294e-01 7.589659010424687491e-02 3.836949179350730432e-01 9.570632153649217821e-01 1.466582124176915025e-01 8.011372055069728715e-01 8.940841474598085759e-01 4.582076493896780622e-02 4.642738196630276093e+01 5.933750596413860379e-01 8.574214093611234322e-01 7.803095106764713629e-01 1.661341422825221015e-01 4.537716061670429291e-01 4.829428457615018155e-01 6.596179232523218250e-01 2.660202668763260725e-01 1.171747077802650638e-01 9.495978531092765795e-01 9.980767090999379532e-01 6.528362506035655377e-01 8.278265462391800611e-01 8.290122159239975419e-01 1.642523519484124783e-01 6.605925134785897157e-01 1.013898765590763862e-01 6.067156425246118534e-01 2.477663190052838971e-01 7.499621647726695262e-02 2.703254949500769611e-01 6.632282105398508154e-01 6.827781288368172108e-01 4.152989084005686005e-01 6.529772377520736137e-01 2.611222380847362246e-01 6.650566466923683029e-01 1.055354638626395669e-01 6.101476465197974708e-02 6.507359702968107396e-02 6.035641596944767429e-01 8.730934441459916595e-01 3.224070210549758730e-01 1.172607856541826310e-01 5.359981642125229984e-01 4.609948406620104633e-01 2.035709812999575430e-01 6.850865078912937722e-01 1.646099841701192945e-01 2.072061032198279085e-01 8.484754960938973856e-01 3.025410851130927448e-02 8.248033763350892666e-02 5.499148069562312946e-01 5.964237074957962070e-01 1.621618432085969452e-03 4.012030153276402444e-01 8.794477068750516935e-02 5.750409807733150025e-01 5.670196439052851423e-01 5.151341556848499925e-01 3.978971833888362841e-01 2.577989186186030457e-01 5.329002215477413040e-01
9.265181916953871832e-01 2.847063407579070171e-01 4.317635781924528127e-01 4.783933487975060572e-01 2.929069369055685712e-01 1.233100452755122589e-01 3.589709310477523507e-01 1.013157437620569867e-01 2.264989213324692940e-01 2.681673334140302067e-01 6.954609408588940944e-01 2.172595160420651705e-01 7.347926992655257061e-01 2.790266278561448487e-01 1.314593422058929484e-02 6.413741249807619615e-01 9.450127542121364854e-01 5.696886439128399093e-01 3.962884628692351363e-01 6.768017774876730064e-01 5.546067487719088529e-01 2.442593119068123819e-01 5.866678914850036453e-01 2.898782327051120378e-01 9.876198721249404011e-01 4.339399841169966354e-02 5.754442460300286388e-01 5.978032075985501015e-01 6.162191050991081553e-01 1.159892025296416218e-02 1.867560068974182252e-01 3.099670041576059187e-01 2.176440735813552907e-01 9.389270883563906045e-01 8.688637273697012997e-01 9.650699049258768536e-01 7.503197411009546736e-01 6.015552643938139044e-01 2.990926063652712408e-01 7.994897797726823185e-01 6.125770417487700348e-01 4.298858767163191708e-01 1.078626802987572297e-01 9.890912437823543568e-01 7.726807829769494207e-01 1.762505983310458380e-01 4.860136274919945265e+01 6.951902027876283308e-01 3.478908052427411857e-01 8.441490147199255389e-01 3.063407152665797994e-01 8.057259519169736040e-01 7.735032519338413959e-02 3.017071023376968197e-01 2.192297573731456506e-01 1.858765422341711604e-01 6.023753094278357922e-01 6.577677653430291649e-01 2.581679700409554856e-01 4.689896751034667854e-01 3.018573033640813419e-01 9.730899257646608014e-01 1.488071782715738589e-01 7.703085372638278638e-01 6.460838717502561668e-01 9.619289591801905015e-02 4.321397022597854853e-01 6.720561623580180166e-01 7.062114806165104008e-01 1.689797731690151350e-01 8.446945411059604281e-01 2.613311159989152310e-01 9.619215777470132567e-01 9.911772191266886578e-01 5.130084637620735410e-02 2.395943163409306464e-01 9.582335691486983942e-01 2.687914508890342224e-01 6.896192108784162667e-01 6.888015647713036094e-01 7.836176323887604767e-01 6.410797218530563946e-01 6.059521587437255441e-02 6.922402012777647551e-01 1.969031726978421881e-01 2.290728089923970145e-01 5.699015339175961259e-02 2.172074220813102752e-02 4.029736479139194305e-01 7.243629828941121618e-01 3.547627401467305930e-01 5.299716013903847944e-01 4.319090127348375052e-01 1.466446844429809548e-01 7.530002727605975554e-01 5.925804614065355302e-01 1.944067562456216480e-01 8.684903611942209611e-01 8.924737849299236858e-01 6.355773508157869234e-02
3.039687621208585488e-01 5.878838016661683818e-01 2.280621805547746739e-01 2.906299920794438441e-01 1.918480880568143032e-01 1.416422053514428958e-01 1.390324697957562305e-01 8.523585381474509948e-01 3.799131358096708988e-01 7.133183409483300208e-01 2.760849226117995103e-01 8.944476823343828764e-01 9.445961540231938569e-01 1.756382235538976877e-01 9.667195772722154690e-01 6.532118886665559954e-01 5.599506772461594339e-01 7.501093754295560245e-01 5.477984916606872812e-01 7.384825126875282919e-01 7.039601871414955525e-01 2.357454489822721211e-01 2.198201713628833431e-02 4.025753789652841697e-02 3.994577504852379057e-01 9.278061137147640691e-01 4.408019722321478984e-01 5.554283777661480626e-01 7.455116996045918487e-02 3.203289833646653095e-01 3.249065095793761682e-01 9.459229166829136171e-01 5.281986669246523380e-01 9.366469503077358150e-01 1.956500870773886236e-01 5.407335755110126430e-01 1.380267822803477040e-01 7.236448686283359910e-01 2.261678099544239817e-01 8.040050972295764709e-01 9.053489593335859453e-01 1.293512527194677908e-01 6.966956799493773111e-01 2.950093672812648116e-02 9.337853778476519206e-01 4.235791212484937285e-01 5.378414649692441207e-01 4.952202907915545893e+01 7.516989848137154429e-01 1.921739970742747383e-01 1.957871972317057896e-01 2.576570549277440447e-01 3.657875037488915737e-01 3.419547576736428063e-01 4.396242174745567111e-01 4.771529534442220388e-02 7.080132771635495592e-01 5.818689198439359611e-01 9.723694435597686203e-01 1.899616006452211625e-01 1.263967822570598587e-01 2.823162774357520499e-01 3.721728761790326079e-01 7.354692698147546892e-01 2.878894972496914839e-01 2.005369961846323879e-01 8.709062651661747534e-01 3.718679644251610128e-01 2.544370313082237045e-01 1.777841073514023762e-01 4.442601874408776963e-01 2.942223736090483488e-01 8.280521393751640868e-01 6.438429615234735337e-01 6.745329484926164687e-01 4.361589419304503501e-01 7.679572705391204401e-01 8.891888713313682580e-01 2.257641071035090263e-01 8.206774919833129678e-01 7.604969096512108617e-01 2.238705095725712635e-01 5.544130682102853536e-01 6.499721807503242577e-01 8.946724763679544390e-01 8.542768952014390127e-02 2.526818035087357028e-01 5.401710076836512275e-01 6.410672518619142668e-02 6.147248946678041115e-01 8.710696485889881657e-01 9.199232653338363930e-01 8.785782267234398812e-02 6.919466942157976863e-01 5.684349567113714530e-01 4.175174818285248834e-01 7.125615890139984643e-01 4.578257747711250714e-01 5.227678743395501870e-01 1.713909279165076738e-01
7.173517878399615633e-02 3.002592926139379115e-01 8.851256574521122467e-01 8.429465940526796874e-01 7.053279827270968472e-01 1.409391616740974795e-01 9.140635195343042030e-01 8.046277407855724206e-01 7.990838212343815972e-01 3.572614187837181987e-01 6.277398925537833740e-01 4.337778262975962029e-01 3.019918939384510503e-01 9.082191713886680340e-01 6.139009928260847904e-01 5.245160666490559231e-01 5.917322794695948351e-01 3.179205139948767522e-01 6.999283234588435931e-01 6.471897700776576556e-01 7.686863451681834603e-01 9.742069606729305553e-01 5.300503121583753918e-01 5.750082303480067436e-01 6.385384432420749823e-01 2.676779337894064081e-02 5.158967355663237608e-01 6.088105847111530133e-01 4.232564358373932523e-01 9.448561632590540826e-01 3.223997054109231097e-01 6.688231993364534000e-01 7.932368595946956980e-01 1.944160300146235976e-02 7.378006817151961938e-01 2.887650987798072721e-01 9.776379032172094474e-01 6.700989143584177299e-01 3.829160414314372041e-01 5.330785342010859740e-01 1.031289431606919882e-01 1.408549622720504102e-01 8.306185802220055203e-01 9.771817065724897056e-01 3.125868812102575722e-01 4.225900504523396606e-01 9.627212890920506805e-01 3.193072696552708978e-01 5.739297996311758254e+01 6.690421881545272065e-01 5.363059342901010940e-02 7.259960578211793747e-01 4.905855692251893663e-01 7.673440765063693769e-01 5.055430586110204461e-01 6.773157274776782089e-01 4.938641334028381902e-01 1.266072833715512491e-01 6.788557701515059994e-01 5.445141048255729421e-01 1.599895770250625571e-02 7.586615343234148767e-01 5.706133390725277588e-01 7.654011007551472234e-01 5.193301071138685110e-01 4.220775518212719346e-01 2.332252328799302443e-01 5.470730554933851408e-01 6.135563672122056333e-01 2.366962945521554618e-01 7.819367927058583634e-01 6.052562928029706635e-01 2.762940677958345415e-01 2.471144723135264565e-01 5.635162267992078755e-01 4.537741657377929450e-01 2.858405691858413311e-01 4.793375796638470465e-01 7.709953877070884198e-01 8.797074850766750664e-03 6.814511660180088137e-01 6.148417509290659000e-01 8.758672072350538462e-01 8.229888324260357102e-01 8.862135660371657231e-01 7.386567004659237989e-01 7.709982441685675481e-01 3.871131111402813518e-01 1.057326075919768904e-01 7.588222237945406734e-01 9.544443432175273578e-01 9.273933762418912208e-01 6.776613794522216017e-01 9.800477736324363365e-01 5.155368701498198591e-01 8.100748676075304466e-01 8.312736750392285545e-01 7.266051930875333520e-01 5.420431108785588314e-01 7.905760889165169836e-01
4.271010712901487372e-01 9.252101876020725202e-01 7.133066645516789039e-01 7.691503233705776488e-01 6.678051993098674810e-01 4.799873513873186281e-01 2.865779188430108704e-01 7.358261522466699178e-01 9.462772422635488123e-01 8.111264944996920967e-03 8.861895921602380710e-01 4.887668732327548060e-01 2.843211043520263992e-01 3.352903112272939135e-01 3.318140505661194561e-01 5.860892483960122856e-02 5.866721587293740603e-01 1.519685457698607411e-01 1.656282980622486578e-01 6.435073768456682775e-01 4.597741060153335280e-01 7.160434440620365715e-01 7.241711013992522261e-01 3.435232957282229327e-01 2.436021644043080414e-01 3.047330300301476225e-02 8.737104559792174818e-01 1.888232213859459829e-01 9.656971288942584053e-02 6.533424784098215143e-01 5.655768670864483871e-01 7.480260325725144321e-01 3.954123463308826247e-01 5.922615069782054542e-01 8.984017418594811843e-01 6.224052288909192043e-01 9.308740626859657308e-02 2.278833318333172153e-01 2.717738713781753246e-01 3.188439634645553467e-01 9.961329821011817298e-01 1.044856465568355652e-02 4.099421312229449832e-01 7.551678924042009022e-01 8.541554703869185250e-01 4.182341197511190156e-01 8.811967491623317050e-01 6.364038717829217928e-01 7.575347778842215218e-01 5.104556921299438699e+01 9.449924163918199671e-01 4.392786750701138665e-02 7.532404869646286416e-01 9.658566669369272883e-02 6.767800645615329458e-03 7.844203529488227300e-01 7.589788850047396451e-02 5.162029277325272947e-01 3.010193064815269715e-02 8.938761791933130807e-01 6.381971291624775056e-01 7.826715131011263704e-01 8.318168236013664396e-01 6.854706919594422132e-02 7.995448140705156970e-01 1.866167849652407007e-01 3.279334835170133466e-02 5.948328927815053069e-01 6.563281473044628722e-01 6.152300619340657084e-01 2.948423087393833297e-01 7.175253522752905733e-01 5.386919281173540019e-01 8.285813206083735283e-01 2.388238960108354236e-01 2.161202837808262611e-01 7.218935141535550715e-01 5.639784684741083742e-01 8.084535556173069182e-01 7.599431380772586619e-01 5.244254245427760752e-01 1.138147209084335865e-01 9.979612086105353885e-01 8.906625492495841012e-01 9.801181618265317752e-01 5.888772742716452679e-02 2.721616693627171291e-01 4.971775618265450447e-02 1.197511564743298784e-01 7.344572372099111846e-01 6.859880071843481586e-01 4.079509866432573517e-01 4.993398063481654381e-01 3.182939346093262012e-01 4.429754996542354384e-01 1.447806923672152468e-01 9.468190510248893910e-01 4.492353874410082160e-01 5.472793912108702141e-01 9.352800946577940477e-01
3.929419481075732135e-01 6.673840500207123272e-01 6.159024851124721422e-01 3.076407020829510230e-01 3.688491575730779015e-01 2.823778570130581755e-01 1.390120416564737393e-01 5.557514023451508578e-01 7.049222577524867361e-01 8.846602553790081647e-01 3.102664030388833094e-01 3.272601702170601090e-01 1.452513438921154698e-01 1.320188553661102437e-01 4.110933671364779274e-01 6.661329668951128102e-01 2.354475914334563935e-02 9.782006205292551604e-01 7.034167195248728355e-01 7.027991054270582572e-01 2.977847559967641278e-01 4.365391960281415074e-01 8.581714968148659306e-01 7.424587737552497124e-01 5.058083671768804912e-01 3.342397013101261471e-01 9.422934703300870352e-01 1.156382022616682104e-01 3.375564604160588011e-01 4.904688370190349866e-01 7.694546692686931033e-01 7.601437958834811326e-02 9.953808584730696740e-01 9.613090976305973534e-01 7.641853053080515101e-01 9.958723086423734161e-01 2.599754856978206963e-01 8.618363977092101669e-01 2.096658458801320402e-01 6.903869417925645458e-01 5.358975221204272943e-01 6.239750776269785693e-01 4.448689677206886239e-01 7.928587328907876763e-02 7.082633538597948863e-02 1.227346404329942020e-01 6.608442655953897793e-01 6.185016990727965069e-01 5.304002784489014743e-01 4.260495350646006374e-01 5.264743153359887629e+01 4.008579948079704636e-02 8.908860160800248229e-01 6.610247872532338809e-01 9.765045072822734484e-01 9.476438459558681471e-01 4.595432524465835611e-01 4.017156944497798365e-01 5.465696569455016363e-01 6.545368772197808216e-01 1.255534529511160846e-01 7.607307866358359316e-01 2.073817784504385919e-01 4.828011020015056110e-01 2.574209938087916871e-01 8.991544673134373999e-01 5.442345759083041523e-01 4.120547234842589779e-01 3.952683118479598523e-01 2.980819607497969814e-01 6.285021728490999271e-01 5.090496968806600409e-01 7.622896632778507486e-01 6.265536341563566758e-01 7.062821460992519951e-01 3.262908143050909926e-01 7.533513472080323181e-01 1.786407368535193330e-01 5.945318446692420267e-01 5.139977999962135335e-01 8.333953878988052955e-01 8.813475315649866859e-01 8.872779239313197674e-01 3.700375157286389660e-01 1.805758342961046869e-01 3.810978279144867642e-01 3.278655594920624194e-01 5.580701493387192347e-01 4.839163276823025273e-01 6.138781333747391766e-01 4.030936711436171604e-01 4.184603109114466424e-01 3.479227013202762508e-01 9.212821997580810107e-01 5.964085919242020362e-01 8.961797312434954810e-01 5.425203643884178861e-01 4.932394561490813789e-01 9.041043376073465421e-02 6.893238944759336739e-01
5.984035935600321432e-01 6.562111120592786229e-01 5.085084005534362683e-01 4.695315517128435534e-01 5.808194834071899182e-01 3.633892952312883784e-01 1.283324035624111570e-01 5.625675240761421891e-01 2.678102270141963226e-01 7.884349305359646953e-01 5.972387245544844570e-01 8.823428785284537224e-02 3.576707305902548928e-02 4.756822008657844991e-01 7.039074465309580475e-02 1.974513387026188838e-02 1.477949684655871510e-01 6.364567311208501055e-01 5.627763665734363263e-01 9.316843947615327526e-02 7.199037070722236198e-01 5.922821475950943437e-01 8.840324738198104271e-01 5.866955041867356613e-01 6.802534177054867515e-01 2.242035239516759759e-02 8.162238218408917056e-01 1.831509106283287780e-01 2.896229399524474779e-02 2.719703976229504994e-01 1.487391949650622713e-01 1.283524839638827686e-01 9.697790145462039657e-01 5.574747438142422240e-01 8.151464822526057752e-01 2.164904435255660120e-01 1.743745890737428139e-01 6.277304617822350163e-01 1.798088889305723415e-01 6.620829094062408160e-02 2.878732026232284635e-01 7.526328633220881192e-01 5.090418741616370424e-01 5.588119089868278655e-01 3.816364453418330527e-01 2.238906010467157648e-01 5.615691916558540608e-01 1.673197904727369290e-01 1.985770369352218845e-01 1.489132711100448203e-01 9.938608285689308763e-01 4.699366115204448846e+01 2.942813725869677377e-01 1.077414545764195930e-01 3.109382229469314085e-01 3.095949302275387005e-01 3.540530056870024866e-01 4.371120276633528867e-01 6.751738854186702943e-01 3.096789745036749864e-01 9.600230011227128823e-01 1.203558530740302945e-01 6.863759329703911227e-02 5.035235436131075826e-01 6.415923389890549888e-01 1.502407398475984479e-01 9.897313656223489797e-01 5.189701288710307781e-01 7.578045756123371612e-01 2.929531600283191706e-01 8.954442336307164574e-01 6.236760796492044623e-01 7.837431869870160606e-01 5.510255478045328337e-01 4.927812365581830667e-01 3.933426584353022504e-01 8.253981262856867618e-01 4.296214222533559779e-01 8.225800789423152182e-01 3.068860719053865260e-01 4.987158851876208887e-01 4.137551335417266607e-01 6.268017923761575183e-01 3.825693602575710450e-01 4.102052577079717821e-01 1.792024430811366420e-01 9.806769146334022302e-01 7.601782990552065078e-01 1.806056698702729335e-01 5.144939678816491391e-01 2.920383334945617637e-01 8.026546160780394512e-01 9.763927680481951921e-01 6.638282605759536770e-01 2.049593767214925588e-01 6.972710419674844617e-01 6.519654372987419011e-01 4.301440681475217076e-01 8.083540765314282117e-01 3.216987703163358692e-01
5.198312092358418068e-01 1.865471137269125723e-01 3.741315830722824476e-01 1.647291918790688703e-01 8.545998531975905754e-01 5.491235866212096361e-02 9.667070529646558663e-01 2.276343246075291926e-01 1.392007598971620741e-01 2.880689156053428679e-01 9.724508606927800836e-01 5.133248029979931015e-02 1.826137185123654083e-01 2.769889780601385576e-01 7.318000409657059446e-01 6.708785298464070568e-01 9.821055702559136069e-01 1.161225395844235342e-01 8.618513273902547178e-01 4.328702686845655734e-01 8.519543927766717317e-01 7.342705144504403370e-01 7.949583202268901694e-01 5.253673033489308919e-01 9.599697588529758630e-01 5.774575603593486983e-01 4.368265100319506100e-01 9.041977308256874402e-01 5.768694221946355505e-01 6.547772849247529559e-01 5.019429509734483208e-01 4.620774824818318915e-02 5.942611347653155018e-01 4.291869160242409720e-01 8.125800423986573318e-02 8.306020504719361375e-01 1.345617909023687497e-01 2.360607624533895832e-01 6.778852528397329991e-01 5.672992324078237614e-01 4.449455050219720542e-01 2.240298095269221967e-02 6.654561384906338972e-01 4.320165438966092619e-01 5.298062570267867422e-01 6.071509436816211469e-01 4.523442675912047184e-01 4.200194792557337964e-01 5.391569871994561503e-02 4.867333610939151844e-01 3.337025599324494607e-01 4.124261516325866683e-02 4.871987687351676755e+01 6.135900710243883394e-01 7.347372556254176956e-01 2.622949742064006884e-02 9.246140124277071326e-01 4.481419877337314839e-01 1.146012874468003151e-01 7.385810202729482521e-01 7.833009099403638320e-01 4.696702873859650573e-01 6.248885970570788873e-01 2.037570651188712612e-01 2.554547033353350427e-01 5.379408886103429488e-01 4.474352989038350437e-01 9.353035640100496595e-01 1.980908140001337303e-01 4.308529244303612726e-01 2.162157776302757739e-01 9.391101767899089348e-01 8.191668659613809966e-01 4.453009129564845514e-01 2.594183338492395130e-02 1.401934549110125383e-01 3.237987645400633996e-01 1.781124108635731007e-01 9.140372828136216210e-01 3.712103274616379567e-01 1.793027222371286200e-01 7.309406109226805892e-01 8.434890123549046992e-01 8.794054806015588754e-01 5.108549260241046497e-01 9.852479548438962675e-01 4.701026611878074135e-01 6.607492840644718646e-01 1.399046570549833390e-02 1.239954337685988950e-02 6.425028860239045958e-01 1.768806418934457669e-01 4.515650444216990911e-01 4.886160499972186377e-01 1.895273601056717272e-01 1.575593626384336199e-01 2.297540166933109695e-02 8.656629202905489207e-01 9.581621656868758441e-01 8.141985619959091203e-02
7.815883635613958269e-01 9.037514798636792079e-01 7.747493219843809564e-01 7.557982703833943106e-01 8.177403710199362408e-01 7.214990555827245355e-01 1.605041390446474425e-01 5.885799042862414066e-01 7.333765518848583964e-01 1.275097811060329489e-01 2.883619615486732179e-02 7.000827737413485297e-01 7.123405097630668426e-01 6.610092662347778480e-01 6.504612041693731417e-01 3.016177178164425321e-01 2.454464101795139630e-02 4.821567227325573857e-01 7.310496847763645611e-01 6.541704862541178889e-01 4.370012898957154057e-01 3.286401210450796695e-01 8.320889673083513571e-01 1.287616468028141004e-01 4.937599674751643741e-01 7.649733122946867914e-01 6.583808914751513308e-01 4.378768001363895213e-01 6.452033712899497564e-01 4.845933744042495439e-01 1.867864447780845927e-01 1.117867695653130822e-01 7.254286689211122408e-01 5.342474526045088989e-01 8.239263547070430072e-02 2.319702259143056056e-01 7.640820273851508526e-01 4.680054587085135109e-01 3.661864423130889445e-01 1.098737823453069806e-01 2.418862092164244526e-01 8.296236511347534481e-01 9.622230090908316935e-01 1.659471203831586195e-01 1.522484333733115092e-01 1.656457940071995871e-01 1.182018557566548722e-01 8.045344320777865210e-01 8.529424821744123753e-01 7.393336503098665302e-01 5.121704936260831342e-01 8.959683115082927030e-01 3.088351445213211033e-01 5.100934867874421030e+01 6.900728959663748885e-01 9.633895824213980497e-01 2.314313966128784816e-01 6.373476605743049195e-01 6.472423410245109476e-02 4.094269220742710047e-01 7.417696607431791822e-01 3.507356379024864079e-01 2.510323265897689282e-01 8.136539167576243292e-01 7.298787539924600498e-02 7.681750782419427548e-02 2.291992099639866831e-01 2.132109043800065606e-01 5.317747620696153810e-01 1.016591259499124433e-01 6.013933621394746964e-01 9.903993621714819451e-01 3.793250063772678482e-01 9.518576806329444029e-01 8.095664718613427846e-01 2.209417054660981483e-01 9.125978409725274965e-01 7.569660244329357024e-02 4.867166846898038912e-01 2.639977149709746840e-01 8.636439213330937559e-01 5.327765948110513294e-01 3.680127351900359667e-01 5.344488578087407404e-01 5.581550661896967913e-01 4.274939273163890219e-01 3.779327664442039270e-01 2.898862771966431717e-01 4.018657596664654275e-01 8.629442209548472409e-01 5.520226559153113000e-01 5.692675456103256648e-01 3.658991652889609369e-02 6.152740144730165506e-01 5.692659009532140546e-01 2.575848549724918390e-01 2.868788299332514224e-02 8.598222999028568569e-01 9.984766844093165838e-01 4.836226885182285384e-01
6.076543926866201373e-01 6.760630044835040930e-01 5.488870030681121115e-01 3.616528598404835648e-01 2.409560911986028398e-01 6.282895131357003615e-01 8.745999309429296487e-01 7.779418820497442377e-01 3.713326898287986344e-01 2.423259379318222217e-01 5.636889028775504684e-02 2.551722521522299392e-01 6.069562412655526984e-01 9.486299043376990037e-01 5.608065696727811966e-01 7.973951180025851126e-02 2.195292607087506731e-03 4.426795431609619191e-01 3.106723351397905342e-01 7.261335782641178405e-01 6.264331216426908266e-01 7.252134887878158853e-01 8.817232990479682009e-01 7.996058888267809639e-01 8.899312369887246721e-02 4.050655313133862956e-01 6.778741725194757928e-01 8.374805575172075134e-01 4.507776871503997862e-01 9.800463287550276181e-02 1.356716444140070310e-01 7.791512440414033458e-01 6.501706261362527606e-01 6.248151309701043266e-01 4.847903024244659687e-01 5.094011420154881398e-01 2.868596928075468622e-01 4.916615661819260241e-01 9.041928211924507020e-01 4.615782392691983871e-01 7.923779126426999664e-02 4.756079026275373822e-01 9.352820452271755070e-01 1.478400280853729987e-01 5.473857888525900384e-01 2.732498286161222367e-01 5.157399849944364068e-01 6.322884855226357237e-01 4.660273954930947982e-01 7.678429640284017976e-01 3.818776743658047756e-03 7.177535215919759182e-01 4.576872478508079434e-01 2.235214702989923863e-01 4.501835920741738306e+01 2.661688696304181923e-01 9.384675374827631256e-01 5.260871431507074814e-01 3.141281926853793927e-01 3.670659893778260852e-01 1.927050938131537050e-01 6.182637439300472382e-01 1.859680838519048862e-01 3.648311730942770392e-01 2.716328007778838760e-01 4.240191386760548964e-01 2.251481238569741361e-02 6.589422132302995561e-01 3.640878417336668171e-02 1.035934528807236354e-01 5.104803241088828880e-01 7.292394522947641677e-01 2.468647905383888341e-01 1.349477042348096179e-01 9.053523991177679919e-01 1.668081379787301755e-01 5.359817314613863903e-01 3.007256928606655277e-01 3.010411104459218556e-01 1.843760445863121822e-01 2.546847311526058144e-01 3.847315505803701186e-01 2.838465877620443001e-01 2.845425343289742504e-01 3.011847891122720888e-02 5.305422409900795166e-02 1.543733400204365669e-01 1.542042690497313906e-01 9.685970718436768268e-01 6.031495607126236003e-01 8.705236615390090638e-01 8.394166292007547714e-01 3.241133158081683785e-01 5.205682289345737734e-01 2.750765010421347689e-01 1.011327815760563187e-01 7.125012327795623435e-01 2.304706191344242372e-01 8.998285428147048126e-01 1.311478801939418570e-01
2.322776004147313333e-01 5.245437918638155006e-01 7.816411917845309532e-01 1.675769428287363638e-01 8.803746037053752360e-01 1.783923573825842990e-01 2.791662539706867285e-01 9.222808907875031936e-01 7.810290093046804438e-01 8.932248016632868826e-01 9.737713906594707147e-01 8.873316187717319448e-01 9.222897335636769389e-01 1.738880008960071999e-01 7.988199683625312186e-01 4.033607234451586088e-01 4.918074349596638362e-01 5.112118441434851945e-01 8.736912454492866686e-01 6.691004445803993006e-01 8.137963768621992999e-01 2.239506542250633281e-01 1.161163700120703135e-01 3.573178141457422630e-02 3.412792622126146203e-01 5.804334925545179269e-01 1.008283962755456287e-01 4.316449122598797761e-02 7.225813075880915815e-01 2.773140675269750721e-01 4.522034785863648931e-02 7.425798966783088151e-01 1.352759733045048041e-01 7.236923787470926905e-01 7.446831974669885224e-01 6.145794396387534997e-01 5.319847153510830484e-01 3.292193205350238960e-01 3.974546939321788042e-02 5.824925478588259820e-01 9.584266401215856268e-01 7.340787580940274504e-01 3.402251687539993297e-01 7.413686799882877043e-01 6.594452227579428172e-02 4.085800928023552991e-02 9.002174831178628711e-01 1.154166927657951369e-02 7.469890004897923319e-01 3.784824624098658274e-01 1.926188520535986326e-01 5.911564119179255616e-01 5.255292329491970671e-01 5.611434898838613128e-01 2.390594860904393659e-01 5.199211211403130051e+01 8.447721989034299162e-01 5.781003069965107155e-01 9.565446058250279826e-01 6.608981766464468999e-01 9.081883870564657624e-01 9.770884150606673479e-01 9.475202487391258810e-01 5.561383157477060024e-01 2.599760689096561883e-01 4.609867945496659569e-02 5.214142625496686057e-01 7.073569714785458151e-01 7.694657700524214494e-01 1.289395174565666213e-02 6.109656605575920496e-01 1.588349357992524524e-01 3.224288116565792173e-01 1.382709186236872334e-01 5.019923321244360581e-01 9.547748781866333134e-01 5.485098400713472877e-02 7.852237019918454353e-01 5.141421200435546401e-01 6.183889357382088559e-01 7.572288416714699766e-01 9.901864658073278314e-02 2.370141232893208105e-02 7.005505178858367765e-01 2.086639600353824564e-01 7.750585841843959933e-02 7.942395039820749902e-01 5.024250694594478706e-01 4.498727094213778033e-01 7.278223605729845502e-01 6.635052568181419863e-01 3.396929064381306596e-01 7.209981283887216819e-01 4.013004148162413465e-02 6.029348534274172611e-01 9.162407719455530897e-01 9.398194508605094422e-01 4.693819654083342119e-02 5.161539680847219147e-01 6.121909116734742806e-01
6.552780306409604627e-01 8.208713004259411417e-01 9.943258156776680901e-01 9.807084938387984341e-01 5.437021216567831106e-01 7.393841746750015043e-01 8.247294092582952985e-01 4.490696574831019028e-01 6.917273564042462075e-01 7.554304528588833278e-01 9.585217327474232496e-01 1.842215648258508365e-01 3.163746100444534415e-01 9.668912743403124121e-02 8.697102166152751446e-01 5.480905431691261986e-01 5.351907637879207424e-01 9.342292117497069670e-01 8.652046589054194214e-01 7.418208203188314531e-01 3.445311392008556517e-01 7.217642321730484145e-01 8.529032443640958139e-01 3.139673172942474277e-01 7.960378468158592069e-01 9.696165084330978789e-01 4.174807685575868677e-01 3.052821605658028181e-01 1.554977558810443083e-01 3.307448346474611833e-01 3.341198213983227472e-01 2.815497477411863514e-01 2.576926924161004884e-03 3.387195896058891043e-01 4.576317371654342603e-01 9.348629263259411459e-02 9.454935004100752938e-01 3.218672131158615279e-01 3.345161606777461438e-01 6.237583525468768375e-01 1.151286086956234689e-01 7.077958777099381260e-01 3.491995647216773468e-01 7.721374404935780200e-01 7.071042794433739509e-01 5.454342731560052338e-01 4.644035407294617723e-01 6.040134278299139625e-01 1.114007184653346139e-01 4.188290931258252803e-01 7.404857256182816316e-01 9.316314596368068246e-01 7.309335922243191952e-01 4.496683236298276709e-01 5.965477152334742739e-01 1.792252815668744503e-01 5.558865423454550125e+01 4.708561272400476616e-01 9.138927720426228696e-01 5.389811895219454030e-02 1.369303444878653409e-01 6.689857749919519980e-01 6.680049045233011906e-01 7.801547290499007969e-01 6.625939974591733561e-01 8.799290204037411023e-01 7.077067466927332573e-01 4.970480284169156437e-01 2.233098435900520151e-01 9.238043330757236271e-01 7.772553208183105022e-01 8.270477271583372980e-01 4.611402378943646463e-01 8.918045843828966701e-01 7.806194795353904592e-01 8.255193413552376347e-01 2.500125714513592445e-01 8.204797319690393387e-02 9.348272762315951168e-01 4.917576058562929120e-01 3.736359784287632824e-01 7.038162496460399487e-01 2.792251112734945862e-01 7.003401179246344643e-01 7.497806986096575699e-01 2.156301625043740566e-01 4.662193368044760255e-01 2.438089432411344459e-01 3.635333434144130127e-01 3.114694536455571150e-01 8.868172638479074887e-01 5.361678175037569716e-01 8.008329179560546018e-01 1.763686018500091324e-01 4.748803336517406493e-01 2.100309355448274351e-01 9.000250722821634408e-02 2.983781832352399022e-01 9.074683666885536848e-01 2.725432607363367232e-01
5.628294648630426389e-01 4.649285690634820112e-01 4.365029939446597451e-01 4.719808868457420203e-01 2.107426759107026148e-01 7.256052638959739065e-01 3.233938129068977263e-01 5.894228343938255898e-01 9.522145243921483759e-01 3.386385212344152906e-01 5.320901556378585529e-01 4.444526969960924667e-01 6.249470184399670281e-01 8.629065893490643901e-01 5.044796750423005127e-01 2.911416578820391621e-02 1.609000502116090248e-01 9.448655222631545669e-01 8.682374561357754095e-01 7.523424969428743614e-01 3.033701278878734309e-01 6.829009316746808000e-01 2.114937706143275031e-01 2.498818836548666322e-02 8.045110527748851048e-01 5.784971060893517869e-02 9.701698696087138751e-01 9.395954975300880863e-01 4.866755004241285487e-02 9.800294470875514641e-01 2.525774198976504792e-02 5.825799632533907868e-01 3.688154197604655016e-01 8.619339491202143710e-01 3.130799512763995374e-01 1.332461291526241265e-01 4.994979827961631980e-02 7.247746001965438278e-01 7.119978754843839797e-01 1.252618952792052820e-01 3.950731718279807403e-01 3.665096689573813515e-01 6.249836674867534914e-01 4.724741382813502089e-02 7.309645577451235887e-01 8.175357775709841679e-01 2.083467152489725249e-01 4.624247640994250119e-02 3.155030525812048126e-01 4.897283378611293481e-01 3.228739090045606996e-01 8.142568840802894004e-01 9.092355014127100343e-01 2.406553876404621262e-01 2.803441915154734065e-01 3.580057153381777102e-02 3.725954348813206307e-01 5.300026500676260355e+01 8.954251394447262369e-01 7.354412314029667996e-01 5.409664052832503511e-01 7.963657905699880191e-01 5.613217860991273067e-01 8.705540676484276874e-01 4.778918378345585749e-01 8.251547177191437266e-01 6.926521775689171712e-01 7.318093787200571354e-01 1.132174066253299749e-01 4.913612185119760056e-01 7.565124688317306223e-01 7.753552380640239550e-01 8.899587102031032426e-01 5.026703412848624319e-01 6.012688798654353128e-03 6.647973494316470333e-01 9.567053186818668120e-01 1.971981541746137268e-02 4.399302853459702289e-01 8.316464801785781180e-01 3.273736401070572732e-01 2.238557478564866532e-01 4.467012916636984299e-01 9.936565060585877962e-02 6.467709435457436040e-01 3.699835542194310767e-01 5.626368635371905569e-01 8.613892788306266590e-01 5.851400165943132503e-01 8.720465711059330882e-01 2.778385578743597373e-01 8.656485347352568249e-01 6.478997810497828524e-01 2.967523315613957990e-01 4.806208043460171719e-01 9.312274032604507257e-01 8.815748209592989548e-01 3.568788956741020257e-01 7.681506638621324878e-01 4.429388641112338432e-01
2.877250225262334427e-01 2.775388853118715415e-01 6.988534110744148986e-02 6.762308547635739187e-01 8.113953707761863976e-01 6.677323660518427184e-01 5.559247183740023690e-02 4.802908974389942243e-01 7.316082091248222730e-01 8.559277540116189131e-01 2.491859794339359446e-01 4.806106867879564870e-01 1.390040992983211376e-01 3.405628773010915822e-02 3.973150727518184322e-01 6.531067369344935036e-01 4.719461336908703508e-03 2.625058830532223109e-01 5.783445922078030987e-01 4.032546124042878377e-01 2.234737725218172155e-01 4.852843899875427525e-01 5.450461378139727087e-01 8.275630073038389156e-01 1.374143924143879092e-01 5.776972061796874502e-01 1.055545790991151422e-01 2.312341757998410685e-01 1.815453457950128024e-01 8.756250529025689788e-01 9.349657481241916424e-01 4.780784195299825345e-01 6.976428914938295200e-01 1.095580918365054446e-01 1.312164472413722693e-01 6.515413098775599821e-01 9.014028177162421995e-01 5.780739561701239149e-01 2.967988401429858536e-01 8.744971093991161792e-01 9.592996795854801251e-01 7.965089892609298339e-01 2.382338513988414563e-01 1.758778642402779591e-01 8.616484204743035669e-01 1.515958335460071416e-01 7.209278579712644630e-01 2.451717958026512489e-01 8.112152236399624572e-01 8.515772091636856223e-01 8.988065946137053785e-01 5.455521734642994058e-01 7.379356862819308471e-01 9.205502547027940574e-01 9.351579000332138625e-01 2.953173119713505823e-01 8.493476767414374073e-01 9.006036664733663155e-02 4.946858213024534479e+01 2.733543334440655670e-01 2.657781515656104654e-01 6.066327657225051295e-01 2.206925633849224910e-01 4.317665714204078631e-01 6.791583145018752488e-01 8.226648256204918130e-01 5.869305903774392208e-01 3.124901307294923880e-01 5.165291609624148572e-01 8.180383346632948971e-01 1.056287922271375024e-01 3.355277523792475902e-01 2.096715637229267237e-01 4.493562195009177529e-01 2.891735643764420383e-01 3.926138671188450502e-01 2.031630769409490389e-01 1.995955324391217589e-01 7.119270147758931522e-01 2.747787960791612250e-01 1.088524701193549493e-02 5.965673586667415984e-01 3.283353183516516394e-01 5.854260154460654286e-01 9.765310824972452952e-01 8.159948761196444966e-01 4.325605260045770617e-01 9.242359445390587736e-01 7.552284534792026438e-01 7.749576278348112579e-01 6.789837964841511919e-01 2.461543552260756496e-01 3.876453882797790129e-01 9.277670810195696172e-01 2.551536216216784281e-01 1.060854222206215614e-01 7.466539312182041144e-02 3.223551721681383597e-02 6.141714840325903646e-01 7.909377800861959740e-01
5.981786143982311676e-01 2.072451753526376450e-01 1.856480762772529935e-01 5.175683847018701655e-01 9.622769091359035798e-01 6.218984178540394314e-01 7.178739729558001326e-01 2.680374976611963334e-01 7.306609156779114711e-01 2.725824838169211839e-01 3.482738819059189028e-01 6.228716727761771654e-01 5.936870192143283154e-01 3.494129842874816871e-01 5.015367818873259775e-01 9.322703165491644794e-01 4.057353702646908644e-01 8.915681167805543650e-01 4.129120617602275445e-01 6.278503406420626876e-01 2.083198670174735145e-02 8.910283872903750346e-01 8.508658418670426160e-01 5.700538789608410317e-01 6.072298237866033954e-01 7.322788153248915854e-02 3.597353851131628311e-01 4.050331103975647329e-01 1.046613883723876981e-01 3.688445088055672949e-01 6.890839938908956963e-01 6.504044131028906550e-01 2.948251223109250585e-01 4.915100934570972857e-01 9.919056230503670024e-01 8.083286768365598451e-01 1.320134829968613310e-01 4.722263363499786815e-01 9.735402180982887232e-01 7.180012351793914060e-01 9.754575226444424096e-01 1.401010865028105012e-01 6.673640017661490731e-01 6.267365907070772124e-01 3.685172946040186082e-01 8.200908187283306727e-02 8.917081206908931135e-01 9.793336166086816785e-01 2.139237956456624401e-01 3.667077064481903959e-01 1.808827540373248999e-01 5.587559363483161068e-01 8.631290376873133052e-01 5.942704406646936999e-01 7.949652548874031055e-03 6.700230033324643397e-01 6.754787719242372201e-01 6.393287599735808513e-02 9.524373745711199879e-01 5.455788787416015850e+01 9.679928928514612840e-01 4.364985232188474118e-01 8.676900630748678456e-01 8.700852100913556431e-01 2.673561025622771536e-01 1.721169376125607497e-01 6.816290067131454133e-01 5.542986409575449969e-01 4.127330896708464314e-01 9.614852287535011754e-01 9.423626732090728542e-02 8.338833600063051410e-01 7.993565572018136445e-01 6.202537881573336742e-01 8.344114270700808689e-01 8.000616928973882658e-01 8.120450426548240230e-01 6.235938826403216728e-01 3.684342441647410205e-01 6.437705529750749056e-01 1.728605570094461363e-01 1.442651770478295958e-01 6.904987731624833147e-01 8.068995183273547367e-01 3.542734834130527588e-01 3.173344151409402958e-01 1.728924892600613994e-01 3.883163266457207996e-01 4.304771820736326138e-01 5.042989221975879843e-01 7.408793239217614790e-01 6.348293082827916045e-01 8.028911108143083064e-01 3.624909863213743311e-01 4.151730504517663345e-01 2.089705465451441313e-02 9.566699673356925393e-01 6.204097695261531209e-01 7.468803799326720894e-01 4.744399488654486019e-01
3.345566476111755394e-01 5.429836783258361610e-01 4.677812425237630745e-01 8.258478423648311084e-01 4.172940786100310939e-01 3.392035524141712166e-02 8.705519494544846637e-01 6.910650364966991477e-01 4.807750743611935995e-01 2.076120677945103576e-01 3.509243361020173424e-01 6.229350275233513923e-01 4.086055611322757519e-01 9.705466161319065144e-01 9.081278915512946970e-02 4.058613185046855421e-03 3.874396410989001671e-01 1.029160448645416448e-02 4.997723129039427503e-01 3.520617803572544391e-01 2.923387116038211886e-01 2.317157248911198009e-01 4.217061198189480109e-01 9.679561169116599473e-01 3.024820932339997714e-01 7.036352615623212570e-01 1.195894282754673688e-01 9.715181474300791375e-01 2.833846950118118491e-01 6.853876683859325691e-01 2.012637973880404552e-01 7.770712127406826930e-01 2.048931666653113215e-01 5.748548684724097413e-01 7.482845380547042957e-02 1.409434908951694432e-01 5.251631819163249393e-01 6.226237384254952323e-01 8.467576346475517157e-01 9.452483285080200970e-01 6.212971689255920582e-01 9.223792571765536685e-01 3.505032608346076994e-01 4.192347996783715169e-01 7.632612040095424488e-01 7.910997170912636989e-01 4.322433600067578929e-01 9.167996693672399999e-01 4.622274097210836707e-01 7.056685850842074892e-01 1.779674877627975826e-01 4.064602281857961907e-01 5.409092446206027471e-01 5.349156202282498995e-01 5.945177457260164555e-02 5.586177981805852122e-01 6.886568559573310599e-01 4.825038626315549806e-01 6.744149971083337469e-01 9.118476616769553011e-01 5.593636553167832659e+01 5.410013425458625180e-01 8.091094034653311118e-01 8.268124684211016762e-01 9.851782812179739057e-01 7.345747983504574696e-01 9.492106633856999265e-01 8.972690730225254541e-01 4.558756491358276763e-01 6.741357416360566068e-01 4.385064737886585906e-01 7.532021036076326226e-01 1.091826240502320466e-01 6.542844619029366537e-01 5.599910566420753799e-01 5.613922529113697379e-01 6.270224818502269093e-01 3.209317278075464186e-01 9.008968140267359370e-02 4.561563273901209081e-01 8.187837261478350115e-01 7.093458214103698367e-01 3.651351460747959132e-01 6.751532495015103441e-01 6.819263753586592980e-01 7.491632736121466296e-01 8.153575264180979998e-01 7.569633843279806040e-01 9.000662452593901630e-01 7.608089059698343037e-01 6.708409093489663411e-01 7.505543910366525573e-01 9.336651813100185215e-01 4.089662568228666917e-01 1.444860821761291270e-01 1.102870950126185745e-01 7.221768022992730574e-01 8.332293888183908148e-01 8.323194285361403821e-01 6.068874033383938604e-01
1.741416002588914713e-01 5.357841720253714302e-01 2.384311075763255738e-01 1.920536058187964912e-01 2.401888849148614558e-01 7.840891063908783654e-01 2.261826363238328419e-01 7.358037337017846458e-01 6.609241548155331269e-01 8.462702814277143215e-01 5.205126499892929193e-01 4.467489672170745774e-01 3.379017210342711852e-01 8.393798222905236583e-01 6.150428242115892896e-01 8.270017322438760754e-01 6.998585590285412161e-01 4.425584850240327217e-02 9.571803026139136250e-03 5.414397952061873465e-01 9.803336964447972868e-01 5.341738136842658635e-01 1.867949037791897249e-01 1.308654025770299434e-01 1.607889567641243023e-01 7.859215088579953878e-01 3.658455534528262110e-01 1.266226257397728983e-01 4.297003021116989618e-01 8.574612056541458527e-01 3.791478011059474795e-01 6.670829219427051315e-01 8.437253692927245696e-01 6.638085677140687091e-01 8.059422631257406877e-02 2.864489295706990069e-01 2.187433521565009809e-01 9.787382324308313564e-01 5.043393693981674808e-01 1.436126859967268299e-02 7.406070397534997296e-01 5.496082830980503209e-01 5.330370635357453146e-01 9.362375654825282334e-01 8.361089821538736366e-02 8.408513822824507100e-01 4.387527249390097417e-01 9.962617465083868362e-01 2.531139672249704820e-02 9.377273067291671538e-01 4.629366134107969488e-01 3.857056223725411348e-01 3.551033418907830752e-01 8.223697546030369621e-01 4.477541623791257974e-01 9.299462582494006924e-01 7.221072221140234504e-01 3.171779879849865313e-01 8.674959275062000819e-01 8.321192119830550515e-01 1.271644896051860041e-02 5.162582367037911979e+01 2.152265019822056091e-01 8.041622925516667131e-02 5.635038814573978261e-01 4.483785081191573596e-01 8.333802344923122440e-01 3.771190360048402024e-01 3.286101710670128462e-01 6.026747158402077087e-01 6.162466224406615289e-01 4.879303220788501205e-01 8.165010691395512277e-01 1.297887463163995836e-01 7.274292019086445737e-01 8.066042218411374476e-01 1.691021156761419730e-01 8.586565557610325028e-01 9.988624875628588917e-01 6.193556162134317145e-02 9.099046290580921070e-01 9.849298831065781412e-01 2.235372105299718859e-01 1.654141571585320269e-01 3.016923549342159783e-01 3.867604242854495444e-01 5.755601257878782961e-01 5.107618081945876076e-01 2.323990991538448236e-01 9.482655908221293561e-02 8.043326208293599677e-01 6.428549603610294039e-01 2.325563612240898470e-01 4.033335009470926380e-01 9.643631151352503039e-01 3.244940214524862920e-01 8.591079930026457312e-01 2.707123285649073452e-01 6.848401253565878921e-01 4.549358769221288901e-01
4.658262234063303975e-02 9.407252605189315720e-01 7.376005380271860590e-01 7.148340345718564581e-01 9.883735476806665421e-02 3.665008223769237183e-01 5.830389513586387018e-03 9.720518293987563396e-01 6.087531470237430575e-01 5.235941171134032013e-01 9.405867690244772428e-01 3.662460757905933173e-01 1.470627037208663834e-01 7.111521851673107131e-01 1.072292622594388511e-01 8.900984603628954162e-01 8.037810606368137600e-01 4.671872886459496055e-01 7.547656080582030302e-01 1.251625310085877629e-01 4.412480006451118264e-01 7.630247243332334284e-01 7.679291935252097190e-01 6.758173697650486922e-01 3.451229627092874397e-01 2.512539056096793066e-01 9.840773811904979240e-01 2.293681563398569656e-01 1.122936831885646969e-01 9.978967799319985454e-01 2.961001629036901228e-01 5.421894481691764689e-01 7.626695910415608459e-01 8.168266018413888885e-01 4.589623023792247514e-01 8.061920854233717293e-02 2.293462568855737516e-01 4.744250638925406882e-01 2.454102128944032346e-01 7.546269074766441820e-01 7.542001375667186647e-01 8.052592937478283419e-01 1.582307295618641252e-01 2.206339695503732878e-01 2.512603490708733567e-01 5.254026854686419945e-01 1.578354160934021255e-01 6.427580772303985723e-01 9.167205331343655228e-01 6.734417739716536122e-02 8.819368749404036256e-01 5.016318806181044865e-01 8.002146012037275602e-01 3.805355769389404674e-01 1.644118853995113483e-01 7.959886176075654518e-01 2.002783517305484207e-01 5.705985162801241461e-01 6.689346805213093328e-01 4.725886635952700754e-01 5.452701029169958469e-01 6.246733498526657602e-02 5.160400431247580144e+01 2.394890220363528055e-01 2.726133496780757115e-01 9.608465448448042512e-01 9.832079493904888334e-02 4.024745132135251202e-01 5.572901959950893325e-02 7.852475674831260744e-01 4.851423345378684804e-01 3.267372391164961032e-01 2.278233073208565385e-01 9.191997274596211964e-01 2.626552117784746176e-01 7.490038006707661067e-01 1.700942596108635518e-01 2.035631063420784148e-02 9.379959760348023368e-01 5.078446158289395829e-02 8.349173111523927604e-01 9.796364135459908473e-01 6.477324461810339828e-01 8.903960534614513422e-01 1.608992794900130363e-01 5.971018443467922543e-01 2.004770661315560254e-01 8.664136356360548907e-01 5.828026629867979480e-01 9.768846088285026985e-01 8.462190798992161866e-01 3.217731490912404402e-01 3.127046886016557892e-01 2.788944566824658189e-03 9.554473939824557061e-01 6.451948056597534009e-01 7.160667598859390415e-01 2.951930745991098171e-01 9.135821737966298706e-01 5.733555225788692367e-01
3.787124413455349448e-01 3.841755195069500584e-01 4.445853593316306807e-02 7.037924534560124901e-02 3.962943962619499549e-01 5.687243333631862852e-01 4.646559512644227175e-01 9.959899314835524153e-01 7.914747013344172188e-01 6.241838551424772064e-01 4.021442369162756547e-01 8.291487323858007796e-01 3.899502323167765017e-01 7.851267698543011875e-01 3.946326894660335816e-01 5.869289691868635472e-01 8.467959979511170410e-01 4.153052925086209157e-02 4.650618681765961160e-02 4.142355170999640901e-01 7.410968605246447405e-01 4.372594100336055778e-01 2.051856300855876558e-01 7.172413424257327863e-01 1.857462379569202460e-01 6.256114276433453192e-01 8.983361171020940450e-01 8.569891235655483497e-01 2.220214794676067527e-02 3.096578705616657157e-01 4.369873491947386945e-01 8.832854248581292200e-01 4.159698160166857006e-01 4.486320485357173649e-01 6.216933717393109404e-01 4.270673648249734278e-01 7.797278098724611528e-01 6.663318440145660215e-01 2.813447932051101885e-01 6.110101381293140399e-01 3.133444567254461965e-01 9.779671030425646228e-01 7.829557876789273729e-01 9.550981902189558115e-01 7.122094216137975220e-01 8.750990399914821971e-01 9.165000364711116676e-01 8.525144970302031000e-01 2.671198569831640945e-01 5.769043031519427434e-02 6.221011827552211937e-01 5.921717512333947164e-01 2.513781312063712026e-01 7.375361823946030571e-01 1.116551808995853712e-01 1.036903649075613387e-01 8.639975608195548107e-01 4.280973767621627513e-01 5.284756715545133599e-01 1.051137696287686163e-01 9.995444615561399626e-02 7.181340504686309911e-01 9.825603062294264722e-01 5.227491279749967390e+01 2.950189004833333462e-01 9.372925450474689502e-02 2.836410085708557238e-01 3.555680483449147333e-01 5.815912705316954590e-01 9.863701076416253599e-01 2.059035337160239898e-01 2.524489860305970668e-01 3.997925873028440602e-01 4.746505611198085228e-01 2.621419576649500760e-01 6.840833234951071429e-02 9.875451986646255342e-02 2.400613754397717958e-01 7.767396653139791995e-01 6.159398084196364698e-01 4.667162239175181027e-01 1.453992164661089825e-01 7.170566222151840696e-01 5.727918097301354372e-01 7.842037294916035517e-01 4.304310493537552018e-01 8.268500333066334251e-01 8.033793779610017838e-01 4.360508612677510554e-01 6.658115097734753629e-01 7.990871678304526382e-01 5.058614638917082740e-01 6.076383983526507659e-01 5.809992478921555126e-01 9.512308611661063340e-01 4.725240582875771533e-01 6.105536327504342831e-01 5.863128878610777139e-01 2.912598846125518115e-01 2.180847201181940198e-01
9.123255949699813350e-01 7.480628846366935703e-01 5.608278931054604399e-01 3.774098410185676711e-01 4.840666597216414235e-02 8.556314014543546786e-01 8.156301904778654466e-01 1.881867402565253755e-01 2.490913667775422891e-01 8.022184352463503920e-01 8.691284542548993741e-01 3.200348874820380107e-01 8.247087280901800321e-01 5.680566110435758542e-02 9.230284249346532022e-02 7.480976938234827900e-01 1.696004788561159549e-01 8.926735351034338350e-01 5.559359499803695481e-02 2.981135874987457246e-01 5.763091742911423676e-01 8.316571863430111122e-02 9.178985332223669191e-01 1.887232702691882258e-01 6.223211791256519909e-01 5.138190944600148358e-01 8.660817741756698940e-01 5.886513483424745674e-01 2.540623550847831424e-02 9.489735350081438536e-01 9.826944430221362659e-01 9.148274115713622701e-01 4.265385906223588819e-01 1.875101745264438069e-01 1.079571994550156955e-01 3.691551531263747021e-01 3.765881450494765748e-01 4.870108118599176805e-01 2.219287275456134356e-01 9.081125488770016574e-01 6.456179183092499718e-01 6.934059744788533264e-01 4.865550251183425878e-02 3.316239365496997937e-02 4.955356178761853858e-01 5.727352387616113649e-01 4.655489832409168693e-01 9.684892885083916658e-01 2.901308229887643586e-01 9.723036292251920898e-01 1.900435312181810721e-01 7.456688311450156981e-01 2.480439532188380980e-01 6.403178959197401987e-01 4.122100720270168717e-01 7.960937748541014880e-01 7.337466242474056655e-01 9.763464091280238399e-01 2.153975909413141654e-01 9.049583392582345454e-01 5.572262110276078317e-01 2.959716154492184614e-01 5.767226218006520355e-01 1.733716642952115583e-01 5.331351979887045189e+01 6.375571088195366443e-01 3.280078884783304005e-01 8.492729776731099411e-01 6.963730830719190301e-01 6.358652983812302928e-01 8.448790464099347197e-01 4.981981181458291497e-01 3.784386557713915744e-01 8.185547904517824769e-01 9.048695012539464955e-02 4.085129253384023329e-01 9.200541167139253407e-02 7.572282388641762285e-01 5.094390828136793337e-01 7.825572086902279345e-01 2.583969869821614029e-01 9.215809895665179052e-01 9.461525304638055411e-01 2.346821152477799322e-01 8.832690867699364290e-01 5.135621062576403162e-01 3.954857744604862724e-01 1.957266134015188674e-01 6.911573619543681657e-01 1.765083411688380677e-01 1.617881830722310843e-01 4.905951394003655874e-01 7.321646999083541996e-01 7.587470928123549729e-01 6.008332395311912766e-01 4.508289319426479480e-01 3.446519920733268627e-01 9.610008407060771640e-01 9.480657012006450390e-01 1.803357021696286866e-01
3.018828880314701202e-01 8.917240672086425013e-01 8.451396714897311258e-01 6.269145843932005802e-01 9.427580674712914277e-01 8.015895598141682399e-01 8.313561124087444076e-01 3.544189844667366973e-02 9.224579940157804359e-01 8.713502042762180100e-01 9.430130311911909535e-01 2.951672171273401757e-01 2.908651819619935130e-01 3.528690254412970573e-01 7.826101967894373290e-01 9.624784863572883875e-01 7.827804519273173778e-01 3.857129263120785412e-01 3.997151167156745011e-01 6.860165375777800278e-01 6.463602570866231467e-01 9.877962202127926750e-01 1.130956418817818943e-02 8.426616588659942009e-01 2.751901389186778291e-01 9.648317105048997977e-02 3.907554474356670360e-01 9.871091371205120701e-03 6.706394685277276002e-01 3.566895971967376511e-01 2.139169769676751987e-01 7.139328721722161264e-01 5.227557774346969222e-02 3.546283796644379427e-01 9.335281354268354370e-02 3.036623914278659964e-01 5.862398047964162418e-01 2.157038681658220991e-01 4.870331825594783615e-01 1.447426188595846153e-01 6.051212696943276681e-01 5.466067282905696656e-01 1.856977935564351201e-01 1.916580046013300898e-01 2.614087719356400497e-01 2.596325547591428196e-01 5.124762447276229871e-01 6.324283929983008923e-01 1.770387804566229129e-01 4.983815712659138697e-01 3.834729400638445806e-01 3.139615680744214377e-01 5.608120023393450282e-01 9.813109061064623218e-01 4.057989682472507020e-03 6.782197776034845083e-01 9.831682568823744139e-01 6.290985191270359600e-03 6.572577439122955223e-01 6.503204638213332389e-01 9.183020231084608742e-01 4.998530745534881525e-01 5.322356694295429236e-01 7.643827228956920905e-01 9.819799720141809685e-01 5.133220561133378368e+01 6.431586500314289134e-01 9.608871190168519760e-01 3.771292381415717321e-01 1.460686743039597557e-01 5.121867382598811469e-01 5.223934518963202489e-02 7.036286171621002339e-01 3.938031198190152793e-01 6.081890688997588779e-01 5.114343832378693833e-01 4.336980164020332040e-01 2.984443376328608233e-01 9.043561988952066866e-01 9.147675615824346629e-02 2.329202414551633238e-01 2.669006309276498179e-01 3.305214005932669563e-01 4.720544671734567821e-01 1.358123643857045426e-02 3.685147377207552699e-01 9.535482141994900962e-01 9.750091101841119601e-01 7.144814730788798807e-01 3.227765896567359460e-01 9.453883776658830174e-01 5.589042231220729962e-01 6.634586514605068652e-01 5.283809422594173411e-01 1.262295123367304095e-01 9.536490727024571346e-01 4.647687025482137857e-01 1.288700639421752614e-01 9.192730028204564308e-01 4.698518771788506854e-04
5.707278033497380498e-01 1.805600498536596987e-02 5.751725249320869260e-01 3.505036522000681831e-02 7.970339246638828978e-01 8.040594717021878335e-01 4.255017469146049613e-01 3.852123914538717608e-01 9.713584325104476225e-01 3.636482233673655751e-01 6.768122331798258617e-01 4.531560302204972190e-01 4.792564026826667822e-01 2.866844834873771841e-02 2.595086234515908696e-01 3.546411954515304998e-01 4.479169597380771028e-01 3.532586689226101528e-01 4.560992053124021117e-01 8.471593832498192089e-01 1.498588226937853651e-01 7.226853496684072509e-01 1.046011530688291113e-01 9.632505627978551477e-01 8.029706002984390301e-01 3.300770567416975165e-01 9.145573962278373825e-01 8.630948481970505126e-01 3.871760296108041066e-01 3.548515223396573326e-01 4.536710715836321794e-01 2.869859888000279025e-01 2.899177002312580687e-01 2.150079937948032871e-01 3.035734873176585413e-01 2.963294923607416864e-01 9.306275506225192284e-02 7.149637802729422731e-01 3.534544256749976299e-01 9.607211218033864242e-01 4.132820171437738832e-01 4.377465103091253695e-01 9.693062929962360519e-01 3.448841818389670744e-01 2.891547164068213327e-01 6.026225621457731441e-01 8.668307464178270916e-02 4.120919632768138552e-01 2.277194123298450501e-01 4.779511481640266179e-01 9.780198247172033899e-01 8.243757824469730711e-01 9.845505098016287260e-01 4.510677123597730542e-01 5.077757323540942336e-01 4.294241470569779562e-01 4.218170876819287152e-01 3.156721593054390151e-02 9.350777608838203303e-01 7.483293506672181739e-01 5.499881925003224925e-02 2.861716578016101353e-01 2.549492146746479282e-02 9.663837358465343641e-01 1.596514506172381775e-01 2.544164536467162785e-01 4.843246981549953745e+01 6.682387580378058578e-01 1.524393791810700893e-01 6.680077590721478220e-02 5.906592612126371211e-01 6.808573769505956719e-01 1.699118321433649159e-01 1.822432433234966176e-01 3.813128481595584596e-02 1.287973627843391755e-01 6.730188230546636508e-01 7.234399925076258064e-01 2.807796602443124456e-04 7.615597410933802047e-01 8.649297656330062756e-01 6.484983499269852958e-01 1.555101478068867671e-01 1.204491232593173367e-01 8.995101196213888262e-01 5.255593025431020138e-01 5.398089179308982466e-01 4.799037867792236289e-01 6.914403319390148850e-01 2.819774587613421701e-02 6.486278546108475984e-01 7.896733443956019949e-01 9.607052285990691498e-02 5.792936155187510261e-01 2.223072986601004608e-01 9.725269190402476838e-01 9.821674182569003486e-01 3.921806130443361571e-02 2.810314140318610487e-01 9.379815540728698720e-01
9.158430055501690648e-01 7.816252214262843223e-01 2.202906310817247526e-01 9.572365429279315885e-01 4.817222730600253522e-01 1.190413992918483155e-01 5.183718467353255477e-01 9.292005234306480732e-01 4.784328844869790709e-01 3.722713032754566553e-01 4.605776929363387673e-01 3.611285975333845544e-01 9.098258671898247218e-01 2.637266913911434640e-01 5.342307564681464394e-01 9.741331926059598745e-01 8.291362177494103758e-01 5.550705459419891241e-01 8.505538731685786669e-01 5.148249097506680805e-01 1.686807665413027069e-01 3.651603865955135308e-01 4.221821442062030361e-01 5.459764756644178707e-01 1.524369956234595813e-01 1.319797385013299351e-02 4.359079381570030165e-01 1.949113234720776244e-01 3.737978020415455571e-01 5.081787937271973199e-01 6.224303542625383434e-01 9.631084642767517856e-01 7.337858036452771238e-01 3.891165646113973198e-01 4.493611202548342121e-02 7.514161546393557378e-01 7.012007939552835634e-01 6.731542750204771997e-01 1.970182402813716038e-01 1.079156875250497638e-01 8.504829253332298888e-01 9.196966031646804929e-01 1.205428382229194462e-01 6.053549265278350688e-01 3.401100992404704204e-01 3.803843374341862038e-01 8.852089401465891294e-01 1.270626316737446526e-01 5.061373138538076688e-01 3.498750400988070997e-02 6.534179603905810874e-01 1.491504620008311521e-01 7.541055499338061852e-01 9.830865296518793706e-01 5.519484587281691113e-01 8.383557013231590638e-02 8.091420735062181402e-01 8.125611322113702739e-01 1.000635113484917849e-01 1.584942796011643562e-01 1.185928857229873179e-01 7.750785297215440073e-01 1.873640950946205974e-01 2.322987037627837204e-01 1.235855994768724209e-01 4.627254487750913636e-01 3.293502937523353769e-01 5.172615316869001845e+01 7.665998655650914095e-01 4.809860407077504174e-02 7.489591029899901331e-01 4.654367165242324633e-01 7.109954372879881968e-01 4.329262792381228797e-01 2.713793659452562457e-01 8.524861376036672045e-01 4.223330115633875392e-01 2.761553896497769278e-01 7.903029590814232286e-01 8.376922565855291491e-01 5.158355858693260965e-01 5.049330742432083241e-01 5.045048025290018723e-01 7.148457560618218798e-01 6.400322168781321652e-01 4.915956187697567703e-01 6.634086366507530030e-03 8.414328068885829071e-01 5.716898037574892344e-01 4.712889721732554937e-01 6.006620423201225467e-01 7.025324271327715309e-02 6.028584572360847771e-01 7.377451905216395600e-01 3.616263548884131040e-01 6.008409513107612065e-01 9.057025127465994085e-01 2.460694149471839287e-01 8.046202326826252804e-01 9.136440440103312799e-01
9.913751847735229328e-01 7.969405747136579787e-01 8.859027887931980594e-01 7.816932053875857989e-02 9.621575399257844552e-01 4.771144191880150043e-01 1.242428259645005362e-01 1.980340012164913954e-01 9.439638993329568795e-01 8.087083592985061520e-01 3.868654326763470985e-01 2.200806762927899340e-01 5.100041726675109688e-01 8.816808985616488847e-01 4.971096331901935228e-01 5.818885516273520908e-01 5.208734166500561535e-01 7.542428832194988386e-01 6.593533096828563256e-02 2.574529643299261483e-01 2.511992960514698447e-01 3.966505392107100292e-01 3.422587152137049893e-01 4.864369825446320794e-01 1.859035656372699519e-01 9.457805709407933747e-01 1.190535828919540018e-01 5.314413189731692633e-03 4.030937439167133762e-01 1.805311510757212634e-02 3.974993187118369686e-02 7.863344875380563481e-01 8.359812062146848577e-01 2.372040357876474825e-01 3.791776812604180646e-01 5.351036845879386661e-01 1.666691071663882751e-01 8.376580020063624232e-01 2.341204313100969658e-01 5.442403576961697409e-01 1.418210391050568342e-01 8.385101419300328152e-01 7.951668567356211526e-01 4.346895745679689727e-01 8.111369433208660551e-01 8.965429611049474667e-01 6.254689112426761177e-01 1.852168211167849465e-01 6.745522804907647663e-01 6.485075166384276502e-01 2.623985969295752341e-01 1.405047921926388943e-01 6.238716289052461672e-01 8.270032586766787874e-01 3.351454517547156620e-01 9.752817459863555305e-01 8.995018712282192297e-01 8.954256594784733014e-01 5.585642609813639137e-01 9.873535348119942823e-01 5.601278047066393651e-01 5.192886425631302316e-01 1.968326698382165674e-01 9.244779196584973491e-01 5.739413696073184523e-01 6.241823608600483020e-01 6.742898276343662900e-01 3.009795155752370555e-01 5.381314933528992128e+01 9.803199869459799931e-02 7.933366527264785750e-01 9.231257623714225202e-01 1.226813194607309088e-01 4.517583687033254192e-01 8.322196923752555042e-01 9.394343326827059304e-02 9.056632442881085154e-01 6.778240396616248553e-01 6.625463207678742306e-01 5.201470456265426812e-01 3.560956436425791738e-01 8.872681924920978735e-01 1.132431583307245138e-01 6.496539737695063987e-01 9.979713719588458876e-01 4.448508979806601316e-01 5.291948480915293906e-01 8.242480340556217477e-01 6.319224350074535979e-01 8.752183664066736091e-01 6.081213760905100907e-01 8.503538771329192114e-01 1.392343116345058363e-01 1.013603894096982705e-01 5.934443858478337663e-01 3.000394897678050343e-01 2.351102359956159793e-01 9.026823877775982385e-01 2.184211387727555964e-01 1.542673271538549384e-01
3.506226159952019472e-01 9.335513247729579911e-01 9.161220752910166354e-01 1.293199481780966664e-01 1.856105294590191246e-01 8.985084026707911287e-01 1.673399624072883229e-01 4.709823756973755549e-01 2.613447918679046023e-01 6.526823154266471194e-01 5.757280044548526154e-01 3.693963148104524308e-01 6.598069448657364333e-01 2.356323660856973756e-01 3.700804549100052965e-01 7.454744001091769823e-01 6.764329373264169609e-01 4.219257472483928240e-01 9.950534785181047726e-01 9.323224858306849994e-01 9.353586589726082812e-01 7.731079623300050052e-01 7.809155676055776762e-01 4.853460841067186449e-01 8.900739715512240302e-02 8.294240509674434270e-01 8.551601905846508700e-01 6.824423809943047647e-02 1.135372878576135225e-01 2.803284325632131591e-01 1.578331677889349693e-01 3.026232396671835190e-01 1.383412910891715919e-01 7.234593758861235235e-01 2.935673295140104333e-01 5.405972351400032405e-01 7.758446653839873308e-01 2.034805381502439170e-01 1.354033675523604874e-01 8.861151798150964654e-01 5.173083973157042159e-01 2.084057489101747151e-01 2.593792537588143210e-01 6.981654259048470923e-01 4.549405328545573779e-01 4.265066182365848668e-01 3.246674789006476214e-01 3.791426894188624219e-01 1.851292106587520969e-01 8.544842139376174206e-02 4.569490642059025332e-01 2.376683338528154943e-01 3.872541075301072500e-01 3.598927290902574905e-01 4.667142279157975304e-01 8.875805091557039672e-01 6.839557445998180052e-01 2.367850798360111586e-01 2.792724773745449696e-01 2.231003442945208581e-01 3.428581010960491948e-01 7.403189100114279109e-01 8.295749564511550878e-01 4.862840678030090347e-01 2.572171080165149837e-01 1.131384936733540458e-01 8.075167656456856413e-01 5.338821254142167572e-02 9.318189411280163315e-01 4.671364150706403251e+01 3.996827317587436923e-03 4.520611168269398350e-01 3.572025537114403848e-01 3.235930489789694553e-01 1.677857462980191228e-01 6.734597718639989683e-02 9.467557490156254252e-01 4.609494300480753148e-01 3.578251576747968343e-01 6.698379155197758950e-01 9.610210191786674461e-01 1.558355938307709465e-02 7.253373392951445453e-02 4.963300486331040373e-01 3.190969387716050543e-01 1.430597342214907641e-01 1.603345217951654966e-01 2.134523175583058485e-01 8.899689999241622296e-02 2.450962340336255707e-01 5.881074317637966509e-01 1.626062095757024872e-01 8.606320904834812158e-01 9.987904060413715923e-01 9.869660716547741242e-01 4.675275877185968154e-01 4.767017282594060434e-01 1.712200518467760224e-01 6.781914199107682562e-01 5.413309144602344025e-01
4.637979156369538281e-01 1.137896023750016861e-01 5.757189324190623569e-01 6.091167336275444821e-01 5.525521212586160802e-01 9.436349650999380501e-01 9.220987559798387023e-01 1.875766470478191783e-01 2.192466476420851240e-01 6.815180662059324712e-01 4.566506032635421208e-01 1.476671137611003104e-01 2.207157076514663085e-01 2.532576676361929513e-01 8.420293249721336748e-01 5.165749976269904398e-01 7.786800954957431298e-01 5.457928959546682890e-01 2.080286826563279012e-01 7.494118748373764793e-01 8.545443638484706561e-02 4.674117524430599913e-01 3.343377312828388348e-02 1.684072385560697604e-01 5.912676951852779972e-02 1.955027225624924592e-01 6.762535153882072159e-01 4.834245750160759414e-02 6.833063937486371087e-01 1.785835035422462802e-01 7.325034346974211852e-01 3.590672540169501659e-01 9.572755664465437686e-01 5.238322099956659317e-01 5.857325899168724925e-01 3.257203686592481384e-01 1.148390937319576643e-01 5.270528168599843966e-01 6.748352854632765352e-01 7.329827736637098967e-01 8.175677313139597668e-01 7.699229253266333117e-01 9.216370155941233655e-03 2.232049066389485414e-01 5.759546681271335844e-01 7.295462711710161141e-01 9.651762642873047415e-01 5.118933601010522416e-01 3.145611890096179364e-01 8.978963269923154744e-01 7.900493007778446319e-01 6.029632237625789370e-01 2.844540908546132618e-01 2.628261094090467154e-02 2.672174982263069154e-01 8.733213145588365478e-01 4.375050480343445347e-01 6.463351802808767754e-01 8.915720307464120031e-01 3.303859065073335710e-01 7.897859050639121081e-01 7.908154926761953307e-01 4.849315114155897666e-01 6.863429852107362228e-01 6.623993977489506246e-01 1.921453411469606909e-01 8.415463714789739313e-02 5.086822542046630646e-01 3.055273887320221204e-01 7.126873818573964403e-02 4.934991152682572846e+01 5.538062050679793957e-01 7.370033834162059705e-02 1.494275157882388738e-01 7.052113080169444270e-01 1.634405049387558373e-01 5.925620275911696044e-01 8.408143787274947600e-01 6.415750390693656380e-01 4.426348774283490606e-01 4.174721136943713162e-01 7.587574889164617753e-01 7.918558737563852201e-01 1.233670615644600899e-01 9.333292896045189968e-01 6.839455441966506566e-01 2.007655624065277644e-01 4.853893684386759722e-01 3.848776376103143493e-01 2.323134401757133150e-01 9.868915392159286482e-01 4.516007675115801812e-01 3.040851244091431482e-01 5.945878254003711394e-01 6.324534105417882746e-01 8.898184720234040279e-01 1.106453711847699140e-03 3.601912043618071824e-01 4.853597591560713242e-01 3.102063989153843737e-01
4.390156850301976110e-01 5.259087938677620144e-01 2.309920978845872996e-01 3.580653454151327963e-01 1.539418281577588088e-01 9.534826168728038898e-01 6.657461494876595332e-01 2.617752404717502701e-01 2.037744083732179190e-01 3.668666444720927178e-01 5.310433535784208070e-01 3.736688719913837664e-01 8.421920979489059267e-01 6.417677884623799178e-01 4.676885369904176804e-01 8.919057155782303958e-01 5.260016939701515071e-01 9.093170213270996838e-01 5.552629415685366165e-01 8.729892526822971011e-01 9.357860739814590767e-01 3.517885547050144668e-01 6.516115599084604249e-02 9.660047058317885460e-01 8.610931888263462231e-02 1.106818941050921046e-01 3.137055745157747433e-01 4.749989583922391567e-01 9.304853517686710873e-01 1.715198231539083462e-01 7.947142553004082899e-02 8.098301414337206738e-01 5.879075544468079784e-01 4.123871472462481425e-02 2.086199516543887356e-01 5.408683719693031522e-01 4.839322930256667599e-01 3.315937442906756738e-01 9.661729048019596089e-01 4.841224516384224907e-01 9.357425328530005748e-01 3.269372776200952790e-01 7.503088485616282721e-02 7.721930058405779285e-02 8.433517864680839526e-01 8.916593838885936707e-01 6.788445591099944165e-01 5.297935423313192560e-01 4.779449430526241382e-01 2.029470596211125910e-01 2.666364150832628566e-01 4.363882846356814671e-02 3.964625490410356168e-01 1.397391698258375614e-01 2.623014146964771642e-01 8.981025510056793726e-01 2.346249231466819296e-01 9.698530091735577674e-01 3.326355331441677166e-01 5.700278543016228383e-01 9.558205659690528488e-01 5.996059230429851006e-01 9.010119727925059996e-01 6.569588489018718391e-02 4.098436884577045802e-01 9.112842870023907249e-02 5.700523765577399926e-01 9.953913439918083972e-01 1.962410584109692824e-01 9.369040667306077763e-01 2.928920342295038282e-01 4.810480672996745710e+01 7.584502224137842363e-01 8.605967247154368005e-01 3.970453822242158148e-01 2.222438129064741030e-01 2.101207052879443538e-01 4.017434361613310134e-01 3.448367019537222911e-01 5.740246420438586128e-01 5.071147416337632441e-01 7.268214228974819724e-01 1.943896602382551020e-01 8.747181745423197041e-01 4.216202151334114134e-02 1.903509368701039595e-01 9.984483137002589936e-01 1.621516972553037617e-01 1.089887342663673486e-01 1.294090682389951175e-01 3.265102007322449040e-01 6.854691808637480843e-02 6.320820120377655948e-01 1.781722348448501192e-01 6.586925710952472590e-01 5.119575988629040397e-01 4.119690656006702589e-01 4.125584284176406769e-01 9.245253216596038826e-01 1.158981556724374418e-01
7.189515409181663763e-01 8.909575443868719136e-01 3.309191807255186246e-01 3.918319316988502221e-01 4.324986511943510470e-01 8.799076068487382551e-01 2.188749518557598917e-01 6.303928025004592595e-01 9.016772637029267790e-01 6.963279935415487287e-01 9.114775242392424426e-01 9.696221294917428679e-01 2.334877692234816893e-01 3.835350350153196031e-01 4.055101931376676738e-01 9.229732873100688906e-01 7.080898738668851555e-01 7.751819364608630858e-01 1.249783505346432344e-01 9.594597718141945064e-01 1.650950641913808692e-01 5.994380397693824802e-01 7.164147203243854678e-01 2.975777573938636067e-01 8.445074487925581241e-01 9.449363296778240384e-01 4.154096854560161978e-01 5.582019230805778109e-01 5.032510687547412376e-01 7.631835859354820784e-01 8.000499112886944042e-01 3.377237551336781385e-01 6.379825769410216729e-01 2.294646615864139871e-01 4.418187882526697363e-01 9.038434171676990037e-02 4.787655390823490897e-01 8.734778335122870274e-01 5.654347958741702262e-01 9.345439499112124793e-01 2.093028365481519604e-02 7.324695092599748936e-01 6.021459530702477636e-02 6.289422785120443171e-01 5.596456908084839199e-01 2.362305125471586553e-01 2.946160691583409319e-01 3.027232143317524216e-01 9.261365755160949620e-01 2.866067055377327089e-01 3.281450901448393909e-01 4.433208675751876271e-02 5.752986718302355307e-02 5.049414195890189472e-02 5.939355973374321751e-01 4.358853354725933382e-02 1.652542276664588083e-01 1.537798659206029983e-01 9.046731264161722574e-01 2.422459592954657737e-01 2.460449971129253788e-01 1.484187778578524020e-01 4.108142541742638709e-01 5.383606620820794442e-01 8.915119443148198375e-01 4.019528136053823753e-01 4.973096410759134667e-01 2.574258148054281437e-01 6.057499690454282160e-02 7.496917415679488217e-01 8.519083317278037804e-01 6.667583110108643574e-01 4.982249847207101823e+01 2.652750973580434435e-01 6.984310582466987105e-01 6.118587505575194818e-01 1.255819537528314322e-01 8.342231293727342401e-02 5.315455740464325451e-03 3.527522690362654423e-01 8.436995425406640381e-01 7.004814098096748820e-01 2.461273969211579260e-01 8.877332329168213798e-01 1.630921830313162291e-01 8.730735304807913932e-01 3.675739103541659780e-01 4.029598263408784575e-01 6.125891553740498985e-01 7.356629568248558293e-01 6.376615389684980872e-01 7.640384818793689581e-01 9.131299639867812568e-01 4.565988546924492075e-01 5.118053487072822261e-01 1.178403313463731727e-01 4.666123602042904217e-02 1.548427883321918941e-01 3.912277073867823640e-01 6.692936278322277888e-01
6.264119556799415678e-01 2.529989912073358216e-01 7.715375315670799372e-01 6.206777500044047269e-01 6.057262990688718762e-01 7.490689103184877684e-02 4.648342533412833655e-01 9.976818469048291949e-01 1.608435465281413679e-01 1.466611919958185073e-01 4.294062980456540002e-01 1.233911828883252904e-01 6.116775645063272648e-01 7.428232131202563426e-01 6.535645206197473467e-01 3.307772887062967460e-01 7.879177393238648852e-01 2.120984179743927722e-01 2.600783127676964401e-02 7.436885914633653005e-01 2.913942376443892091e-01 7.072722508777338213e-01 6.390121094740833785e-01 9.397127442195528646e-01 1.766826791040979616e-01 7.840814372427162837e-01 7.372143319565761521e-01 4.996041832054991527e-01 7.770253265405092646e-01 7.217863296360238490e-01 6.677523849804979372e-01 6.632261242602485174e-01 2.817688350368152683e-01 4.192959695711395707e-01 2.687034871435733940e-01 2.777834350218859605e-01 8.511219562000553740e-01 9.442132719951646935e-01 8.011575202504261917e-02 2.964328695076536846e-01 1.140763892050380424e-01 1.449242923051119458e-02 9.481398346559972712e-01 4.269883765781947726e-01 6.745189855413106228e-01 7.144807493054832204e-01 5.952131925463283180e-01 6.028850670824769109e-01 6.429843231274385840e-01 7.823395523649298022e-01 3.595713745388147142e-01 4.537661774126555692e-01 9.735183881220381696e-01 6.613004853114157200e-02 5.072391008104425447e-01 6.423471843881461973e-01 7.711189715829748215e-01 6.754338795791074990e-01 6.849048987440493619e-01 9.893338119559021981e-01 8.466049757131938192e-01 1.716003105564904985e-01 5.970427703121129470e-01 8.468246687402770645e-01 3.910426070203213422e-01 4.268886373160538650e-01 3.764425106764410778e-01 8.044410115510626236e-01 6.629401538274309891e-01 7.111135787826416976e-01 1.296799399907401229e-01 5.417654389761995537e-01 3.965308684342370160e-01 5.309623671065297401e+01 2.679803921462847738e-01 4.081248900496452503e-01 2.923500535687683088e-01 8.692650222783082636e-02 6.282133256050944636e-01 4.171591089897541682e-02 7.055786199608089504e-01 8.428417483196702920e-01 5.701193135260412825e-01 5.889589425076245943e-01 6.670492201275490807e-01 8.772760336657333680e-01 7.966177058610308670e-01 7.471871684229332011e-01 1.467425111455542552e-01 2.784544578679590821e-01 2.829261912687281999e-01 7.398267624493293226e-01 4.709345601240914059e-01 9.072926340088064423e-01 3.152691747665284927e-01 1.609373952647354944e-01 6.671132410166000781e-01 3.728777807944629874e-01 6.805942876346783299e-01 4.346184468367305653e-01
4.541463593819650146e-01 2.539335823188709762e-01 4.613839735573260770e-01 6.280593777276367584e-01 7.542121434349233766e-01 9.487871362743749426e-02 3.709671709743941337e-01 9.139719330085269711e-01 9.069772679609643395e-01 9.744345381408651141e-01 6.527943377573314221e-01 8.608558810782603876e-01 2.846490229520713955e-01 9.741116112184495801e-01 4.492239871693615161e-02 9.736352366211494802e-01 6.276858274497376655e-02 6.149362441702550530e-01 7.609074720908828304e-01 9.256624196360595525e-01 8.643236111244047004e-01 7.069740075303208027e-01 3.803666795809974577e-01 4.064239842300548800e-01 2.923223502053285960e-01 4.440290402221606092e-01 5.622672362278202662e-03 3.394081118659121321e-01 8.180215599003698435e-01 6.267840896802329143e-01 4.888347378978143976e-01 2.116778430834831415e-01 6.604532525690454126e-01 4.167834352407684406e-01 7.897213947344356999e-01 4.332013363529616523e-01 1.071598099734317744e-01 5.686833963630231192e-01 3.932789808558890821e-01 3.216815864570696792e-01 1.722644769621307637e-01 4.188890334194236287e-01 1.157495576645344304e-01 9.575735934125800819e-01 3.897208248901762317e-02 3.719944351003020566e-01 4.536264856209905050e-01 8.117877151843644334e-01 1.768799352070882236e-01 6.446979962950465382e-01 7.602406084670898512e-02 9.681853161507187888e-01 2.623557662962732184e-01 8.193724793767619419e-01 5.927393020138368440e-01 1.611995528729123217e-01 6.315910727144398162e-01 7.660170225091134100e-01 7.436728862969366194e-01 2.642794090720409494e-01 9.887451655655941085e-01 7.323673662400460582e-01 8.429756522269427066e-01 6.807836269506012394e-01 3.993415856041448997e-02 1.160656727171208713e-01 1.545454720701829876e-01 9.068002015104670299e-02 6.289547065704933493e-01 2.327884380147874355e-01 4.293659026153127112e-01 3.326422140855587184e-01 5.677623678586731781e-01 8.726873317915490036e-01 4.949334290725454366e+01 5.443242152693066327e-01 2.614076331701290501e-01 5.438872695209950869e-01 3.711385416290879924e-02 3.986836194520890775e-01 5.452460182625948892e-01 7.009922821292564610e-01 4.808816111562831397e-01 9.062202969120998208e-01 2.931712009102438454e-01 1.462044441706135123e-01 4.611265041105342410e-01 1.294537787177766353e-01 2.795537058410710873e-01 3.568576648765776627e-01 6.218755734542775748e-01 8.755007765670299591e-01 3.161046153327484731e-02 3.895679779562493117e-01 9.360755244855130108e-01 3.121502272749095974e-01 4.877576101461650326e-01 2.196773390164310502e-01 9.634454461102627265e-01 3.327647945059453161e-02
1.133456138361057519e-01 8.280730760709529292e-01 3.855543759275191773e-01 8.616686999822851245e-01 2.065890972829276251e-03 8.182571823529721788e-01 6.499615416543204072e-01 8.159742666480942486e-01 1.457366388134599955e-01 7.137455369995953092e-01 2.530129845622781648e-01 9.043573225685872519e-01 7.317068036343349346e-01 9.090692443171284332e-01 9.934308184191656954e-01 2.419111010901797698e-02 2.455356307608806965e-01 2.685324242786296667e-01 4.636494143696477943e-01 8.586454639056205762e-01 4.717506274911303921e-01 4.854942362850790394e-01 2.676445430292200278e-01 8.326506246622228380e-01 3.778588375656382059e-01 5.853613006688024312e-01 2.166579668726325014e-01 2.470191987909802211e-01 6.774720659509853027e-01 8.545419418978236203e-01 3.868263863651971723e-01 3.756567922639953983e-01 7.543130465250016403e-01 3.412605276177411717e-01 5.839530433428624656e-01 1.490344158745614545e-01 3.556368690144381395e-01 2.611916915867179556e-01 8.488449346756969938e-01 2.488544859708641255e-02 2.299125907583056128e-01 7.846368379718190456e-01 8.161864643977906342e-01 9.393739768089111042e-01 6.324034858646717661e-01 9.876682720532203863e-01 2.755380976793552206e-01 3.103387366900365318e-01 2.569563838653491361e-01 7.519022612085024537e-01 1.061210468842372912e-01 7.933247951229958073e-01 9.990184421185053232e-01 6.051740210694560584e-01 1.573104269522880294e-01 8.722703488260763471e-02 9.828505881851881121e-01 4.243317853339956258e-02 2.847893587585336173e-01 4.782516388075260805e-01 9.853791361848325270e-01 4.898069382724402621e-01 7.086853188955645200e-01 7.984829967342221835e-01 1.359026773758961193e-01 6.790721773462701227e-01 5.778318516464885368e-01 2.118711042862251315e-01 5.176126868863227815e-01 1.622448068784717590e-01 9.342680880650378050e-03 6.692684641912625132e-01 2.483786473764538760e-01 2.922197641907269272e-01 1.263788312086244758e-02 4.986307307287274426e+01 7.704214525956597504e-01 3.405174335867113822e-01 8.518066361991968316e-01 3.279916033474578052e-01 1.989916837777058189e-01 7.861131345562588635e-02 1.203710773570051407e-01 8.523845987999111307e-01 6.963130231095159273e-01 6.210499662160151590e-01 5.610772698905008848e-02 9.415510424572494097e-01 6.409259405829667022e-01 2.070688520682906208e-01 4.455837394206529911e-01 4.782851943798662742e-01 4.327733296673975660e-01 4.804096698392257281e-02 7.445607416804085332e-01 5.352677632867330892e-02 2.299479344343161591e-01 7.574776809803714928e-01 9.887672461945840041e-01 7.161833745981598387e-01
8.678811317017095517e-01 9.366264083906390425e-01 9.609102402780513863e-01 7.688845973516711396e-03 2.878541102122376127e-01 5.839568298002567603e-01 5.385401277965514710e-01 2.834581823235324816e-01 9.219574425121646044e-02 5.153180730114689245e-01 6.410398931227466734e-01 5.042650173084137766e-01 6.825351391709866267e-01 1.593252885625947579e-01 4.066122838600678691e-01 3.217763175422477806e-01 1.345430812278569643e-01 7.903980643511030468e-01 2.834979560659258713e-01 7.126122088920500142e-01 5.368288135193821642e-02 1.900610432670045702e-01 7.755112623368519698e-01 1.033072160967701825e-01 7.430736340706020071e-01 6.131883009034957421e-01 2.185998302326768172e-01 5.777249576470812054e-01 4.676868421546277466e-01 6.791616048282664853e-01 5.411398070347007705e-01 7.312037845016519100e-01 9.251962517136874675e-01 9.077650656026535758e-01 3.683145135341592269e-02 2.851202202159657251e-01 2.525582329231930157e-01 9.863644335486643211e-02 5.455871211624948591e-01 6.568284817982328327e-03 1.662877964914024620e-01 4.646469899760585776e-05 7.631859567881758011e-01 2.723404640559069501e-01 8.088665240360221054e-01 3.030421096725522956e-01 4.146679728629618644e-01 2.236681631570658357e-02 2.007324252067177461e-03 8.664579333878671408e-01 3.196024811142001987e-01 8.008172176428994815e-01 5.493382783970194305e-01 7.422238826520743959e-02 9.497983845178356033e-01 9.288566087348404388e-01 9.599277244207021775e-01 8.463947913014586710e-01 8.178165373638400792e-01 2.159889573532275397e-01 7.391353975090197981e-02 5.118848666259940838e-01 8.384371865467652452e-01 6.540903343486766941e-01 4.494891747091910306e-01 5.767446163714495810e-01 4.813859385670883340e-01 8.637173601702728964e-01 6.714493691905134565e-01 1.146918052673097099e-01 7.855840084835639114e-01 5.288503432756840317e-01 8.183295199146398691e-01 2.047829240896671399e-01 6.175330280673025918e-01 3.023282719217915693e-01 5.252624125089873530e+01 1.153878091026145913e-01 1.197046989967726072e-01 6.960536976031062029e-01 5.849594002500489998e-01 7.944112632805133689e-01 5.987961048120844509e-01 9.649916151358409744e-01 2.327624056291044408e-02 9.800581493449789239e-02 9.387540848357541767e-01 5.306816061812569263e-01 9.240285905464343807e-01 9.817482244128262758e-01 5.198677759191269176e-01 9.339642514179522514e-01 3.247086571907209507e-01 4.886329760027195990e-01 7.247500669193321921e-01 9.084578561244983641e-01 6.675188215915329737e-01 9.595402316045468227e-01 1.773582639555966178e-01 9.186936875199995800e-01
5.023200253013641037e-01 3.266251284330468074e-02 1.091095386934729516e-01 1.783268012507452926e-01 1.243622847621003169e-01 3.057764505751806583e-01 3.497064389307202870e-01 3.956116441482127044e-02 6.102436292007520358e-01 2.197855589037664981e-01 1.198753779261149122e-01 1.427537862327349361e-01 5.607372608240871470e-01 8.358253290252067869e-01 3.768218046825744239e-01 8.822994374884329805e-02 8.078930277851894548e-01 7.552633919502016457e-01 6.041848875515989370e-01 8.819026813581070101e-01 5.222181475466119993e-01 1.407725083663796672e-01 7.669772054897964209e-01 4.777404031509311366e-01 1.872655512634936459e-01 8.177813862023066704e-01 4.971865497751295493e-01 1.067741933272132737e-01 2.730971646852354828e-01 2.702621166281005127e-01 1.585658323652829882e-01 7.790869527978397935e-01 4.083531063855400101e-01 6.843907101239562474e-01 1.849895956045946033e-01 2.774282455716684526e-01 1.406636020112544960e-01 6.951332658422675337e-01 8.618443528577471868e-01 9.507961676270287876e-01 1.705016644763971412e-01 8.125280536853943802e-01 5.529374805336751963e-01 9.101598383910365353e-01 6.010835115494764791e-01 3.143906568286617409e-01 4.179699633153783900e-01 5.512744948236768527e-01 5.611458833777964728e-01 3.666612170139829097e-01 1.768010384013694036e-01 9.720723048250218268e-01 1.881250665296768654e-01 5.944061450348765430e-01 4.353583789546603411e-01 3.546968101873475554e-01 1.404365126404794051e-02 7.915150713483144473e-01 6.534454495034024424e-01 9.076702902142419482e-01 6.627803473796002320e-01 1.343545249785136342e-01 6.459121470394671993e-01 9.149836397882352701e-01 6.011289410504194741e-01 9.023016452019326783e-01 6.947583426746791746e-01 4.483295586245150677e-02 9.712695233001426010e-01 5.211751424809689670e-01 4.834835578079431651e-01 6.867183954044027150e-01 4.326816324355107213e-01 5.102967908754809656e-01 9.330039030713951353e-01 1.691646225698831829e-01 9.133304060103509814e-01 4.934961697653570667e+01 3.758773393990928469e-01 2.993173023736990235e-01 6.096679035487136966e-01 9.727044550232989417e-01 8.097253770426916519e-01 6.918208841286644928e-01 2.845690038671739863e-01 7.427309188845565568e-02 3.718062433146051005e-01 1.925399354845985789e-01 1.061389135610754098e-01 2.721318247855853967e-01 5.961397491546528427e-01 9.012840166573727885e-01 4.873267749517595782e-01 9.218553032321424867e-01 4.957330456740456359e-01 7.419878085009842250e-01 6.223962190965726116e-02 1.866443749007539177e-01 4.647779492479714447e-01 6.042072653048328190e-01
8.754953768876437836e-01 2.572744189606313014e-01 6.706698249114378951e-01 8.905796274060029383e-01 7.606880940961584514e-01 4.542004891608549810e-01 5.868955252073488893e-01 5.817894834321579722e-01 4.522616555379973535e-01 1.176909044810386940e-01 6.714216956243690415e-02 7.012203672509943475e-01 6.074579217528131014e-01 9.769428263343447050e-01 3.544017772775667208e-01 6.772188672713744806e-01 4.952705330833728770e-02 1.853723572054346569e-01 7.135039674707022161e-02 2.119522518777152698e-01 2.775865294465266198e-01 5.073149829942031896e-01 6.299507607048451252e-01 8.697459859098426449e-01 5.847688106575308353e-01 3.995535566148272766e-01 3.549185531115933712e-01 1.426633461810870029e-01 3.504754529305809108e-02 7.484733087490419434e-01 6.042650373567504118e-01 5.936184395505141875e-01 4.763218912631749236e-01 7.621184282241589836e-01 9.092269690879656308e-01 2.898720581394323981e-01 9.084434279221411668e-01 4.286788685769872265e-01 2.125858903125508181e-01 4.626765871819520370e-01 1.521388666433133308e-01 4.349259393172281163e-01 5.664306121100260993e-01 1.210876265478959546e-01 9.863113284278240966e-01 9.106719700025038833e-01 9.531758493799403764e-01 5.438495263319815809e-01 9.538168699158355857e-03 7.512496847454533944e-01 6.518851751242764614e-01 3.494984517780374000e-01 2.226051697873391300e-01 4.543722043842881586e-01 5.584313299711369805e-01 5.309580211431076391e-01 3.840558321742387760e-01 2.454356776345343327e-01 4.829065673172376894e-01 7.507361085562169745e-01 4.427942274511733611e-01 8.023665144585907516e-01 1.898341724267423869e-01 5.349501422411353513e-01 8.926773284011535470e-01 3.368638378102459807e-01 5.707284784431572167e-01 7.449579772132089994e-01 8.924834815336303295e-01 1.854162271022982145e-01 8.918494928100560992e-01 9.174399923012355185e-02 1.101681360852927449e-01 5.175101275789927291e-01 7.867226967635230217e-01 3.857809465213297706e-01 2.759835670015958753e-01 1.671362612592516284e-01 4.941483513109409387e+01 3.519954472188436823e-01 5.346663894549130713e-02 8.150820940137848414e-02 8.878934818303217957e-01 8.021616519109701082e-01 6.736863000403131574e-01 8.921536881501771488e-01 3.738445874958182813e-01 3.462248006867114647e-01 1.711128399568671021e-01 2.606138216204186842e-01 9.961556709457189962e-01 9.559549003310066073e-01 3.237671164670619106e-02 2.012056741078266375e-01 1.498034838701763904e-01 1.968039822685901941e-01 5.196122839512034020e-01 3.447516634844207672e-01 9.217991989955351961e-01 3.562688227365287119e-01
5.403953084948195373e-01 8.655568085613146723e-01 1.191686567039929034e-01 4.114934601509989687e-01 3.755209408090637302e-01 8.781245935034430738e-01 6.844638740158263124e-01 5.639677881485463118e-01 3.303191988791402967e-01 3.505983915368724446e-01 4.632582096209933997e-01 3.320213657443779054e-01 8.225712306078947211e-01 1.571494803994343270e-01 1.074424956693841304e-01 9.071236364596149127e-01 7.212626500621698300e-01 5.687400177483304953e-01 9.104337261932736736e-01 6.825180153027685659e-01 8.740668419962985825e-01 9.005384428603357971e-02 6.724566723286574677e-01 9.391286955771269707e-01 6.436289220424867841e-01 3.798538658783644495e-01 7.906337766415584278e-01 2.945980663172907965e-01 2.071510097863007438e-01 2.008972580659570406e-01 6.474679014572664038e-01 3.477514694826332464e-01 5.744374331112552801e-01 2.439750917982138612e-01 8.762855515452452337e-01 2.055567244052847187e-02 7.928125252373049436e-01 9.397056308830433746e-01 7.474036610336926012e-01 8.731502214769544246e-01 7.026727250625253163e-04 1.406195867627597629e-01 3.215281107333578525e-02 7.728664607273272313e-02 9.881328902091307542e-01 3.360081991482517516e-01 2.849071103621225731e-01 4.509069754039830569e-01 2.972492255931703520e-01 1.982799910152005518e-01 8.116088469475346567e-02 9.890215576573108125e-01 2.265413253045163167e-01 3.174920046823467290e-01 5.436590034502386537e-01 8.709346272906739461e-01 4.888159819323368849e-01 7.568828376429619365e-01 3.144332938433433977e-01 4.589552905151516038e-01 1.861799368189596127e-01 3.820645672225514433e-01 7.500370983271028580e-01 5.946158084624619811e-02 5.389516877144284734e-02 7.086151727962741731e-02 4.161612833889382079e-01 4.233162916114187047e-01 1.258229988572728830e-01 8.072963760655197385e-01 7.067958161367948744e-01 6.938883327658591504e-01 7.322902351081916894e-02 1.871814947064421863e-01 6.241050550469751101e-02 3.452084938685335835e-01 6.944657448984704606e-01 8.295583686296925663e-01 1.821770931919169945e-01 4.715881627676635901e+01 8.911984689287426598e-01 8.034088047654920350e-01 7.234073873995260362e-01 3.073596339936028876e-01 4.380713282414649967e-01 1.978444048180784121e-01 3.238572650857899360e-01 6.513854735802084850e-01 7.399379445584876036e-01 9.669584992166799786e-01 1.634686629552600801e-01 7.676366215659051750e-01 2.366054220173814393e-01 5.443886672528819304e-01 1.891162484437137747e-01 1.039612938561678135e-01 1.488900820071610287e-01 1.445089262149008569e-01 5.059653337135109341e-01 7.651739104551003035e-02
7.091237644200658607e-01 5.169557329124947476e-01 5.377783507635236493e-01 7.635151101543776742e-01 5.105837080284941765e-01 8.027995887543325493e-01 9.863611277637345243e-01 2.508075361016994798e-01 5.570247042129998771e-01 2.478511631092394918e-02 4.261387459562961944e-01 3.968069839335702786e-01 9.162959378706826419e-01 4.112562686175307292e-01 8.260449849745247208e-01 2.593521116935606496e-01 4.254175390431375048e-01 5.585062027788694206e-01 1.296217889832254055e-01 1.054231490563450890e-01 9.401145648667699195e-01 6.285355685532798553e-01 8.092595204271699760e-01 2.613029770362371718e-01 9.481198878263874530e-02 5.265210497848803461e-01 1.974404993349483384e-01 4.976405447025333828e-02 2.121699368426190890e-01 1.914460996837974438e-01 8.069155819646950389e-01 4.562018506519019967e-01 3.865985706780880049e-01 9.236397163856571169e-01 2.083256515296426636e-01 5.452075344420701519e-01 2.414261683309182338e-02 2.383483837531461536e-01 9.239157433171760747e-01 7.157385955340059835e-01 2.006575379119990288e-02 1.018392847145990210e-01 1.370087692472974350e-01 3.698581826803649664e-01 4.379427091500346370e-01 3.003178313524966780e-01 1.469422378805536056e-01 6.383283930134953099e-01 4.099561349005490518e-01 7.809894999650496272e-01 4.838368067818676899e-03 4.702979924220779262e-01 3.078581113393186186e-01 8.402148263357419600e-01 5.455873859521765956e-01 9.509358101796632212e-01 7.626747064707178891e-01 9.989556063156239674e-01 4.223148247920787135e-01 1.270837308952377231e-01 3.186885690575133045e-01 8.809623173001707164e-01 4.916832057160832603e-01 1.176332257410481752e-01 6.025406790400916757e-01 4.424895319797903515e-01 2.059340676913623547e-02 5.932424522441848147e-02 6.132566166892527981e-02 7.060084952004337389e-01 5.724330059533352388e-01 6.002226490696730421e-01 9.985516594536192336e-02 5.888686485530577608e-01 1.021838847566335362e-01 2.429076478877728595e-01 6.375296773287252305e-01 3.268301436606763088e-01 4.919269005684132612e-01 7.827675979636032899e-01 4.601416557056338519e+01 1.541705590528602565e-01 6.988851554773259922e-01 6.024365578167063529e-01 2.756467642315575395e-01 8.636622771732440640e-01 5.541118052397343563e-01 3.648369878488058049e-01 3.974086109911287856e-01 4.809338304411012732e-01 1.401976889639062751e-01 3.813207039533822451e-01 6.309131292982829153e-01 6.270775473372536268e-02 1.199706117447787435e-01 8.904596454536466421e-01 1.882229349450447176e-01 3.445791983202914910e-01 6.706367982341209233e-01 5.903804372269394474e-01
7.177174986311106730e-01 1.818367118932595616e-01 6.928663595163481181e-01 6.233396740073140485e-01 4.478100590450972973e-01 8.292723597557493109e-01 2.971318336980310892e-02 6.227201071502237451e-01 5.894721476542742478e-01 4.116827211487650295e-02 7.897926859295330004e-01 9.587024936224352034e-01 2.076915236061633863e-01 9.319260779463300892e-01 5.222870912071753136e-02 2.766448977865726411e-01 1.844469336635319312e-01 6.767424906010324204e-01 5.071814206688171067e-01 2.691294720283591291e-01 1.803183860110580961e-01 8.036028345146563057e-01 9.896810077074653655e-01 5.650183243801226718e-01 5.156170652167308965e-01 8.636540500893119532e-02 9.294445690079525813e-01 9.848324104096228826e-02 7.821533772691845465e-01 8.892189301102144672e-01 6.137312994395340837e-01 3.293652888365781184e-01 3.368435467801933481e-01 1.609947221067145051e-01 4.215575441740988527e-01 2.823873130717606816e-01 8.351410353404907783e-01 5.802602901503911559e-01 6.273866224103986644e-01 3.916052542659798075e-01 7.920197628814185098e-02 2.230398226231227188e-01 3.204686239902766465e-01 7.967966195254660988e-02 4.400949244271959993e-01 2.784405015118929239e-02 2.968417397530586088e-01 2.025599930713828378e-02 8.064429306267673070e-02 4.817968519198642108e-01 8.251469139921940865e-02 5.544416646033213381e-01 7.951118968994339564e-01 3.480886658351011187e-01 3.660213564839699396e-01 3.818893078377118000e-01 3.440161761683658836e-01 9.591905703077305834e-01 3.756741773776702820e-01 3.535149983209989744e-01 8.369379602714501765e-01 8.866659665318813444e-01 5.615040779941850024e-01 7.999948775303419302e-01 7.917084351740600878e-01 4.508674820756850554e-01 2.253703237493229761e-01 4.755881376384640813e-02 5.049166701164730098e-01 3.520474206485287860e-01 3.425149367283311097e-01 4.518975232790022334e-01 8.154776142424532415e-01 5.405947656552235747e-01 4.951168960953526987e-01 2.886030536722931084e-01 2.716907644572222891e-01 4.062490367817077619e-01 5.880431715596212694e-01 3.073467302985165572e-01 9.915530786722894785e-01 4.957981505708131920e+01 5.018267330276642291e-01 7.614227455953254120e-01 8.791917116459204706e-01 7.422095575551712621e-02 2.389574726906545932e-01 8.350709572280536896e-01 4.733065976168112643e-01 5.946633767681237526e-01 2.157950293598513980e-01 4.403508426796681752e-01 7.738438257965511990e-01 4.347740890605096276e-01 7.251145599315705903e-01 8.150045944732717818e-01 3.663234990922925594e-01 3.929618442260572886e-01 7.156741894302651730e-01 8.764398598150601183e-01
9.402136721103092620e-01 1.396727223904913329e-01 2.686069863957629700e-02 9.451461976243999974e-01 8.730828131279392279e-01 1.386353914693442269e-01 6.431342671788253806e-01 4.814693432513155180e-01 6.366002648688489085e-01 5.124510380895656025e-01 5.283225805800714214e-01 9.667618791094565456e-01 2.363723152379209047e-01 2.390133043853746031e-01 3.053998453519852774e-01 9.998255945026619518e-01 4.541500181851583218e-01 8.894401199951600390e-01 9.177276984233512236e-01 6.155800097937935700e-02 9.144631837349608272e-01 4.577768593317812496e-01 1.322495171816902015e-01 7.360742140315792437e-01 1.741369396025825855e-01 3.967416363790911005e-01 4.510546205287624399e-01 7.996031010959633312e-01 7.737485344459060777e-01 9.781974256243707311e-01 7.389466409932131663e-01 8.128243714276441878e-01 8.522413281786923589e-01 5.438601302910369695e-01 1.158526426113153374e-01 6.833275437922823325e-01 4.469395625054641830e-01 2.296619245813259491e-01 4.593936428755172052e-01 7.513249528354686291e-01 7.236642457953512686e-01 8.403191560246747738e-01 1.352252250820356050e-01 3.007054919752993882e-02 9.292089064741128057e-01 2.903255843389270785e-01 6.708812786939452044e-01 5.534564215411185151e-01 8.055392536960833683e-01 6.963421976553618720e-01 4.749333401412517697e-01 7.283535673479099026e-01 7.660009669191708559e-01 4.721168388913121738e-01 8.245202238917259674e-02 6.393946308891831354e-01 6.933396421351412098e-01 2.299326989074330641e-01 4.581839367018492037e-02 6.636479535625261494e-01 6.178734636132587887e-02 8.916378956284209956e-02 2.627081213560299444e-01 6.532045358828835191e-01 4.977336932632693278e-01 6.410133818728983579e-01 6.792737425912510618e-01 2.775028768127344447e-01 4.004508203606506056e-01 4.814138339309300685e-01 5.346605259973102875e-03 2.223577864807813054e-02 3.435809840846085761e-01 1.768736814127137569e-01 9.543254024321324858e-01 9.759102942814399384e-01 6.479907023961798407e-01 1.790531529781230757e-01 7.357388514855650596e-01 9.076577777884370368e-01 1.871983745982399583e-01 6.124852568791386842e-01 5.279159736109171064e+01 7.873086006677700865e-01 1.944581526471025335e-01 4.765390559891091726e-01 9.031753879330384205e-02 2.327037867901083912e-01 7.740599979042476209e-01 1.696770163243288554e-01 9.011175563710042136e-01 5.694425153886051305e-02 5.089652136079625411e-01 3.475093258285175679e-01 3.290692991031742842e-01 6.083592476842709651e-01 6.176619332089033909e-01 9.086347206561241618e-01 6.316140441684643392e-01 6.135105732573302717e-01
5.851379749791179030e-01 4.046524842780561126e-01 4.876488069292150840e-01 6.827013421486828326e-01 5.241338910623973835e-01 7.321038127931447370e-01 4.340774519633296968e-01 6.927979033034941114e-01 5.076713311101141990e-01 9.947113621778640447e-01 5.408004102424147641e-01 9.631112335416245340e-01 2.932076896474798966e-01 7.734545277339354152e-01 2.210998392090801623e-02 6.582356522742175420e-01 9.786204965763053432e-01 7.348766099948276231e-01 3.748948079602134609e-01 3.779192758730911539e-01 8.138766635302685515e-02 2.109281692539142217e-01 3.823661645863105640e-01 8.776518859476565293e-01 6.068580652303091627e-01 8.220851774661146472e-01 1.019919068804719942e-02 6.278730611720390042e-01 5.466264665129357825e-01 8.042092523063844034e-01 5.190968182307662548e-01 7.755228553780699752e-01 2.471235799236459751e-01 6.468643207595464739e-01 5.539930571337023935e-01 6.524840639567303091e-01 1.079434027916158501e-01 4.364682807590959390e-01 2.855325481028784251e-01 1.130617875575704590e-01 5.403299830850865071e-01 8.622718507536359933e-01 2.150990327373136779e-02 8.810738698084756848e-01 4.282820861849835348e-01 8.762261301077913789e-01 5.276954023806810223e-01 6.181276894702165681e-01 1.214645339758535503e-01 9.041595563657564005e-01 4.721418881167315229e-01 7.011753362322670213e-02 9.977271770276833207e-01 5.553771146912790391e-01 2.500640349478606694e-01 5.362296295147886971e-01 8.730937447532525209e-01 3.963016412035997860e-01 6.832736910662359220e-01 2.400864231916902680e-01 4.121998146995136114e-01 3.930327254692554950e-01 5.102611195229266317e-01 9.061811777541231017e-01 3.627531191494377527e-01 1.016215345029213291e-01 3.585462930173444196e-01 3.848366338139561638e-01 4.132558454371748624e-02 3.822244419603901822e-01 7.095321683174837801e-02 4.857766456898586771e-01 3.291537970082049069e-01 2.385673314164460379e-02 1.021055269956626654e-01 7.527819283946445283e-01 1.391946771826766405e-01 9.375210276315222302e-01 3.487742393674251318e-01 7.717686866498418841e-01 1.967919334619964156e-01 9.403266639357893419e-01 3.628459971197013356e-01 5.202225448104056227e+01 4.170520059590521189e-01 9.574939990705831905e-01 6.821604579429634274e-01 9.601679344340718902e-02 3.694559799560769298e-01 6.050115003116630641e-01 5.327447490608839820e-01 3.301803985732387758e-02 7.405786121331763283e-01 9.006395941972243913e-01 5.015430084222839424e-01 4.195600286232481491e-01 7.362905382399095311e-01 3.147699516392620245e-01 6.583737686747690443e-01 8.422658651236394345e-01
4.979453562485397500e-01 5.804673161616393795e-01 7.966098569608379698e-01 4.396905132224416812e-01 7.893423088036890523e-01 5.219836531625676734e-02 1.249216597377362792e-01 9.755063855349905833e-01 7.202477523203376641e-01 1.336930638091580192e-01 1.398673169689834683e-02 3.285935069252906571e-01 2.652351887076896952e-01 4.666171728133952090e-01 6.464507124101538382e-01 7.372203890345897515e-01 9.893910717323981530e-01 6.733051025236936882e-01 7.370650963754026286e-01 4.265013855348875893e-01 6.491053196322154051e-01 9.133484092572767832e-01 8.413374113609961569e-01 1.863438681479512304e-01 2.701037216087276427e-03 1.674058069639138280e-01 9.906083593482405414e-01 5.199898477779231198e-01 9.958324592169921496e-01 3.534653476910627479e-01 9.917577389196435833e-01 8.480116819912387749e-01 4.147931501803726606e-01 5.685043328565664300e-01 8.273792581961471049e-01 6.923750426366284128e-01 6.674996149703321668e-01 3.809248631713066935e-01 2.159628871675138839e-01 1.909004811762030629e-01 9.321250753120831067e-01 2.320580992251888297e-01 6.463534602791864980e-01 8.460599285065584230e-01 9.511223350480535466e-01 6.758672983324550687e-01 1.984765526064913299e-02 2.502117413366308218e-01 2.623334367145290225e-01 6.217551642213542396e-01 7.633963011582327596e-01 6.204855824369802653e-01 5.618037792412090559e-01 9.967178056799926855e-01 9.867060084227756711e-01 4.625567741229587027e-01 4.146240537580132557e-01 3.955055837224807913e-02 2.873454431482034277e-01 6.358389257001112460e-01 7.306024157449282352e-01 5.689681986711740969e-01 2.555326726509434820e-01 1.316120431477566521e-01 8.747257131549013298e-02 6.971795534950787632e-01 7.422749021432131222e-01 5.507424753147944774e-01 3.450223469768975981e-01 7.683093082517781225e-01 5.912126656265552782e-01 4.083524126386286479e-01 7.333351127330123287e-01 1.975241642220869620e-01 6.680816616821688703e-01 1.458671729063237832e-01 5.737121388877933770e-01 9.134293909115347443e-01 4.768436562205667917e-01 3.671695421335693377e-01 6.926876157297285896e-01 9.856989737582791955e-01 9.099860020875724098e-01 4.138286741396401958e-01 5.498023433833509444e+01 5.483593445173229330e-01 5.567873485101861863e-01 2.257994469004884763e-01 7.232195174048768882e-01 7.434271972564933106e-01 8.795143029399492551e-01 7.143995757470269492e-01 7.347550488687971670e-01 4.138834908338219210e-01 1.790780730416344779e-01 5.599550004439517448e-01 2.531324977499056494e-01 5.105472511368234212e-01 1.140330571594113662e-01 2.204328013777889783e-01
3.847656906219525386e-01 4.651590759833357236e-02 1.343643101531338813e-01 4.872156566686386414e-01 6.209134394401751855e-01 7.350621378985109367e-01 5.589732066089679874e-01 8.622501565414699698e-01 9.246229547671978022e-01 8.253747542657797753e-01 9.549274329060367661e-01 7.660203387377558792e-01 2.216501357018881846e-01 7.797872404044470240e-01 8.629691375127322983e-01 5.526494021218044672e-01 1.939115462231236764e-01 2.635595834052795183e-01 8.741514764826947559e-01 3.316451382480886112e-01 6.353233751229604431e-01 9.872324610533661504e-01 9.167890499346486033e-01 8.278746826091696320e-01 2.324059640777351721e-01 3.686775787617946332e-01 1.697664694189909840e-01 5.701688379170903875e-01 3.060412458093065835e-01 2.113801739251292000e-01 4.496790865954890526e-01 3.283609882163730509e-01 4.646937572264585592e-01 3.288515279453985141e-02 1.846177325178323114e-01 2.176850138163977100e-02 3.298210323708683500e-01 4.124875237714321630e-01 9.977867264978733663e-01 9.364497863466464400e-01 5.005756444628831625e-01 4.656664473320533126e-01 2.411527105266645377e-01 9.870071397088853171e-01 2.766589487519384161e-01 8.029280281403070596e-01 4.100944655002506378e-01 1.698182771610967645e-01 8.130730250933595471e-01 1.063238447037143652e-01 9.095521862339518426e-01 5.282629008353514344e-01 5.520204817535607766e-01 8.184107434230182276e-01 2.054816656305089584e-01 9.196197073840122194e-01 7.579753681924793485e-01 1.916807077034642370e-01 3.364465524771220739e-01 7.350683066423540080e-01 2.506888127104625053e-01 4.892549582704541766e-02 6.934595670869962980e-01 4.511674564971279722e-01 7.995682408679072317e-02 5.021178537849214640e-01 5.186940649551712301e-01 2.156672487291989571e-01 5.044704942536768488e-01 4.823649320436594889e-01 9.297550338040807549e-01 4.046795684551086625e-01 7.589990296991899754e-01 2.423619006841526424e-02 7.592300258820543490e-01 9.494902416880899310e-01 1.536696571815551193e-01 9.769013307925725753e-01 6.695090158012507731e-01 3.578638557265263476e-01 4.589778182508057469e-01 1.304791997087095812e-01 7.917485696781532134e-01 8.361679261645057482e-01 5.477756580634104422e-01 5.165508634037971802e+01 1.964753676817364569e-01 4.357020035890811771e-01 3.092714547303417882e-01 7.974905491729918916e-01 5.668977329333249049e-01 9.820123613012187169e-01 1.975770822675748661e-01 7.018534454417469926e-01 7.025601210060961055e-02 2.436118803993957416e-01 5.559787117155924330e-01 7.459046975691510095e-01 1.861026772528451279e-02 8.382827583395703330e-01
3.967294245671315611e-01 2.783712391204673509e-02 7.501813589412386074e-01 8.192231097428098741e-01 8.011800067624400556e-01 7.995948120464284603e-01 5.765370037230369560e-01 9.937227170104799834e-01 1.824020052862428409e-01 6.994683170592429500e-01 7.633589319441869137e-01 2.666982235736981011e-01 9.104140318033279167e-01 8.088806849367922158e-01 1.577067564918016584e-01 7.664020818875350027e-02 2.527462007361428453e-01 2.992063743043404944e-02 1.825385734314000086e-02 7.959346782418931232e-01 6.289439251929618280e-01 9.987017817995025304e-02 1.598764663841629741e-01 2.591039692709680153e-01 3.437046756161278305e-01 4.131725091175849629e-01 5.720863873743263772e-01 4.983694460298320195e-01 5.300294019461047057e-01 8.263632307787975861e-01 5.222664180229941167e-02 2.341872436010176139e-01 4.172794149711840372e-01 7.999886720205551249e-02 8.439270908886489231e-01 1.940732413313320803e-01 6.425985407722309972e-01 8.176412624179884014e-01 5.611486961576179766e-01 3.246333462328967467e-01 2.664931506030454589e-02 9.576971579625228603e-01 4.983600887578574223e-01 9.773057376804230589e-01 4.987623855095544290e-01 5.230051335537135859e-01 8.846040188822161809e-01 1.998148527433494248e-01 1.096474005462444445e-01 3.725819507406921138e-01 5.805939000652708959e-01 2.769734194535633520e-01 7.447664521396072379e-01 6.826066025566620565e-01 8.388707513330390109e-01 4.105548571107082712e-01 7.330048002704839805e-01 8.936453817240802566e-01 3.637058920915596794e-01 3.091682802681000597e-01 3.299943022189925079e-01 4.786458660924197694e-03 9.758988721224770568e-01 7.999238729424940075e-02 6.800346092400662013e-01 1.572512774253143064e-01 7.737346114221788085e-01 4.810192424685495460e-01 7.325350538034793857e-01 4.104278632171038943e-01 2.533884217992938837e-01 9.168721725832033043e-01 5.795060538061707067e-01 3.860317945757768543e-01 5.238272392557316026e-01 8.776559729135363641e-01 9.651196708423841475e-01 7.375833199959044295e-01 3.773220275361209852e-01 6.319379958730683144e-01 1.364249010733025180e-01 8.142299682720308684e-01 5.445291052635075069e-01 3.318006035405801635e-01 7.646401634941121239e-01 2.607658368751628597e-01 5.066357993376242064e+01 4.633093624474575734e-01 4.147028549833349231e-01 9.235855838666837681e-01 2.025815885593139631e-01 8.650664757132677796e-01 2.780016748055053055e-01 7.501061069250392066e-02 7.908153557226423880e-01 8.089689338008533293e-01 9.132032603225170853e-02 3.454576560283003639e-01 6.087070705624866296e-01 1.617392488396722783e-01
8.857007829937992849e-01 4.144043103696087860e-01 9.413818729527044793e-01 3.912144787470464014e-01 9.413893594106373941e-01 7.989439516425602683e-01 9.143973999001701047e-01 6.122030231022324021e-02 8.559448259076906096e-01 1.687232534227335323e-01 3.755532998373736220e-01 4.422391645417383943e-01 8.184863628077152509e-01 9.201694983798976990e-01 4.187275576012472467e-01 4.654807719052579396e-01 7.579280712989100444e-02 1.052691362079370974e-01 7.690197299841595724e-01 9.689137816013756455e-01 1.323756696417774936e-01 3.348193668775335530e-01 3.030520326125899500e-01 8.924472235504958828e-01 5.379194652714984759e-01 1.113351043175292432e-01 3.300407347487570586e-01 9.126855033734766476e-01 4.982400698939596362e-01 5.320711867380248927e-01 2.618494523430286991e-01 3.301985355847014691e-02 6.798408825855322135e-01 5.039329108544184921e-01 3.722524488591494318e-01 7.143520048591035509e-01 4.889811220506601330e-01 2.654615287977133420e-01 2.962548874930870380e-02 7.653925356098257859e-01 6.345533193306659436e-01 1.788139783196692756e-01 6.083958377844611576e-02 1.866401675669624449e-01 8.463193079463363633e-01 9.606667619494287935e-01 9.833147630302094822e-01 7.371385969454937737e-01 1.723287213487841862e-01 7.523441987292069921e-01 6.470048755054925715e-01 3.104696477900837914e-01 5.468316463591197385e-01 5.919029207150384719e-01 7.990050498114974475e-01 1.741409249467482656e-01 1.087368152561315471e-01 2.507122836272859256e-01 9.507276847534356090e-01 2.655921493972579484e-01 4.865228052432227779e-01 5.966781046379125986e-01 8.449917763669998472e-01 1.810690236590144497e-01 8.163141397263752319e-01 5.279257544115023570e-02 6.236169926305601408e-02 7.916943202736744789e-01 9.729141494107040877e-02 4.306528875901476372e-01 9.908558033191401382e-01 9.361259552748258939e-01 8.010743340204681262e-01 8.671818080357529546e-01 5.335305871203072092e-01 2.535775830521886931e-01 1.374083694999106431e-02 8.862613100095478869e-01 6.767293353825378777e-01 2.110796354815647202e-02 7.020743717399428041e-01 8.824091763043264702e-01 6.188099860682811926e-01 9.958850138645646277e-01 7.090795472861646243e-01 6.033069809053823729e-01 4.443297709240074944e-01 5.590097532663789082e+01 8.577288764044483926e-01 1.916965123724250208e-01 9.151946916136288745e-01 2.217231394813136136e-01 9.395582031271787482e-01 9.668072120918630441e-01 9.896413453528493109e-01 5.476531459898347221e-01 7.125231709587261930e-01 8.700411304163824244e-01 8.671879831325008947e-01 5.782545481064155224e-01
7.095913003477624104e-01 1.803046027211349100e-01 5.735256484398725263e-01 9.081964277694690724e-01 9.429958876347801500e-01 7.339824356379235359e-01 8.016732520201983458e-01 1.920841987705854681e-01 5.249401771242785397e-01 1.430205832047743986e-01 9.522868195486912102e-01 3.417212839897745269e-01 4.670946026740218082e-01 8.609544234439238108e-01 7.692857846781403497e-01 2.272914609940123176e-01 9.182523665792143852e-01 7.365960137278837472e-02 5.033247568449359388e-01 6.739736055630994871e-01 9.584721689874616812e-01 2.367669409319563822e-01 3.754706127433750096e-01 4.225366415457187941e-01 8.896478679203113638e-01 7.254047166629256083e-01 2.835734937964851099e-01 4.125991915284368261e-01 1.076237639874518814e-01 4.952171238661042807e-01 4.079894571587805441e-02 1.730853293120606651e-01 9.252220073704452430e-01 7.218042851917830793e-01 5.752816923140194882e-01 8.943246687911013959e-01 4.827324247853151951e-01 5.358714918010765160e-02 8.592094862769816821e-02 1.307106903938407561e-01 6.370789978973125933e-01 5.296063258835147503e-01 4.681925159072262144e-01 7.066552482114661915e-01 9.666020590825463721e-01 6.259641769133523770e-01 4.701243058693428400e-01 1.147509841562366351e-02 5.739954610072942609e-01 1.233204608726806706e-01 1.449758354915231529e-03 7.345376999470695223e-01 2.076215747314741344e-01 6.736599056062043678e-01 4.674210557761869778e-01 6.851852549501701306e-01 2.012348994331402130e-01 2.890552750727573006e-01 5.146480063448665154e-01 2.311007838283238858e-01 9.624582814828696042e-01 5.905172194391341556e-01 9.396872397294498969e-01 4.471460769191234474e-01 1.395498659071507941e-01 2.957120493369228553e-01 4.662261463982045884e-01 7.168218551836504915e-01 2.289002411351321875e-01 1.084893764606038591e-01 4.953655221265502728e-01 9.023167645919248914e-01 5.281664787988531451e-01 9.832075405817788383e-01 4.379671487600422797e-01 2.109636069159226412e-01 5.740591155569974013e-02 8.848490299283329197e-01 8.152321964241131536e-01 2.469226485565506612e-01 9.540844783417188335e-01 5.565264815480759353e-01 4.825996120614172158e-01 3.831757599015883642e-01 9.734191779765434260e-01 2.072219232851955084e-01 7.323969175282116773e-01 8.508443382788741793e-01 5.310515846364371129e+01 8.172486342123835845e-01 9.923788725495573670e-01 5.035224982610631006e-02 4.410770551829219510e-01 8.472771315341615095e-01 7.806227297104434415e-01 9.017728928030678270e-01 1.956389514591274637e-01 3.558677608932987457e-01 5.746441406283739894e-01 8.442371714161922558e-01
4.247316540237944249e-01 7.968337150494717580e-01 1.351421396462676450e-01 6.291288292042546137e-01 8.253653636849811459e-01 6.765868570199528031e-01 3.848999534472964390e-01 5.533348244089010270e-01 5.127444603237668597e-01 4.918021969704416962e-01 7.775013903465550769e-01 4.030781175097416513e-01 9.946909591053976207e-01 8.857415778321569011e-01 2.897837971773438159e-01 6.833255690835325913e-01 4.570616181692632729e-02 5.097308601508354631e-02 8.856639459266901770e-02 3.495690323777150832e-01 7.854668781680210765e-01 8.708342800674141460e-01 3.263697171005560671e-01 2.953299991729111396e-01 4.045748019776962412e-02 3.290133486285775621e-01 9.198746545999567648e-01 9.088729486387296941e-01 8.625074198006287274e-01 1.867894958744272804e-01 2.782166493222600900e-01 8.836025573563281998e-01 4.432970190524110343e-02 4.314648267339203924e-01 3.113591000054448665e-01 2.243711955367748700e-01 8.790262083050053299e-01 7.149522888652222186e-01 8.044536949573150020e-01 3.411528728765513829e-01 3.643479841980057365e-01 1.949802236595556959e-01 9.224824971492752157e-01 1.978660389330225700e-01 7.887003593352222008e-01 7.834826068767357654e-01 5.437210530956702037e-01 1.796502142279383651e-01 1.840915957575086637e-01 2.875217419669293673e-01 7.357621207306560551e-01 5.640698709796563293e-01 2.123123634908112844e-01 2.611149698171489897e-01 6.469106005277301952e-01 5.954711466272784026e-01 9.500501159328594847e-01 8.779928216761577753e-01 4.845845773374454213e-01 9.112866763090964328e-01 2.419103291670271494e-01 4.565089490289976348e-01 4.563920884914480780e-01 5.808401699139812413e-01 5.877117349496463472e-01 5.323684906193990596e-01 1.514771682521295348e-01 3.994612231005755243e-01 5.408584274720845686e-01 2.028310434610924862e-01 1.184061428190548160e-01 4.067919770698728010e-01 1.089128921527240390e-01 3.788409408852879690e-01 1.571576313943898739e-01 1.536399766528079303e-01 6.488480484418809313e-01 4.410039934433281905e-01 1.219815381032741675e-01 5.565403122685446125e-01 3.086517063234567315e-01 7.221641895996772087e-01 4.996942340923228310e-01 4.423529731654269881e-01 9.746762378414012273e-01 1.024787774675075536e-01 1.599742284758030042e-01 1.871303533963125654e-01 7.746279829899582747e-01 4.965795455325025642e+01 9.436457334532053487e-01 4.113549166245726862e-01 6.840688151870789602e-01 3.476001820351865002e-01 7.588430959333805070e-01 7.934594708682798370e-01 6.595559762231631984e-01 1.158319281902767672e-01 2.348878922471291375e-01 4.063385433377111333e-01
4.282876479153108207e-01 3.733796697783005047e-01 1.427745032399827529e-01 6.769641071263463594e-01 4.461201194902031375e-02 7.914157228826496082e-01 8.178302355884267127e-01 1.819902111906204212e-01 3.675315306409043803e-02 9.109935392079423488e-01 7.550608789267794219e-01 3.316604644411588199e-01 1.239199007710701794e-01 9.268306943369846174e-01 6.080712254923037463e-02 2.014441151025222476e-01 8.370017393805673223e-01 4.666176051728259111e-01 7.825772975560978395e-01 8.574416695675821654e-01 2.038070304866768101e-01 6.861982272731620425e-01 4.735368171213431010e-01 9.132023253542549401e-01 6.880561263489222146e-01 5.580914369352985016e-02 6.036195212765046447e-01 4.227855153289784562e-01 7.128354506358344223e-01 8.580125808814429433e-01 5.031767222757748126e-01 8.372572723040254683e-01 6.132526654685770406e-01 6.146982068205643079e-01 5.268661606227907912e-01 9.868150647487387017e-01 9.799005137628846729e-01 8.697961625988285261e-01 9.846363548759122786e-01 7.653046098262484831e-01 7.571558161777069973e-02 7.873103360074003021e-01 8.015925509558990969e-01 9.189518783993226858e-01 9.319534022078715951e-01 1.070539439977969964e-01 6.339116622161171666e-01 3.746226966468136910e-01 1.696294459250426989e-01 8.010723424991754715e-01 2.631724868358313874e-01 2.866125596172680590e-01 3.990720848053391778e-01 2.882983289053044906e-01 2.971127652420696430e-01 8.612055119610415588e-01 3.037696524023957290e-01 9.730145790136826012e-01 4.925585475579126182e-01 4.868385163086010881e-01 5.097960201404528879e-01 4.326936698373610168e-01 6.874853738242797663e-01 4.747722717187907726e-01 7.082982783825156892e-01 6.218988042796156357e-01 7.572663160719620423e-01 3.936399851829035512e-01 1.896754208813057341e-01 8.102779958044670217e-01 4.315126908926708582e-01 7.635174800926383121e-01 9.127565592544603090e-01 5.494595954767678148e-02 5.455882324789868010e-01 2.808370467105014701e-02 2.891326911791624044e-01 5.615088572218390750e-01 3.469855601318518890e-01 5.282088284991949267e-01 2.091428274543184473e-01 9.422609684099381155e-02 8.976528905468903474e-01 2.872127242672661840e-01 1.591022075308397010e-01 2.601234313287301703e-01 4.014242361704255524e-01 7.043788826875196918e-02 5.053097943397689695e-01 5.503751682936621759e-01 5.240599639123725950e+01 5.170389224970030062e-01 2.488652057111534477e-01 6.399936258665730460e-01 2.467380259174903889e-01 9.733190379418473759e-01 4.894999293081347957e-03 6.147870783929302307e-01 9.409411079082664608e-01 3.555366619747188928e-01
2.931059840511626158e-01 2.932893031988587085e-01 8.369291721108146342e-01 6.216908244493226654e-01 7.707527226161555722e-01 1.518724076770495701e-01 7.481617670280413801e-01 3.995318334623034762e-01 5.163004741537250419e-01 8.614751435425093140e-01 7.677819092977899995e-01 2.203393431688146498e-01 8.787931295285981159e-01 1.550333006510481448e-01 2.587269544958887835e-01 3.318449368017271084e-01 7.741265921985389653e-01 6.357997914722707256e-01 4.771340528200246345e-01 4.450451020960719539e-01 3.731348373520876338e-01 4.894650315482679259e-01 4.668534497329211996e-01 7.775781630216961338e-01 2.260458231359312453e-01 7.342737865577821932e-01 3.978318147051669307e-01 1.175484572960086016e-01 3.349098596602100297e-01 4.539728381653854727e-01 3.955446625758556323e-01 7.694549209369946352e-01 3.720058484876421767e-01 4.746363059801315121e-01 1.967406610144408763e-01 3.909803298134091332e-01 4.220680481223771929e-01 6.850199419514108046e-01 7.213415177737880768e-03 7.283369275740123605e-01 5.058251682243473102e-01 1.487162239062115310e-01 5.252425937053505356e-01 9.771185539124721542e-01 9.420767729796436507e-01 2.566517775734959983e-01 4.238089607014996485e-01 5.009720900364473817e-01 1.400065974367132871e-01 2.413229186158739603e-01 9.448798882108722097e-02 2.455801832822361863e-01 4.375264880276183987e-01 9.647771699561471515e-01 1.493988313546167346e-01 5.202373745592796528e-01 4.315755085997344809e-01 7.500429293208108472e-01 7.655828138656304294e-01 5.556452595459224764e-01 7.323133243132506909e-02 2.438279380869097235e-01 7.646162796579891729e-02 5.919257438061316101e-01 2.990245722943405404e-01 6.897846571420941375e-01 8.110924768905247717e-02 9.245161468261375859e-03 1.189663056021773579e-01 4.270329482963063361e-01 7.228429270215480651e-01 6.705955801863827670e-01 3.962270901886415508e-01 1.478041626878446868e-01 3.729104033992840517e-01 3.715855526441903534e-01 1.682629656118814765e-01 6.768059656761746812e-01 5.392416910815698294e-01 8.827785952385399648e-01 4.396404870501648965e-01 1.582888845466589034e-01 4.967534593489829620e-01 7.208702945900575809e-01 8.793973036255501308e-01 6.122156437639363347e-01 4.940719683888515901e-01 3.134079250041079678e-01 8.735955585378096799e-02 5.301545149016165803e-01 1.736215272657433140e-01 4.726540129592007133e+01 6.121716105618101311e-01 4.357208993671830566e-01 8.599883929149787498e-03 9.872568958538580075e-01 2.958813254074670329e-01 6.144339482598973889e-01 9.010164269946593363e-01 4.769188142796823016e-01
9.948197434202987743e-02 8.997840737921229959e-01 3.320250590207005637e-01 4.128908011529131006e-01 4.233456985305400488e-01 8.527919340440875962e-01 2.273989853963086505e-01 3.664559535996092521e-02 5.443575396941114919e-01 5.423396889083403893e-01 5.609876721726073656e-01 9.437738768250859556e-01 3.262259660989876853e-01 2.919695015773818847e-01 5.505852990872470709e-01 7.503488803192028822e-01 1.803715376349527277e-01 3.082425315925557685e-01 8.770313479709247462e-01 5.999078274597752225e-01 1.257435259292203344e-01 3.563731752436589684e-01 1.773325450858351804e-01 8.659080032779896685e-01 1.831191663678313208e-01 6.632205913247635198e-02 1.811665432550445543e-01 4.690357123381660998e-02 9.866440358316963533e-03 9.479232046425213332e-01 7.510601404190111463e-01 2.253503806477686888e-01 2.194305655469175331e-01 7.602016565683744620e-01 1.623893468360992909e-02 9.221450474854838708e-01 3.039790467520451234e-01 1.306581398056521071e-01 3.140074879520637907e-01 5.644645882956755845e-02 2.238316886783869863e-01 9.750971540967455775e-01 8.076850218786167934e-01 4.689261221184848338e-03 6.193731716779601326e-01 6.912845881873976861e-01 5.358002343538214030e-01 6.431200672894193948e-01 7.264637867810153082e-01 9.453404108745712131e-01 5.015170716559900210e-01 2.741373194930915025e-01 3.632562891595936261e-02 8.324570149791904461e-01 6.158201465286126108e-01 5.999916768577481241e-01 9.554681453772346789e-01 7.004406508259792830e-01 4.128565630295941702e-01 1.513575686606513093e-01 1.796806521449718641e-01 2.429698751183558825e-01 2.303438059337834520e-01 3.210393184164201941e-01 8.451900089075634614e-01 6.898169275259362632e-01 2.005671546279655937e-01 7.925112531912681391e-01 9.598467555558845010e-01 1.443487758833846835e-01 3.620692904921281041e-01 9.599777724458596895e-01 7.897071749003750085e-01 1.516737942891022151e-02 7.995037669063771446e-01 5.588832761030132490e-01 7.119103336660227432e-01 9.548949406820087527e-01 7.814222575423279693e-01 4.264230839406322193e-01 3.282222273475473573e-01 9.828813519602774829e-02 1.781380064011305331e-01 3.305615312241820813e-01 7.322708054094647645e-01 3.338414867688425103e-01 1.274368324645732686e-01 8.737768823364722159e-01 3.124651932518791586e-01 4.282180462060063419e-01 5.879983064013936112e-01 8.114680813090365818e-01 4.767378426217656084e+01 1.667411586358784614e-01 7.689496238197995881e-01 9.842878978898299547e-01 3.098916404394069790e-02 1.570647888179256269e-01 1.639558971320783654e-01 1.248491617227768247e-01
7.626000636221555995e-01 3.103105236722850657e-01 9.946470073563640213e-03 5.251163353324785898e-01 9.390084418961319734e-01 7.455851447154722145e-01 4.084424596739568702e-01 2.086739103378627558e-01 2.530900650439823485e-01 2.957612213996974049e-02 9.207561335384828460e-01 3.701182745700533072e-01 2.907826745451193018e-01 2.843959487111645812e-01 2.658084863017160515e-01 3.236785399156182352e-01 4.694472697933390615e-01 1.647471344022050088e-01 9.213952625369773441e-01 7.148962625537914617e-01 5.568388421096092111e-01 6.820256344834019213e-02 3.316940948961700775e-01 9.118117944831313215e-01 4.993327596063169560e-01 9.912585144398091686e-01 7.701218951760816500e-01 4.301461400528193701e-01 2.356713548241133882e-01 2.542707939194016609e-01 5.789477050567181093e-01 1.991195550509942125e-01 2.472747639344530235e-02 8.355029900068269288e-01 6.434679851662084005e-02 9.119013262530539787e-01 6.489816009363437166e-01 4.506159166668134430e-01 3.884178452544315707e-01 4.806583892476934405e-01 3.230613577860047547e-01 1.489168627978691983e-01 3.601516380063646272e-01 6.011794522022686493e-01 8.217925801883118053e-01 6.828491467316666341e-01 1.684971461411710614e-01 6.245230794363045845e-01 7.935051666098005274e-01 3.725098386976820608e-01 3.801738279177604429e-01 6.916792224395849065e-01 7.274724400635579347e-01 3.826899239874503866e-01 3.017313063778817028e-01 3.209638247023527402e-01 8.096937516326010442e-01 8.140628421822162508e-01 3.867867767772066312e-01 6.163600294204328867e-01 9.407077630537488133e-01 1.562453680485982321e-01 9.176835953772434218e-01 4.731213604755925006e-01 4.609208830587050443e-01 6.051715598851673539e-01 3.792928123991068379e-01 8.786979264468022244e-01 5.565521197540648224e-01 5.535268562956309202e-01 5.148770356731539044e-01 5.266655187254400960e-01 9.042699032344313492e-01 2.030325862977547802e-01 6.871801845917493434e-01 1.705013620150108711e-02 3.106375462312740421e-01 3.425547497995062862e-03 9.437134577053495343e-01 1.834285624284711647e-01 5.537278667419012201e-01 6.616174695794253546e-01 2.716108212677531553e-01 2.309807497183560265e-01 1.938876856323540343e-01 9.892680001442302196e-01 1.138770983480195120e-01 7.568254175958306629e-01 4.711888677975717421e-02 3.678334541104645306e-01 4.028372829765225482e-02 4.893761010026981273e-01 3.654913615695447593e-01 4.782721008196642032e+01 1.645247630933166505e-01 4.089809671686639447e-02 9.066937855460713847e-01 1.903695666706072265e-01 3.777863405990729007e-01 7.332873559624648596e-01
2.642576741158911835e-01 9.052157977739322403e-01 7.891170350262888267e-01 1.961877023501366057e-01 6.770298719861030934e-01 6.209704493062040420e-02 7.294849734324050372e-01 5.572425815568375906e-01 4.170627405839291146e-01 8.403951700737323227e-01 7.405590590622179725e-02 5.212005021669118277e-01 8.315081528910293063e-01 5.572311732623230762e-01 8.863272750170435588e-01 3.480125532226382434e-01 2.168884142633675793e-01 4.835879741974645762e-01 4.621871083543727110e-01 2.702689935655169240e-01 6.685943802043565753e-01 5.871872680338950934e-01 1.486578090140856512e-01 6.477732547761994031e-01 7.502112220373429174e-01 2.774587396615256774e-01 2.353888322037964720e-01 2.094216797749256509e-01 5.026000408514970097e-01 1.939962299577413507e-02 8.570494273579569722e-01 3.056742635628407756e-01 9.141490690576853373e-01 8.122556273699489404e-01 3.018471482777757009e-01 2.766154172754210494e-01 4.225332945808668583e-02 8.795051809935430231e-01 2.658636547604147360e-01 2.156124493948490262e-01 3.422907236876717718e-01 4.004818263342120321e-01 9.095412077677558216e-01 2.501693583602275783e-01 9.649275732505366854e-01 2.853197657247759089e-01 1.755840164648392321e-02 4.975644446448401759e-02 2.285430000501758041e-01 5.837985065354008851e-01 6.654225851281002635e-01 8.753753334151047616e-01 6.770628426280399514e-01 1.728520662576966682e-01 3.503462003111301737e-01 4.879238490734169043e-01 9.961670218790499298e-01 4.817829666180977188e-01 1.812176206029986192e-01 2.357869740303657480e-01 5.257487578258684957e-01 7.333055231484087999e-01 3.817570661087676953e-01 1.157745413929708311e-01 8.377410951887099833e-01 3.890016866169310195e-01 4.277849026288155221e-01 3.064054224508405699e-01 4.273491979359783643e-01 3.306467004459315850e-01 2.015742077425547452e-01 7.896214915269418322e-01 6.773053473036656502e-01 6.017760301107755172e-02 3.235018010177634906e-01 9.388158191478886971e-01 8.061859708686014425e-01 4.928089223801914720e-01 6.996606254122449409e-01 2.145830364589654815e-01 2.335079280966056992e-01 4.948681844930763463e-01 3.439246740443864248e-01 2.854274443086237678e-01 1.385299433453746065e-01 1.531249538946740651e-01 4.697115721678357669e-01 6.617292980370759192e-02 8.155902965263300830e-01 3.378597547085471220e-01 3.042346234326626098e-01 1.246633283980703721e-01 8.133987810929367290e-01 8.301909864528622673e-01 4.702707940501989015e+01 7.079606851976232296e-01 4.359683854395471903e-01 6.119279501822484368e-01 2.098025277661439425e-01 5.357348044839338463e-01
6.985968806444367019e-01 4.909050367213058097e-01 1.597034779374449931e-01 7.798232722229375691e-01 6.104210792554723986e-01 9.047992866578676852e-01 5.849809537043050289e-01 3.569738392833305962e-01 5.718476052119968456e-01 9.394127316106136716e-01 8.618185347918160266e-01 2.740539382086082387e-01 4.608291430272978273e-01 6.189949317473653068e-01 5.386257985803020176e-01 7.728469003969643536e-01 2.840639268179124821e-01 5.418273455253460602e-01 4.273623343529894258e-01 3.051733970331942380e-01 9.680889782183542680e-01 9.685687529076821844e-01 5.466938214052960987e-01 3.822668226133429936e-02 9.704947144776361334e-01 2.532164432085726169e-02 7.208645740250430034e-01 8.554994339050890906e-01 1.991508370961481145e-02 6.865848913252809993e-01 8.494042946763260549e-01 7.749421848690957182e-01 2.036934024188152836e-02 1.573446950470143157e-01 4.962420863862698761e-01 8.449154293851892650e-01 9.460232681178635250e-01 8.705860742254318829e-01 6.137077350105589746e-01 8.257336599224875950e-01 8.298934546869285445e-02 8.169127151300277223e-01 2.432414139279787113e-01 4.001637863172753384e-01 9.810074001376641872e-01 7.748627143164331654e-01 4.826799199575598776e-01 7.166053293657922429e-01 5.736667932399658332e-01 1.477365155834344801e-01 6.900987912662877033e-01 2.036714697132770979e-01 5.349542227613797163e-01 4.892238026626575254e-01 6.306229742597873056e-01 4.344364462859818810e-01 6.184925558226116449e-01 2.334193850873157450e-01 4.630802590731852852e-01 8.842970222622337229e-01 6.564147941678527554e-01 5.897064542639832707e-01 6.669637657433705735e-01 4.531741672363421847e-01 5.356304652101773200e-02 8.498013361529775933e-01 6.437530899847888621e-01 3.477436556664265099e-01 4.535815612366974614e-01 3.237482172211204601e-01 1.973187020005203740e-01 6.902135730465934760e-01 4.602826946254916507e-01 8.215768304968218416e-02 7.582093809331063028e-01 6.869075899531197349e-01 3.616797136837608395e-01 9.007489582145289386e-02 8.012828753364451551e-01 9.372039895738237814e-02 2.968663909324780192e-01 9.510425343610017235e-01 1.797132478479379625e-01 5.216246695953065116e-01 8.643887617990259065e-01 6.355978127442019066e-01 6.118414423368215838e-01 2.044963300869460099e-01 2.973818983826048701e-02 9.251527745488519194e-01 7.281206447637446066e-01 8.211657680824430150e-01 1.571507991970744200e-01 8.236021296223605681e-01 2.798393574149483642e-01 5.349638207706392734e+01 1.021862921976716132e-01 5.765707163885993580e-01 1.151931603231850509e-01 3.480032457677751934e-01
2.816901163718030787e-01 6.301320769807033928e-01 7.472202814985751118e-01 4.383860177774242528e-01 4.622128954789436195e-01 4.427234964971660247e-03 1.241790813421985717e-01 6.460274070215715758e-01 7.140092925114962519e-01 3.198063217717606044e-01 1.412068388526007690e-01 2.264753703808598528e-01 5.131186910769219844e-01 4.738883837519386466e-01 9.847933841266143240e-01 9.872340073192515941e-01 6.385150841914452036e-01 2.499987523023772251e-02 3.073244717727318109e-01 3.422604598452920754e-01 5.637932153296005833e-01 5.716300003726725310e-01 1.385444328969875905e-01 5.184829774837307337e-02 9.092267562956991567e-01 9.582264089327138246e-01 8.260960250546388606e-01 7.524706814735242499e-01 4.013405359980636300e-01 2.212747863409596505e-01 2.007443540672457782e-01 4.428996069854035378e-01 7.825894630745341418e-01 2.603777787956648160e-01 3.431504377741274592e-01 9.382345116832945253e-01 7.021376899932886273e-01 3.783127841670883562e-01 5.524461908130564591e-01 3.587696275915475130e-02 7.725481545987991083e-01 9.344737411598444954e-01 5.915401088484497638e-01 8.211159909651112310e-01 3.164727400842338723e-01 3.095490660136253069e-01 4.953579434072374887e-03 3.670730000835923379e-01 1.918706371883152073e-01 8.830555722667106089e-01 6.431672280901801209e-01 2.490712596311477345e-01 2.741087779756460341e-01 6.701322962831312013e-01 2.160969666764601671e-01 5.905563965145527172e-01 8.753678359310325119e-01 8.735871921716880095e-01 5.540501515871009142e-01 1.280620286711378064e-01 1.253537191891493929e-01 1.570185239310902814e-01 8.319569031684240779e-01 1.342893692971609543e-01 7.435772321559123155e-01 5.675283223748960326e-01 2.012363161774084475e-01 2.456483205544125470e-01 1.213805282637686611e-01 3.437209240571627022e-01 1.660011839565285197e-01 4.564735102600353533e-01 5.460358548835796411e-01 6.650402024670101220e-01 6.102020008092560177e-01 6.127904939536902296e-01 1.208205126322178247e-01 9.679846815622975553e-01 8.068612589941714930e-01 9.624633818754187997e-01 8.012563860563234330e-01 4.138005566253385448e-01 5.841659727389260093e-01 3.349192605836186498e-01 3.181642681216352297e-01 2.067417182069147819e-01 5.809227859946468620e-01 1.225411716297892806e-01 4.827139078834894459e-01 4.697573652498766572e-01 6.740904115697567978e-01 7.627875005497123384e-01 2.882362540311380616e-01 4.614408405756740272e-01 6.829769720281836376e-01 7.327227856836285858e-01 5.030615615708667576e+01 7.689835696258502384e-01 6.691008030904512793e-01 9.776700853087108012e-01
9.526273260404378718e-01 1.400314914417484236e-01 1.115562140295882632e-01 7.195112716433075262e-01 5.287333404200292852e-01 9.674276027300594549e-01 6.097516025292107900e-01 5.481370719054002860e-01 7.625436638176775750e-01 3.699620696734217118e-01 8.626894660200451481e-01 6.439895128880325226e-01 8.870981219591866918e-01 4.438916132852227525e-01 7.581669041012017995e-01 2.936099952309690897e-01 3.025981286321099972e-01 1.916015645241784249e-01 1.500074250144208809e-01 6.788111768650956224e-01 2.249169695454569240e-01 9.599302870761161621e-01 1.438752519865890145e-01 3.533042705623999913e-01 8.657470292464435335e-01 4.297518258609497321e-01 6.498356950458730186e-01 5.678654760095704912e-01 6.868985568095318239e-01 3.620865252634004605e-01 7.344492883261924954e-01 3.758760692525643377e-01 1.761737998773779124e-01 3.045864819200001516e-01 3.110296248864248270e-01 3.711521798376188341e-01 8.485649913223007879e-01 8.372439521403919338e-01 1.614958097133772918e-01 9.128283211668561936e-01 8.683653037317640155e-02 2.895174333269912026e-01 1.348417711270515351e-01 1.446424804781980544e-01 3.342856584002518172e-01 1.107054122018771292e-01 5.623419994009762890e-01 6.025337591002412063e-01 2.889919793717874441e-01 2.399536986914325709e-01 5.263542994227564664e-01 4.547323874019200129e-01 2.397630042078624513e-02 2.209503374474520720e-01 6.031373337943588542e-01 5.241775291749394272e-01 9.243046875306446530e-01 5.790819900802488540e-01 4.917448957344863203e-01 8.035201489933423424e-01 6.776434556679379329e-01 8.807817506128549079e-01 3.364877441391729285e-01 3.000566183197561632e-01 1.631553720202709723e-01 4.211891905313615014e-01 8.062533038451404899e-01 2.519907301613412143e-01 9.762069989805399750e-02 9.329694629003454365e-01 9.918439076894449702e-01 1.581329638564513695e-01 2.856299509376288848e-01 2.105059908946442793e-01 2.366802014786834052e-01 9.769931643013342049e-01 8.445017065724502725e-01 8.492486606892669654e-01 7.007201699094423031e-01 7.160978924988120609e-01 8.485653678488596086e-01 8.619697034192792540e-01 8.350865380892380507e-01 2.805550819773461324e-02 2.177992714168519583e-01 6.580732804938947966e-01 5.812271686182529651e-01 4.676480917320970931e-01 8.849252207489238797e-01 8.873189660705772530e-01 1.160362909318196634e-01 3.452133689125892468e-01 7.607438063492190095e-01 1.567680607161718864e-01 7.233974984403928055e-01 9.925503909204789199e-01 9.572947658982051689e-01 5.188551021273104880e+01 6.820876592975178010e-02 3.321089300303554648e-01
9.800787490591615914e-01 2.787214774000195128e-01 4.240032344321441604e-01 4.806291439232517337e-01 3.358731573825294303e-01 6.910455272293131168e-01 7.932755744265466147e-01 8.817723273587729782e-01 7.133682248974018147e-01 6.994618401388483786e-01 6.539743799807059554e-01 3.083479528642676382e-01 8.754582353679298823e-01 6.701695820620340305e-01 2.750912495514751255e-01 7.999545697618045681e-01 2.349154577815085743e-01 9.972647384582143948e-01 2.667346744139488246e-01 2.632999550638656094e-01 6.597042869811674537e-01 6.526622772363175340e-01 1.667277342156017195e-01 5.587643403224400451e-01 3.695605273144006997e-01 9.110582637267545802e-01 3.133115274354556501e-01 9.431755391973991598e-01 3.811424324905597905e-01 5.515590998691400904e-01 1.035302147853099930e-01 6.783025595790851403e-01 7.710716898441836165e-01 2.983553389806434808e-01 8.528378395132929501e-02 1.020243839877339465e-01 9.970694080029873785e-02 2.839986390971295238e-01 5.791290666467222570e-01 4.794294093292087444e-01 7.405087632832565436e-01 6.940978056463474877e-01 5.117101682919111827e-02 6.519472511533680459e-01 1.373783809335903383e-01 5.374003317991672413e-01 7.756851243971718546e-01 6.750981602016031813e-01 5.540673066649659528e-02 4.095086096947074816e-01 8.590955460787673692e-01 6.846612028356120483e-01 6.952830875740190208e-01 3.161732897964735223e-01 2.010688177185533387e-01 3.809074631176342374e-01 1.966937376420094807e-01 7.627073600538464282e-01 3.949605770425490547e-01 8.578510539432508963e-01 3.241981463300480648e-01 3.106859399390166088e-01 7.448572865139093668e-01 6.132522829882817161e-01 8.967182460276402756e-01 2.872126354728887776e-03 7.605671677129025587e-01 2.292532258754712560e-01 8.183054352469355530e-01 3.310625288872718341e-01 2.104638983338308345e-01 4.510486745841016942e-01 7.945304175464864560e-01 4.091249196891040274e-01 4.207658278708119592e-01 1.057153976803848483e-02 7.463951311751706452e-01 9.775128322451950291e-01 8.629560511768930020e-02 7.232044585028519768e-01 4.941176595820581108e-01 7.045085917355631278e-02 7.748241951742336209e-01 1.441965753340066492e-01 4.150136745216091994e-01 8.831386018377042069e-01 9.164528133841353119e-01 7.461496514270282709e-02 3.968491237775849667e-01 3.689817585816170808e-01 2.065746164467952006e-02 1.823362761145438382e-01 4.771486926661306915e-01 5.081386903905027452e-03 2.894569172943353141e-01 2.387214000335672326e-01 2.398729135695373271e-01 7.845637228739561486e-01 4.985319878259021920e+01 8.485096075241144176e-01
6.649501485406282830e-01 4.406129482678208253e-01 1.597738164113979842e-01 8.077151025581613686e-01 6.229489661574397763e-01 8.694412992131270723e-01 8.170928293555266286e-01 3.083319808277300567e-01 9.809650686283367671e-01 3.181560167894674773e-01 5.790458299826096722e-01 5.391998242167838074e-01 9.558911211822354037e-01 8.314019969358128481e-01 3.424196681867625047e-01 2.187101785399019338e-01 8.952033824750064150e-01 3.976346454119481511e-01 3.648894635561565902e-01 1.247541060237122856e-01 2.421541542196903318e-02 7.257478385944738930e-01 4.177634557413597571e-01 6.805558183567331776e-01 3.448870154920905540e-01 6.380656398551329822e-01 6.821790306378481272e-01 9.030246545093838506e-01 9.406092146559271727e-01 9.262149974871555225e-01 9.461490863932869866e-01 7.651568898702498789e-02 1.659987880490210177e-01 8.569992388434070074e-01 8.796062897613079468e-01 1.207814947318528453e-01 6.924459263970860201e-01 1.397819567170844879e-01 1.266038207112796243e-03 4.493731528897680905e-01 1.545806670418965467e-01 5.773901120962827704e-01 9.415307432335642268e-01 2.934364678388766690e-01 6.028220272275996994e-01 6.225381990913677610e-01 2.090022140590043209e-01 9.723100234715712498e-01 4.020619795956364984e-01 4.806767419205545400e-01 8.422470223848784743e-01 5.934735956127684675e-01 9.092781101064926208e-01 7.832380842601126547e-01 1.596239006595567833e-01 5.379217393491477761e-01 9.150197558717000357e-01 9.472245432467623072e-01 2.111731852405781540e-01 7.005411074578488106e-01 6.836315754928572463e-01 4.067523554464792523e-01 4.316303460315835672e-01 9.295426620734559275e-01 2.262798664357013045e-02 1.673047458557230804e-03 2.282578303397302388e-01 4.578256409649364977e-01 4.878426154972723694e-01 2.098878409647542131e-02 9.832878113471184012e-01 5.513878020889545484e-01 4.246993648325432247e-01 1.551551902950480955e-01 4.849918731000553151e-01 6.532319687540253383e-01 2.972285033457287007e-01 9.240440618638118275e-01 6.780480075944826934e-01 7.834734511264788148e-01 2.285028529340487058e-01 6.264712887452053014e-01 3.402442218159147380e-01 5.012581579277408661e-01 5.781525462137281357e-01 4.587020931908381005e-02 1.269421575340393682e-01 8.959266991758525478e-01 7.491731182198496652e-01 1.380280402748949031e-01 1.168227537383428327e-01 7.547093343168198576e-02 8.465059039126464624e-01 9.966681163032448110e-01 8.455078762032200990e-01 6.557176256062892117e-01 6.124561524369306342e-01 9.497248771931288136e-01 1.668036980130365166e-01 5.402303474679668938e+01
